/*******************************************************************************
 * Size: 28 px
 * Bpp: 4
 * Opts: --font fonts\Orbitron\static\Orbitron-Black.ttf -r 0x20-0x7E --size 28 --format lvgl -o src\ui\fonts\orbitron_black_28.c --bpp 4 --no-compress --lv-font-name orbitron_black_28
 ******************************************************************************/

#ifdef LV_LVGL_H_INCLUDE_SIMPLE
#include "lvgl.h"
#else
#include <lvgl.h>
#endif

#ifndef ORBITRON_BLACK_28
#define ORBITRON_BLACK_28 1
#endif

#if ORBITRON_BLACK_28

/*-----------------
 *    BITMAPS
 *----------------*/

/*Store the image of the glyphs*/
static LV_ATTRIBUTE_LARGE_CONST const uint8_t glyph_bitmap[] = {
    /* U+0020 " " */

    /* U+0021 "!" */
    0x6f, 0xff, 0xe6, 0xff, 0xfe, 0x6f, 0xff, 0xe6,
    0xff, 0xfe, 0x6f, 0xff, 0xe6, 0xff, 0xfe, 0x6f,
    0xff, 0xe6, 0xff, 0xfe, 0x6f, 0xff, 0xe6, 0xff,
    0xfe, 0x6f, 0xff, 0xe6, 0xff, 0xfe, 0x6f, 0xff,
    0xe6, 0xff, 0xfe, 0x25, 0x55, 0x41, 0x33, 0x33,
    0x6f, 0xff, 0xe6, 0xff, 0xfe, 0x6f, 0xff, 0xe6,
    0xff, 0xfe,

    /* U+0022 "\"" */
    0xff, 0xff, 0x4e, 0xff, 0xf5, 0xff, 0xff, 0x4e,
    0xff, 0xf5, 0xff, 0xff, 0x4e, 0xff, 0xf5, 0xff,
    0xff, 0x4e, 0xff, 0xf5, 0xff, 0xff, 0x4e, 0xff,
    0xf5, 0x88, 0x88, 0x28, 0x88, 0x82,

    /* U+0023 "#" */
    0x0, 0x0, 0x0, 0x3, 0xff, 0xff, 0x30, 0x0,
    0xff, 0xff, 0x50, 0x0, 0x0, 0x0, 0x8f, 0xff,
    0xd0, 0x0, 0x5f, 0xff, 0xf0, 0x0, 0x0, 0x0,
    0xe, 0xff, 0xf7, 0x0, 0xa, 0xff, 0xfa, 0x0,
    0x0, 0x0, 0x3, 0xff, 0xff, 0x20, 0x0, 0xff,
    0xff, 0x40, 0x5, 0xff, 0xff, 0xff, 0xff, 0xff,
    0xff, 0xff, 0xff, 0xff, 0xf0, 0x5f, 0xff, 0xff,
    0xff, 0xff, 0xff, 0xff, 0xff, 0xff, 0xff, 0x5,
    0xff, 0xff, 0xff, 0xff, 0xff, 0xff, 0xff, 0xff,
    0xff, 0xf0, 0x5f, 0xff, 0xff, 0xff, 0xff, 0xff,
    0xff, 0xff, 0xff, 0xff, 0x1, 0x33, 0x3e, 0xff,
    0xfa, 0x33, 0x3c, 0xff, 0xfc, 0x33, 0x30, 0x0,
    0x1, 0xff, 0xff, 0x40, 0x0, 0xef, 0xff, 0x70,
    0x0, 0x0, 0x0, 0x6f, 0xff, 0xf0, 0x0, 0x3f,
    0xff, 0xf2, 0x0, 0x0, 0x33, 0x3b, 0xff, 0xfd,
    0x33, 0x39, 0xff, 0xff, 0x33, 0x30, 0x1f, 0xff,
    0xff, 0xff, 0xff, 0xff, 0xff, 0xff, 0xff, 0xff,
    0x31, 0xff, 0xff, 0xff, 0xff, 0xff, 0xff, 0xff,
    0xff, 0xff, 0xf3, 0x1f, 0xff, 0xff, 0xff, 0xff,
    0xff, 0xff, 0xff, 0xff, 0xff, 0x31, 0xff, 0xff,
    0xff, 0xff, 0xff, 0xff, 0xff, 0xff, 0xff, 0xf3,
    0x0, 0x2f, 0xff, 0xf1, 0x0, 0xf, 0xff, 0xf4,
    0x0, 0x0, 0x0, 0x7, 0xff, 0xfc, 0x0, 0x5,
    0xff, 0xfe, 0x0, 0x0, 0x0, 0x0, 0xdf, 0xff,
    0x70, 0x0, 0xaf, 0xff, 0xa0, 0x0, 0x0, 0x0,
    0x2f, 0xff, 0xf2, 0x0, 0xf, 0xff, 0xf5, 0x0,
    0x0, 0x0,

    /* U+0024 "$" */
    0x0, 0x0, 0x0, 0x0, 0x14, 0x44, 0x40, 0x0,
    0x0, 0x0, 0x0, 0x0, 0x0, 0x0, 0x4, 0xff,
    0xff, 0x0, 0x0, 0x0, 0x0, 0x0, 0x0, 0x0,
    0x0, 0x4f, 0xff, 0xf0, 0x0, 0x0, 0x0, 0x0,
    0x2, 0xbf, 0xff, 0xff, 0xff, 0xff, 0xff, 0xff,
    0xe8, 0x0, 0x3, 0xff, 0xff, 0xff, 0xff, 0xff,
    0xff, 0xff, 0xff, 0xfc, 0x0, 0xbf, 0xff, 0xff,
    0xff, 0xff, 0xff, 0xff, 0xff, 0xff, 0xf6, 0xf,
    0xff, 0xff, 0xff, 0xff, 0xff, 0xff, 0xff, 0xff,
    0xff, 0xa0, 0xff, 0xff, 0x63, 0x37, 0xff, 0xff,
    0x33, 0x3a, 0xff, 0xfb, 0xf, 0xff, 0xf3, 0x0,
    0x5f, 0xff, 0xf0, 0x0, 0x8e, 0xee, 0xa0, 0xff,
    0xff, 0x30, 0x5, 0xff, 0xff, 0x0, 0x0, 0x0,
    0x0, 0xf, 0xff, 0xf3, 0x0, 0x5f, 0xff, 0xf0,
    0x0, 0x0, 0x0, 0x0, 0xff, 0xff, 0xff, 0xff,
    0xff, 0xff, 0xff, 0xff, 0xe8, 0x0, 0xc, 0xff,
    0xff, 0xff, 0xff, 0xff, 0xff, 0xff, 0xff, 0xfc,
    0x0, 0x4f, 0xff, 0xff, 0xff, 0xff, 0xff, 0xff,
    0xff, 0xff, 0xf6, 0x0, 0x5e, 0xff, 0xff, 0xff,
    0xff, 0xff, 0xff, 0xff, 0xff, 0xa0, 0x0, 0x2,
    0x33, 0x37, 0xff, 0xff, 0x33, 0x3a, 0xff, 0xfb,
    0x0, 0x0, 0x0, 0x0, 0x5f, 0xff, 0xf0, 0x0,
    0x9f, 0xff, 0xb0, 0xdd, 0xdd, 0x30, 0x5, 0xff,
    0xff, 0x0, 0x9, 0xff, 0xfb, 0xf, 0xff, 0xf6,
    0x33, 0x7f, 0xff, 0xf3, 0x33, 0xaf, 0xff, 0xb0,
    0xff, 0xff, 0xff, 0xff, 0xff, 0xff, 0xff, 0xff,
    0xff, 0xfa, 0xb, 0xff, 0xff, 0xff, 0xff, 0xff,
    0xff, 0xff, 0xff, 0xff, 0x60, 0x2f, 0xff, 0xff,
    0xff, 0xff, 0xff, 0xff, 0xff, 0xff, 0xb0, 0x0,
    0x2b, 0xff, 0xff, 0xff, 0xff, 0xff, 0xff, 0xfe,
    0x80, 0x0, 0x0, 0x0, 0x0, 0x4, 0xff, 0xff,
    0x0, 0x0, 0x0, 0x0, 0x0, 0x0, 0x0, 0x0,
    0x4f, 0xff, 0xf0, 0x0, 0x0, 0x0, 0x0, 0x0,
    0x0, 0x0, 0x4, 0xff, 0xff, 0x0, 0x0, 0x0,
    0x0,

    /* U+0025 "%" */
    0x1, 0xaf, 0xff, 0xfd, 0x60, 0x0, 0x0, 0x0,
    0x0, 0x0, 0x7f, 0x80, 0x0, 0xdf, 0xff, 0xff,
    0xff, 0x70, 0x0, 0x0, 0x0, 0x0, 0x9f, 0xf8,
    0x0, 0x6f, 0xff, 0xff, 0xff, 0xff, 0x0, 0x0,
    0x0, 0x0, 0xbf, 0xff, 0x80, 0xa, 0xff, 0xfb,
    0xae, 0xff, 0xf3, 0x0, 0x0, 0x1, 0xcf, 0xff,
    0xf8, 0x0, 0xaf, 0xfe, 0x0, 0x5f, 0xff, 0x30,
    0x0, 0x2, 0xef, 0xff, 0xff, 0x50, 0xa, 0xff,
    0xd0, 0x5, 0xff, 0xf3, 0x0, 0x4, 0xff, 0xff,
    0xff, 0x40, 0x0, 0xaf, 0xff, 0x97, 0xcf, 0xff,
    0x30, 0x6, 0xff, 0xff, 0xfe, 0x20, 0x0, 0x6,
    0xff, 0xff, 0xff, 0xff, 0xf0, 0x8, 0xff, 0xff,
    0xfc, 0x10, 0x0, 0x0, 0xd, 0xff, 0xff, 0xff,
    0xf7, 0xa, 0xff, 0xff, 0xfa, 0x0, 0x0, 0x0,
    0x0, 0x1a, 0xff, 0xff, 0xd6, 0x1c, 0xff, 0xff,
    0xf8, 0x0, 0x0, 0x0, 0x0, 0x0, 0x0, 0x0,
    0x0, 0x2d, 0xff, 0xff, 0xf6, 0x15, 0x77, 0x75,
    0x10, 0x0, 0x0, 0x0, 0x0, 0x3e, 0xff, 0xff,
    0xe4, 0x4f, 0xff, 0xff, 0xff, 0x40, 0x0, 0x0,
    0x0, 0x5f, 0xff, 0xff, 0xd2, 0xe, 0xff, 0xff,
    0xff, 0xff, 0x10, 0x0, 0x0, 0x7f, 0xff, 0xff,
    0xc1, 0x5, 0xff, 0xff, 0xff, 0xff, 0xf5, 0x0,
    0x0, 0x9f, 0xff, 0xff, 0xa0, 0x0, 0x6f, 0xff,
    0x40, 0x3f, 0xff, 0x70, 0x0, 0xbf, 0xff, 0xff,
    0x70, 0x0, 0x6, 0xff, 0xf1, 0x0, 0xff, 0xf7,
    0x0, 0x4f, 0xff, 0xff, 0x50, 0x0, 0x0, 0x6f,
    0xff, 0xa7, 0xaf, 0xff, 0x70, 0x4, 0xff, 0xfe,
    0x30, 0x0, 0x0, 0x3, 0xff, 0xff, 0xff, 0xff,
    0xf4, 0x0, 0x4f, 0xfd, 0x20, 0x0, 0x0, 0x0,
    0xb, 0xff, 0xff, 0xff, 0xfb, 0x0, 0x4, 0xfb,
    0x0, 0x0, 0x0, 0x0, 0x0, 0x8, 0xef, 0xff,
    0xe8, 0x0,

    /* U+0026 "&" */
    0x0, 0x7, 0xdf, 0xff, 0xff, 0xff, 0xff, 0xff,
    0xd7, 0x0, 0x0, 0x0, 0x0, 0x9f, 0xff, 0xff,
    0xff, 0xff, 0xff, 0xff, 0xff, 0xa0, 0x0, 0x0,
    0x3, 0xff, 0xff, 0xff, 0xff, 0xff, 0xff, 0xff,
    0xff, 0xf3, 0x0, 0x0, 0x7, 0xff, 0xff, 0xff,
    0xff, 0xff, 0xff, 0xff, 0xff, 0xf7, 0x0, 0x0,
    0x8, 0xff, 0xfd, 0x44, 0x44, 0x44, 0x44, 0x4d,
    0xff, 0xf8, 0x0, 0x0, 0x8, 0xff, 0xfc, 0x0,
    0x0, 0x0, 0x0, 0x9, 0xbb, 0xb5, 0x0, 0x0,
    0x8, 0xff, 0xfc, 0x0, 0x0, 0x0, 0x0, 0x0,
    0x0, 0x0, 0x0, 0x0, 0x7, 0xff, 0xfe, 0x60,
    0x0, 0x0, 0x0, 0x0, 0x0, 0x0, 0x0, 0x0,
    0x8, 0xff, 0xff, 0xfd, 0x50, 0x0, 0x0, 0x0,
    0x0, 0x0, 0x0, 0x0, 0x2f, 0xff, 0xff, 0xff,
    0xfd, 0x50, 0x0, 0x0, 0x44, 0x44, 0x10, 0x0,
    0x7f, 0xff, 0xff, 0xff, 0xff, 0xfd, 0x50, 0x0,
    0xff, 0xff, 0x40, 0x0, 0x8f, 0xff, 0xd9, 0xff,
    0xff, 0xff, 0xfd, 0x50, 0xff, 0xff, 0x40, 0x0,
    0x8f, 0xff, 0xc0, 0x19, 0xff, 0xff, 0xff, 0xfd,
    0xff, 0xff, 0x40, 0x0, 0x8f, 0xff, 0xc0, 0x0,
    0x19, 0xff, 0xff, 0xff, 0xff, 0xff, 0x40, 0x0,
    0x8f, 0xff, 0xc0, 0x0, 0x0, 0x19, 0xff, 0xff,
    0xff, 0xff, 0xa1, 0x0, 0x8f, 0xff, 0xd3, 0x33,
    0x33, 0x33, 0x5c, 0xff, 0xff, 0xff, 0xff, 0x60,
    0x7f, 0xff, 0xff, 0xff, 0xff, 0xff, 0xff, 0xff,
    0xff, 0xff, 0xff, 0xf7, 0x3f, 0xff, 0xff, 0xff,
    0xff, 0xff, 0xff, 0xff, 0xff, 0xff, 0xff, 0xf7,
    0x9, 0xff, 0xff, 0xff, 0xff, 0xff, 0xff, 0xff,
    0xff, 0xf8, 0xdf, 0xf7, 0x0, 0x6d, 0xff, 0xff,
    0xff, 0xff, 0xff, 0xff, 0xfc, 0x40, 0x6, 0xe7,
    0x0, 0x0, 0x0, 0x0, 0x0, 0x0, 0x0, 0x0,
    0x0, 0x0, 0x0, 0x2,

    /* U+0027 "'" */
    0x5f, 0xff, 0xf5, 0xff, 0xff, 0x5f, 0xff, 0xf5,
    0xff, 0xff, 0x5f, 0xff, 0xf3, 0x99, 0x98,

    /* U+0028 "(" */
    0x0, 0x7d, 0xff, 0x50, 0x9f, 0xff, 0xf5, 0x3f,
    0xff, 0xff, 0x57, 0xff, 0xff, 0xf5, 0x8f, 0xff,
    0xc3, 0x18, 0xff, 0xfb, 0x0, 0x8f, 0xff, 0xb0,
    0x8, 0xff, 0xfb, 0x0, 0x8f, 0xff, 0xb0, 0x8,
    0xff, 0xfb, 0x0, 0x8f, 0xff, 0xb0, 0x8, 0xff,
    0xfb, 0x0, 0x8f, 0xff, 0xb0, 0x8, 0xff, 0xfb,
    0x0, 0x8f, 0xff, 0xb0, 0x8, 0xff, 0xfc, 0x31,
    0x7f, 0xff, 0xff, 0x53, 0xff, 0xff, 0xf5, 0x9,
    0xff, 0xff, 0x50, 0x7, 0xdf, 0xf5,

    /* U+0029 ")" */
    0x7f, 0xfd, 0x60, 0x7, 0xff, 0xff, 0x90, 0x7f,
    0xff, 0xff, 0x27, 0xff, 0xff, 0xf7, 0x13, 0xdf,
    0xff, 0x80, 0xd, 0xff, 0xf8, 0x0, 0xdf, 0xff,
    0x80, 0xd, 0xff, 0xf8, 0x0, 0xdf, 0xff, 0x80,
    0xd, 0xff, 0xf8, 0x0, 0xdf, 0xff, 0x80, 0xd,
    0xff, 0xf8, 0x0, 0xdf, 0xff, 0x80, 0xd, 0xff,
    0xf8, 0x0, 0xdf, 0xff, 0x81, 0x3d, 0xff, 0xf8,
    0x7f, 0xff, 0xff, 0x77, 0xff, 0xff, 0xf2, 0x7f,
    0xff, 0xf8, 0x7, 0xff, 0xd6, 0x0,

    /* U+002A "*" */
    0x0, 0x0, 0xf, 0xff, 0xf6, 0x0, 0x0, 0x0,
    0x0, 0xf, 0xff, 0xf6, 0x0, 0x0, 0x1, 0xa5,
    0xf, 0xff, 0xf6, 0x28, 0x70, 0x6, 0xff, 0xff,
    0xff, 0xff, 0xff, 0xe0, 0xb, 0xff, 0xff, 0xff,
    0xff, 0xff, 0xf3, 0x1f, 0xff, 0xff, 0xff, 0xff,
    0xff, 0xf8, 0x18, 0xdf, 0xff, 0xff, 0xff, 0xff,
    0xa4, 0x0, 0x8, 0xff, 0xff, 0xff, 0xe1, 0x0,
    0x0, 0x3f, 0xff, 0xff, 0xff, 0xfa, 0x0, 0x0,
    0xdf, 0xff, 0xff, 0xff, 0xff, 0x50, 0x0, 0x4e,
    0xff, 0xa3, 0xff, 0xf9, 0x0, 0x0, 0x1, 0xad,
    0x0, 0x6e, 0x50, 0x0, 0x0, 0x0, 0x1, 0x0,
    0x1, 0x0, 0x0,

    /* U+002B "+" */
    0x0, 0x0, 0x78, 0x88, 0x30, 0x0, 0x0, 0x0,
    0xe, 0xff, 0xf6, 0x0, 0x0, 0x0, 0x0, 0xef,
    0xff, 0x60, 0x0, 0x0, 0x0, 0xe, 0xff, 0xf6,
    0x0, 0x0, 0x8f, 0xff, 0xff, 0xff, 0xff, 0xff,
    0x28, 0xff, 0xff, 0xff, 0xff, 0xff, 0xf2, 0x8f,
    0xff, 0xff, 0xff, 0xff, 0xff, 0x28, 0xff, 0xff,
    0xff, 0xff, 0xff, 0xf2, 0x13, 0x33, 0xef, 0xff,
    0x83, 0x33, 0x0, 0x0, 0xe, 0xff, 0xf6, 0x0,
    0x0, 0x0, 0x0, 0xef, 0xff, 0x60, 0x0, 0x0,
    0x0, 0xe, 0xff, 0xf6, 0x0, 0x0,

    /* U+002C "," */
    0x7f, 0xff, 0xc7, 0xff, 0xfc, 0x7f, 0xff, 0xc7,
    0xff, 0xfc, 0x7f, 0xff, 0x97, 0xff, 0xf2, 0x7f,
    0xd3, 0x4, 0x50, 0x0,

    /* U+002D "-" */
    0x13, 0x33, 0x33, 0x33, 0x33, 0x33, 0x15, 0xff,
    0xff, 0xff, 0xff, 0xff, 0xf5, 0x5f, 0xff, 0xff,
    0xff, 0xff, 0xff, 0x55, 0xff, 0xff, 0xff, 0xff,
    0xff, 0xf5, 0x5f, 0xff, 0xff, 0xff, 0xff, 0xff,
    0x50,

    /* U+002E "." */
    0x13, 0x33, 0x27, 0xff, 0xfc, 0x7f, 0xff, 0xc7,
    0xff, 0xfc, 0x7f, 0xff, 0xc0,

    /* U+002F "/" */
    0x0, 0x0, 0x0, 0x0, 0x0, 0x0, 0x5f, 0x90,
    0x0, 0x0, 0x0, 0x0, 0x0, 0x3f, 0xf9, 0x0,
    0x0, 0x0, 0x0, 0x0, 0x1e, 0xff, 0x90, 0x0,
    0x0, 0x0, 0x0, 0xc, 0xff, 0xf9, 0x0, 0x0,
    0x0, 0x0, 0x9, 0xff, 0xff, 0x60, 0x0, 0x0,
    0x0, 0x7, 0xff, 0xff, 0x90, 0x0, 0x0, 0x0,
    0x4, 0xff, 0xff, 0xc0, 0x0, 0x0, 0x0, 0x2,
    0xff, 0xff, 0xe1, 0x0, 0x0, 0x0, 0x1, 0xdf,
    0xff, 0xf3, 0x0, 0x0, 0x0, 0x0, 0xbf, 0xff,
    0xf5, 0x0, 0x0, 0x0, 0x0, 0x9f, 0xff, 0xf8,
    0x0, 0x0, 0x0, 0x0, 0x6f, 0xff, 0xfa, 0x0,
    0x0, 0x0, 0x0, 0x3f, 0xff, 0xfd, 0x0, 0x0,
    0x0, 0x0, 0x1e, 0xff, 0xfe, 0x10, 0x0, 0x0,
    0x0, 0xc, 0xff, 0xff, 0x30, 0x0, 0x0, 0x0,
    0xa, 0xff, 0xff, 0x60, 0x0, 0x0, 0x0, 0x0,
    0xdf, 0xff, 0x90, 0x0, 0x0, 0x0, 0x0, 0xd,
    0xff, 0xb0, 0x0, 0x0, 0x0, 0x0, 0x0, 0xdf,
    0xd1, 0x0, 0x0, 0x0, 0x0, 0x0, 0xd, 0xf2,
    0x0, 0x0, 0x0, 0x0, 0x0, 0x0,

    /* U+0030 "0" */
    0x0, 0x5c, 0xff, 0xff, 0xff, 0xff, 0xff, 0xff,
    0xfc, 0x40, 0x0, 0x6f, 0xff, 0xff, 0xff, 0xff,
    0xff, 0xff, 0xff, 0xff, 0x60, 0x1f, 0xff, 0xff,
    0xff, 0xff, 0xff, 0xff, 0xff, 0xff, 0xff, 0x15,
    0xff, 0xff, 0xff, 0xff, 0xff, 0xff, 0xff, 0xff,
    0xff, 0xf5, 0x6f, 0xff, 0xe5, 0x55, 0x55, 0x55,
    0x5b, 0xff, 0xff, 0xff, 0x66, 0xff, 0xfe, 0x0,
    0x0, 0x0, 0x9, 0xff, 0xff, 0xff, 0xf6, 0x6f,
    0xff, 0xe0, 0x0, 0x0, 0xb, 0xff, 0xff, 0xff,
    0xff, 0x66, 0xff, 0xfe, 0x0, 0x0, 0x2d, 0xff,
    0xff, 0xff, 0xff, 0xf6, 0x6f, 0xff, 0xe0, 0x0,
    0x3e, 0xff, 0xff, 0xf8, 0xef, 0xff, 0x66, 0xff,
    0xfe, 0x0, 0x6f, 0xff, 0xff, 0xf6, 0xe, 0xff,
    0xf6, 0x6f, 0xff, 0xe0, 0x8f, 0xff, 0xff, 0xe3,
    0x0, 0xef, 0xff, 0x66, 0xff, 0xfe, 0xbf, 0xff,
    0xff, 0xd2, 0x0, 0xe, 0xff, 0xf6, 0x6f, 0xff,
    0xff, 0xff, 0xff, 0xb0, 0x0, 0x0, 0xef, 0xff,
    0x66, 0xff, 0xff, 0xff, 0xff, 0x80, 0x0, 0x0,
    0xe, 0xff, 0xf6, 0x6f, 0xff, 0xff, 0xff, 0x60,
    0x0, 0x0, 0x0, 0xef, 0xff, 0x66, 0xff, 0xff,
    0xff, 0xb8, 0x88, 0x88, 0x88, 0x8f, 0xff, 0xf6,
    0x4f, 0xff, 0xff, 0xff, 0xff, 0xff, 0xff, 0xff,
    0xff, 0xff, 0x40, 0xef, 0xff, 0xff, 0xff, 0xff,
    0xff, 0xff, 0xff, 0xff, 0xe0, 0x5, 0xff, 0xff,
    0xff, 0xff, 0xff, 0xff, 0xff, 0xff, 0xf5, 0x0,
    0x4, 0xcf, 0xff, 0xff, 0xff, 0xff, 0xff, 0xff,
    0xc4, 0x0,

    /* U+0031 "1" */
    0x0, 0x0, 0x1, 0xdf, 0xff, 0xe0, 0x0, 0x0,
    0xcf, 0xff, 0xfe, 0x0, 0x0, 0xaf, 0xff, 0xff,
    0xe0, 0x0, 0x7f, 0xff, 0xff, 0xfe, 0x0, 0x5f,
    0xff, 0xff, 0xff, 0xe0, 0x3f, 0xff, 0xff, 0xff,
    0xfe, 0x1e, 0xff, 0xff, 0xef, 0xff, 0xe6, 0x99,
    0x99, 0x96, 0xff, 0xfe, 0x0, 0x0, 0x0, 0x5f,
    0xff, 0xe0, 0x0, 0x0, 0x5, 0xff, 0xfe, 0x0,
    0x0, 0x0, 0x5f, 0xff, 0xe0, 0x0, 0x0, 0x5,
    0xff, 0xfe, 0x0, 0x0, 0x0, 0x5f, 0xff, 0xe0,
    0x0, 0x0, 0x5, 0xff, 0xfe, 0x0, 0x0, 0x0,
    0x5f, 0xff, 0xe0, 0x0, 0x0, 0x5, 0xff, 0xfe,
    0x0, 0x0, 0x0, 0x5f, 0xff, 0xe0, 0x0, 0x0,
    0x5, 0xff, 0xfe, 0x0, 0x0, 0x0, 0x5f, 0xff,
    0xe0, 0x0, 0x0, 0x5, 0xff, 0xfe,

    /* U+0032 "2" */
    0x0, 0x5d, 0xff, 0xff, 0xff, 0xff, 0xff, 0xff,
    0xfc, 0x50, 0x0, 0x7f, 0xff, 0xff, 0xff, 0xff,
    0xff, 0xff, 0xff, 0xff, 0x70, 0x1f, 0xff, 0xff,
    0xff, 0xff, 0xff, 0xff, 0xff, 0xff, 0xff, 0x15,
    0xff, 0xff, 0xff, 0xff, 0xff, 0xff, 0xff, 0xff,
    0xff, 0xf5, 0x6f, 0xff, 0xe3, 0x33, 0x33, 0x33,
    0x33, 0x33, 0xef, 0xff, 0x65, 0xcc, 0xca, 0x0,
    0x0, 0x0, 0x0, 0x0, 0xe, 0xff, 0xf6, 0x0,
    0x0, 0x0, 0x0, 0x0, 0x0, 0x0, 0x0, 0xef,
    0xff, 0x60, 0x0, 0x0, 0x0, 0x0, 0x0, 0x0,
    0x0, 0xe, 0xff, 0xf6, 0x0, 0x5c, 0xff, 0xff,
    0xff, 0xff, 0xff, 0xff, 0xff, 0xff, 0x60, 0x7f,
    0xff, 0xff, 0xff, 0xff, 0xff, 0xff, 0xff, 0xff,
    0xf2, 0x1f, 0xff, 0xff, 0xff, 0xff, 0xff, 0xff,
    0xff, 0xff, 0xfa, 0x5, 0xff, 0xff, 0xff, 0xff,
    0xff, 0xff, 0xff, 0xff, 0xf9, 0x0, 0x6f, 0xff,
    0xe4, 0x44, 0x44, 0x44, 0x44, 0x44, 0x31, 0x0,
    0x6, 0xff, 0xfe, 0x0, 0x0, 0x0, 0x0, 0x0,
    0x0, 0x0, 0x0, 0x6f, 0xff, 0xe0, 0x0, 0x0,
    0x0, 0x0, 0x0, 0x0, 0x0, 0x6, 0xff, 0xfe,
    0x33, 0x33, 0x33, 0x33, 0x33, 0x33, 0x33, 0x31,
    0x6f, 0xff, 0xff, 0xff, 0xff, 0xff, 0xff, 0xff,
    0xff, 0xff, 0x66, 0xff, 0xff, 0xff, 0xff, 0xff,
    0xff, 0xff, 0xff, 0xff, 0xf6, 0x6f, 0xff, 0xff,
    0xff, 0xff, 0xff, 0xff, 0xff, 0xff, 0xff, 0x66,
    0xff, 0xff, 0xff, 0xff, 0xff, 0xff, 0xff, 0xff,
    0xff, 0xf6,

    /* U+0033 "3" */
    0x0, 0x6d, 0xff, 0xff, 0xff, 0xff, 0xff, 0xff,
    0xd7, 0x0, 0x0, 0x8f, 0xff, 0xff, 0xff, 0xff,
    0xff, 0xff, 0xff, 0xf9, 0x0, 0x2f, 0xff, 0xff,
    0xff, 0xff, 0xff, 0xff, 0xff, 0xff, 0xf3, 0x7,
    0xff, 0xff, 0xff, 0xff, 0xff, 0xff, 0xff, 0xff,
    0xff, 0x70, 0x8f, 0xff, 0xd3, 0x33, 0x33, 0x33,
    0x33, 0x3d, 0xff, 0xf8, 0x7, 0xee, 0xea, 0x0,
    0x0, 0x0, 0x0, 0x0, 0xcf, 0xff, 0x80, 0x0,
    0x0, 0x0, 0x0, 0x0, 0x0, 0x0, 0xc, 0xff,
    0xf8, 0x0, 0x0, 0x0, 0x0, 0x0, 0x0, 0x0,
    0x0, 0xcf, 0xff, 0x80, 0x0, 0x3, 0xff, 0xff,
    0xff, 0xff, 0xff, 0xff, 0xff, 0xf7, 0x0, 0x0,
    0x3f, 0xff, 0xff, 0xff, 0xff, 0xff, 0xff, 0xff,
    0x80, 0x0, 0x3, 0xff, 0xff, 0xff, 0xff, 0xff,
    0xff, 0xff, 0xff, 0x0, 0x0, 0x3f, 0xff, 0xff,
    0xff, 0xff, 0xff, 0xff, 0xff, 0xf4, 0x0, 0x0,
    0x33, 0x33, 0x33, 0x33, 0x33, 0x33, 0xff, 0xff,
    0x40, 0x0, 0x0, 0x0, 0x0, 0x0, 0x0, 0x0,
    0xf, 0xff, 0xf4, 0x48, 0x88, 0x60, 0x0, 0x0,
    0x0, 0x0, 0x0, 0xff, 0xff, 0x48, 0xff, 0xfd,
    0x33, 0x33, 0x33, 0x33, 0x33, 0x3f, 0xff, 0xf4,
    0x7f, 0xff, 0xff, 0xff, 0xff, 0xff, 0xff, 0xff,
    0xff, 0xff, 0x33, 0xff, 0xff, 0xff, 0xff, 0xff,
    0xff, 0xff, 0xff, 0xff, 0xe0, 0x9, 0xff, 0xff,
    0xff, 0xff, 0xff, 0xff, 0xff, 0xff, 0xf5, 0x0,
    0x6, 0xdf, 0xff, 0xff, 0xff, 0xff, 0xff, 0xff,
    0xc4, 0x0,

    /* U+0034 "4" */
    0x0, 0x0, 0x0, 0x0, 0x0, 0x1, 0xcf, 0xff,
    0x80, 0x0, 0x0, 0x0, 0x0, 0x0, 0x0, 0x2d,
    0xff, 0xff, 0x80, 0x0, 0x0, 0x0, 0x0, 0x0,
    0x3, 0xef, 0xff, 0xff, 0x80, 0x0, 0x0, 0x0,
    0x0, 0x0, 0x4f, 0xff, 0xff, 0xff, 0x80, 0x0,
    0x0, 0x0, 0x0, 0x5, 0xff, 0xff, 0xff, 0xff,
    0x80, 0x0, 0x0, 0x0, 0x0, 0x7f, 0xff, 0xff,
    0xff, 0xff, 0x80, 0x0, 0x0, 0x0, 0x8, 0xff,
    0xff, 0xff, 0xff, 0xff, 0x80, 0x0, 0x0, 0x0,
    0xaf, 0xff, 0xff, 0xe4, 0xcf, 0xff, 0x80, 0x0,
    0x0, 0xb, 0xff, 0xff, 0xfc, 0x10, 0xcf, 0xff,
    0x80, 0x0, 0x1, 0xdf, 0xff, 0xff, 0xa0, 0x0,
    0xcf, 0xff, 0x80, 0x0, 0x2e, 0xff, 0xff, 0xfb,
    0x44, 0x44, 0xdf, 0xff, 0xa4, 0x40, 0xcf, 0xff,
    0xff, 0xff, 0xff, 0xff, 0xff, 0xff, 0xff, 0xf3,
    0xdf, 0xff, 0xff, 0xff, 0xff, 0xff, 0xff, 0xff,
    0xff, 0xf3, 0xdf, 0xff, 0xff, 0xff, 0xff, 0xff,
    0xff, 0xff, 0xff, 0xf3, 0xdf, 0xff, 0xff, 0xff,
    0xff, 0xff, 0xff, 0xff, 0xff, 0xf3, 0x0, 0x0,
    0x0, 0x0, 0x0, 0x0, 0xcf, 0xff, 0x80, 0x0,
    0x0, 0x0, 0x0, 0x0, 0x0, 0x0, 0xcf, 0xff,
    0x80, 0x0, 0x0, 0x0, 0x0, 0x0, 0x0, 0x0,
    0xcf, 0xff, 0x80, 0x0, 0x0, 0x0, 0x0, 0x0,
    0x0, 0x0, 0xcf, 0xff, 0x80, 0x0, 0x0, 0x0,
    0x0, 0x0, 0x0, 0x0, 0xcf, 0xff, 0x80, 0x0,

    /* U+0035 "5" */
    0x6f, 0xff, 0xff, 0xff, 0xff, 0xff, 0xff, 0xff,
    0xff, 0xff, 0x66, 0xff, 0xff, 0xff, 0xff, 0xff,
    0xff, 0xff, 0xff, 0xff, 0xf6, 0x6f, 0xff, 0xff,
    0xff, 0xff, 0xff, 0xff, 0xff, 0xff, 0xff, 0x66,
    0xff, 0xff, 0xff, 0xff, 0xff, 0xff, 0xff, 0xff,
    0xff, 0xf6, 0x6f, 0xff, 0xe3, 0x33, 0x33, 0x33,
    0x33, 0x33, 0x33, 0x33, 0x16, 0xff, 0xfe, 0x0,
    0x0, 0x0, 0x0, 0x0, 0x0, 0x0, 0x0, 0x6f,
    0xff, 0xe0, 0x0, 0x0, 0x0, 0x0, 0x0, 0x0,
    0x0, 0x6, 0xff, 0xfe, 0x44, 0x44, 0x44, 0x44,
    0x44, 0x43, 0x10, 0x0, 0x6f, 0xff, 0xff, 0xff,
    0xff, 0xff, 0xff, 0xff, 0xff, 0x90, 0x6, 0xff,
    0xff, 0xff, 0xff, 0xff, 0xff, 0xff, 0xff, 0xff,
    0xa0, 0x6f, 0xff, 0xff, 0xff, 0xff, 0xff, 0xff,
    0xff, 0xff, 0xff, 0x26, 0xff, 0xff, 0xff, 0xff,
    0xff, 0xff, 0xff, 0xff, 0xff, 0xf5, 0x0, 0x0,
    0x0, 0x0, 0x0, 0x0, 0x0, 0x0, 0xef, 0xff,
    0x60, 0x0, 0x0, 0x0, 0x0, 0x0, 0x0, 0x0,
    0xe, 0xff, 0xf6, 0x39, 0x99, 0x70, 0x0, 0x0,
    0x0, 0x0, 0x0, 0xef, 0xff, 0x66, 0xff, 0xfe,
    0x33, 0x33, 0x33, 0x33, 0x33, 0x3e, 0xff, 0xf6,
    0x5f, 0xff, 0xff, 0xff, 0xff, 0xff, 0xff, 0xff,
    0xff, 0xff, 0x51, 0xff, 0xff, 0xff, 0xff, 0xff,
    0xff, 0xff, 0xff, 0xff, 0xf1, 0x7, 0xff, 0xff,
    0xff, 0xff, 0xff, 0xff, 0xff, 0xff, 0xf6, 0x0,
    0x5, 0xcf, 0xff, 0xff, 0xff, 0xff, 0xff, 0xff,
    0xc5, 0x0,

    /* U+0036 "6" */
    0x0, 0x5d, 0xff, 0xff, 0xff, 0xff, 0xff, 0xff,
    0xf5, 0x0, 0x0, 0x7f, 0xff, 0xff, 0xff, 0xff,
    0xff, 0xff, 0xff, 0x50, 0x0, 0x1f, 0xff, 0xff,
    0xff, 0xff, 0xff, 0xff, 0xff, 0xf5, 0x0, 0x5,
    0xff, 0xff, 0xff, 0xff, 0xff, 0xff, 0xff, 0xff,
    0x50, 0x0, 0x6f, 0xff, 0xe3, 0x33, 0x33, 0x33,
    0x33, 0x33, 0x31, 0x0, 0x6, 0xff, 0xfe, 0x0,
    0x0, 0x0, 0x0, 0x0, 0x0, 0x0, 0x0, 0x6f,
    0xff, 0xe0, 0x0, 0x0, 0x0, 0x0, 0x0, 0x0,
    0x0, 0x6, 0xff, 0xfe, 0x44, 0x44, 0x44, 0x44,
    0x44, 0x43, 0x10, 0x0, 0x6f, 0xff, 0xff, 0xff,
    0xff, 0xff, 0xff, 0xff, 0xff, 0x90, 0x6, 0xff,
    0xff, 0xff, 0xff, 0xff, 0xff, 0xff, 0xff, 0xff,
    0xa0, 0x6f, 0xff, 0xff, 0xff, 0xff, 0xff, 0xff,
    0xff, 0xff, 0xff, 0x26, 0xff, 0xff, 0xff, 0xff,
    0xff, 0xff, 0xff, 0xff, 0xff, 0xf5, 0x6f, 0xff,
    0xe0, 0x0, 0x0, 0x0, 0x0, 0x0, 0xef, 0xff,
    0x66, 0xff, 0xfe, 0x0, 0x0, 0x0, 0x0, 0x0,
    0xe, 0xff, 0xf6, 0x6f, 0xff, 0xe0, 0x0, 0x0,
    0x0, 0x0, 0x0, 0xef, 0xff, 0x66, 0xff, 0xfe,
    0x33, 0x33, 0x33, 0x33, 0x33, 0x3e, 0xff, 0xf6,
    0x5f, 0xff, 0xff, 0xff, 0xff, 0xff, 0xff, 0xff,
    0xff, 0xff, 0x51, 0xff, 0xff, 0xff, 0xff, 0xff,
    0xff, 0xff, 0xff, 0xff, 0xf1, 0x7, 0xff, 0xff,
    0xff, 0xff, 0xff, 0xff, 0xff, 0xff, 0xf6, 0x0,
    0x5, 0xcf, 0xff, 0xff, 0xff, 0xff, 0xff, 0xff,
    0xc5, 0x0,

    /* U+0037 "7" */
    0xef, 0xff, 0xff, 0xff, 0xff, 0xff, 0xfe, 0x91,
    0xe, 0xff, 0xff, 0xff, 0xff, 0xff, 0xff, 0xff,
    0xd1, 0xef, 0xff, 0xff, 0xff, 0xff, 0xff, 0xff,
    0xff, 0x8e, 0xff, 0xff, 0xff, 0xff, 0xff, 0xff,
    0xff, 0xfc, 0x33, 0x33, 0x33, 0x33, 0x33, 0x33,
    0x9f, 0xff, 0xd0, 0x0, 0x0, 0x0, 0x0, 0x0,
    0x7, 0xff, 0xfd, 0x0, 0x0, 0x0, 0x0, 0x0,
    0x0, 0x7f, 0xff, 0xd0, 0x0, 0x0, 0x0, 0x0,
    0x0, 0x7, 0xff, 0xfd, 0x0, 0x0, 0x0, 0x0,
    0x0, 0x0, 0x7f, 0xff, 0xd0, 0x0, 0x0, 0x0,
    0x0, 0x0, 0x7, 0xff, 0xfd, 0x0, 0x0, 0x0,
    0x0, 0x0, 0x0, 0x7f, 0xff, 0xd0, 0x0, 0x0,
    0x0, 0x0, 0x0, 0x7, 0xff, 0xfd, 0x0, 0x0,
    0x0, 0x0, 0x0, 0x0, 0x7f, 0xff, 0xd0, 0x0,
    0x0, 0x0, 0x0, 0x0, 0x7, 0xff, 0xfd, 0x0,
    0x0, 0x0, 0x0, 0x0, 0x0, 0x7f, 0xff, 0xd0,
    0x0, 0x0, 0x0, 0x0, 0x0, 0x7, 0xff, 0xfd,
    0x0, 0x0, 0x0, 0x0, 0x0, 0x0, 0x7f, 0xff,
    0xd0, 0x0, 0x0, 0x0, 0x0, 0x0, 0x7, 0xff,
    0xfd, 0x0, 0x0, 0x0, 0x0, 0x0, 0x0, 0x7f,
    0xff, 0xd0, 0x0, 0x0, 0x0, 0x0, 0x0, 0x7,
    0xff, 0xfd,

    /* U+0038 "8" */
    0x0, 0x5d, 0xff, 0xff, 0xff, 0xff, 0xff, 0xff,
    0xfd, 0x60, 0x0, 0x7f, 0xff, 0xff, 0xff, 0xff,
    0xff, 0xff, 0xff, 0xff, 0x80, 0x1f, 0xff, 0xff,
    0xff, 0xff, 0xff, 0xff, 0xff, 0xff, 0xff, 0x25,
    0xff, 0xff, 0xff, 0xff, 0xff, 0xff, 0xff, 0xff,
    0xff, 0xf6, 0x6f, 0xff, 0xe4, 0x44, 0x44, 0x44,
    0x44, 0x44, 0xef, 0xff, 0x66, 0xff, 0xfe, 0x0,
    0x0, 0x0, 0x0, 0x0, 0xe, 0xff, 0xf6, 0x6f,
    0xff, 0xe0, 0x0, 0x0, 0x0, 0x0, 0x0, 0xef,
    0xff, 0x66, 0xff, 0xfe, 0x0, 0x0, 0x0, 0x0,
    0x0, 0xe, 0xff, 0xf6, 0x5f, 0xff, 0xff, 0xff,
    0xff, 0xff, 0xff, 0xff, 0xff, 0xff, 0x51, 0xff,
    0xff, 0xff, 0xff, 0xff, 0xff, 0xff, 0xff, 0xff,
    0xf1, 0x2f, 0xff, 0xff, 0xff, 0xff, 0xff, 0xff,
    0xff, 0xff, 0xff, 0x26, 0xff, 0xff, 0xff, 0xff,
    0xff, 0xff, 0xff, 0xff, 0xff, 0xf5, 0x6f, 0xff,
    0xe0, 0x0, 0x0, 0x0, 0x0, 0x0, 0xef, 0xff,
    0x66, 0xff, 0xfe, 0x0, 0x0, 0x0, 0x0, 0x0,
    0xe, 0xff, 0xf6, 0x6f, 0xff, 0xe0, 0x0, 0x0,
    0x0, 0x0, 0x0, 0xef, 0xff, 0x66, 0xff, 0xfe,
    0x33, 0x33, 0x33, 0x33, 0x33, 0x3e, 0xff, 0xf6,
    0x5f, 0xff, 0xff, 0xff, 0xff, 0xff, 0xff, 0xff,
    0xff, 0xff, 0x51, 0xff, 0xff, 0xff, 0xff, 0xff,
    0xff, 0xff, 0xff, 0xff, 0xf1, 0x7, 0xff, 0xff,
    0xff, 0xff, 0xff, 0xff, 0xff, 0xff, 0xf6, 0x0,
    0x5, 0xcf, 0xff, 0xff, 0xff, 0xff, 0xff, 0xff,
    0xc5, 0x0,

    /* U+0039 "9" */
    0x0, 0x6d, 0xff, 0xff, 0xff, 0xff, 0xff, 0xff,
    0xfc, 0x40, 0x0, 0x8f, 0xff, 0xff, 0xff, 0xff,
    0xff, 0xff, 0xff, 0xff, 0x60, 0x2f, 0xff, 0xff,
    0xff, 0xff, 0xff, 0xff, 0xff, 0xff, 0xff, 0x6,
    0xff, 0xff, 0xff, 0xff, 0xff, 0xff, 0xff, 0xff,
    0xff, 0xf4, 0x7f, 0xff, 0xd3, 0x33, 0x33, 0x33,
    0x33, 0x33, 0xff, 0xff, 0x57, 0xff, 0xfd, 0x0,
    0x0, 0x0, 0x0, 0x0, 0xf, 0xff, 0xf5, 0x7f,
    0xff, 0xd0, 0x0, 0x0, 0x0, 0x0, 0x0, 0xff,
    0xff, 0x57, 0xff, 0xfd, 0x0, 0x0, 0x0, 0x0,
    0x0, 0xf, 0xff, 0xf5, 0x7f, 0xff, 0xff, 0xff,
    0xff, 0xff, 0xff, 0xff, 0xff, 0xff, 0x54, 0xff,
    0xff, 0xff, 0xff, 0xff, 0xff, 0xff, 0xff, 0xff,
    0xf5, 0xb, 0xff, 0xff, 0xff, 0xff, 0xff, 0xff,
    0xff, 0xff, 0xff, 0x50, 0xa, 0xff, 0xff, 0xff,
    0xff, 0xff, 0xff, 0xff, 0xff, 0xf5, 0x0, 0x1,
    0x34, 0x44, 0x44, 0x44, 0x44, 0x44, 0xff, 0xff,
    0x50, 0x0, 0x0, 0x0, 0x0, 0x0, 0x0, 0x0,
    0xf, 0xff, 0xf5, 0x0, 0x0, 0x0, 0x0, 0x0,
    0x0, 0x0, 0x0, 0xff, 0xff, 0x51, 0x33, 0x33,
    0x33, 0x33, 0x33, 0x33, 0x33, 0x3f, 0xff, 0xf5,
    0x6f, 0xff, 0xff, 0xff, 0xff, 0xff, 0xff, 0xff,
    0xff, 0xff, 0x40, 0xef, 0xff, 0xff, 0xff, 0xff,
    0xff, 0xff, 0xff, 0xff, 0xf0, 0x5, 0xff, 0xff,
    0xff, 0xff, 0xff, 0xff, 0xff, 0xff, 0xf5, 0x0,
    0x4, 0xcf, 0xff, 0xff, 0xff, 0xff, 0xff, 0xff,
    0xc4, 0x0,

    /* U+003A ":" */
    0x7f, 0xff, 0xc7, 0xff, 0xfc, 0x7f, 0xff, 0xc7,
    0xff, 0xfc, 0x14, 0x44, 0x30, 0x0, 0x0, 0x0,
    0x0, 0x0, 0x0, 0x0, 0x0, 0x0, 0x0, 0x0,
    0x0, 0x0, 0x0, 0x1, 0x33, 0x32, 0x7f, 0xff,
    0xc7, 0xff, 0xfc, 0x7f, 0xff, 0xc7, 0xff, 0xfc,

    /* U+003B ";" */
    0x9f, 0xff, 0xb9, 0xff, 0xfb, 0x9f, 0xff, 0xb9,
    0xff, 0xfb, 0x24, 0x44, 0x20, 0x0, 0x0, 0x0,
    0x0, 0x0, 0x0, 0x0, 0x0, 0x0, 0x0, 0x0,
    0x0, 0x0, 0x0, 0x0, 0x0, 0x0, 0x6c, 0xcc,
    0x88, 0xff, 0xfb, 0x8f, 0xff, 0xb8, 0xff, 0xfb,
    0x8f, 0xff, 0xa8, 0xff, 0xf3, 0x8f, 0xf5, 0x6,
    0x92, 0x0,

    /* U+003C "<" */
    0x0, 0x0, 0x0, 0x0, 0x0, 0x6, 0x10, 0x0,
    0x0, 0x0, 0x0, 0x4d, 0xf1, 0x0, 0x0, 0x0,
    0x2, 0xbf, 0xff, 0x10, 0x0, 0x0, 0x8, 0xff,
    0xff, 0xf1, 0x0, 0x0, 0x6e, 0xff, 0xff, 0xff,
    0x10, 0x4, 0xdf, 0xff, 0xff, 0xfe, 0x70, 0x2a,
    0xff, 0xff, 0xff, 0xf9, 0x10, 0xd, 0xff, 0xff,
    0xff, 0xb2, 0x0, 0x0, 0xdf, 0xff, 0xfe, 0x40,
    0x0, 0x0, 0xd, 0xff, 0xff, 0xfa, 0x10, 0x0,
    0x0, 0xbf, 0xff, 0xff, 0xff, 0x70, 0x0, 0x0,
    0x6e, 0xff, 0xff, 0xff, 0xd5, 0x0, 0x0, 0x8,
    0xff, 0xff, 0xff, 0xfc, 0x0, 0x0, 0x2, 0xbf,
    0xff, 0xff, 0xf1, 0x0, 0x0, 0x0, 0x4d, 0xff,
    0xff, 0x10, 0x0, 0x0, 0x0, 0x6, 0xef, 0xf1,
    0x0, 0x0, 0x0, 0x0, 0x1, 0x8f, 0x10, 0x0,
    0x0, 0x0, 0x0, 0x0, 0x20,

    /* U+003D "=" */
    0x5f, 0xff, 0xff, 0xff, 0xff, 0xff, 0xff, 0xf6,
    0x5f, 0xff, 0xff, 0xff, 0xff, 0xff, 0xff, 0xf6,
    0x5f, 0xff, 0xff, 0xff, 0xff, 0xff, 0xff, 0xf6,
    0x5f, 0xff, 0xff, 0xff, 0xff, 0xff, 0xff, 0xf6,
    0x13, 0x33, 0x33, 0x33, 0x33, 0x33, 0x33, 0x31,
    0x13, 0x33, 0x33, 0x33, 0x33, 0x33, 0x33, 0x31,
    0x5f, 0xff, 0xff, 0xff, 0xff, 0xff, 0xff, 0xf6,
    0x5f, 0xff, 0xff, 0xff, 0xff, 0xff, 0xff, 0xf6,
    0x5f, 0xff, 0xff, 0xff, 0xff, 0xff, 0xff, 0xf6,
    0x5f, 0xff, 0xff, 0xff, 0xff, 0xff, 0xff, 0xf6,

    /* U+003E ">" */
    0x33, 0x0, 0x0, 0x0, 0x0, 0x0, 0x5, 0xfa,
    0x10, 0x0, 0x0, 0x0, 0x0, 0x5f, 0xff, 0x80,
    0x0, 0x0, 0x0, 0x5, 0xff, 0xff, 0xe5, 0x0,
    0x0, 0x0, 0x5f, 0xff, 0xff, 0xfc, 0x30, 0x0,
    0x1, 0xaf, 0xff, 0xff, 0xff, 0xa2, 0x0, 0x0,
    0x3c, 0xff, 0xff, 0xff, 0xf8, 0x0, 0x0, 0x5,
    0xef, 0xff, 0xff, 0xfa, 0x0, 0x0, 0x0, 0x8f,
    0xff, 0xff, 0xa0, 0x0, 0x0, 0x2b, 0xff, 0xff,
    0xfa, 0x0, 0x1, 0x9f, 0xff, 0xff, 0xff, 0x80,
    0x7, 0xef, 0xff, 0xff, 0xfe, 0x50, 0x2d, 0xff,
    0xff, 0xff, 0xf7, 0x0, 0x5, 0xff, 0xff, 0xff,
    0x91, 0x0, 0x0, 0x5f, 0xff, 0xfc, 0x30, 0x0,
    0x0, 0x5, 0xff, 0xe5, 0x0, 0x0, 0x0, 0x0,
    0x5f, 0x70, 0x0, 0x0, 0x0, 0x0, 0x2, 0x10,
    0x0, 0x0, 0x0, 0x0, 0x0,

    /* U+003F "?" */
    0x2f, 0xff, 0xff, 0xff, 0xff, 0xff, 0xff, 0xfc,
    0x40, 0x2, 0xff, 0xff, 0xff, 0xff, 0xff, 0xff,
    0xff, 0xff, 0x50, 0x2f, 0xff, 0xff, 0xff, 0xff,
    0xff, 0xff, 0xff, 0xfe, 0x2, 0xff, 0xff, 0xff,
    0xff, 0xff, 0xff, 0xff, 0xff, 0xf3, 0x3, 0x33,
    0x33, 0x33, 0x33, 0x33, 0x33, 0xff, 0xff, 0x40,
    0x0, 0x0, 0x0, 0x0, 0x0, 0x0, 0xf, 0xff,
    0xf4, 0x0, 0x0, 0x0, 0x0, 0x0, 0x0, 0x0,
    0xff, 0xff, 0x40, 0x0, 0x0, 0x0, 0x0, 0x0,
    0x0, 0xf, 0xff, 0xf4, 0x0, 0x0, 0x0, 0x13,
    0x44, 0x44, 0x44, 0xff, 0xff, 0x40, 0x0, 0x0,
    0xaf, 0xff, 0xff, 0xff, 0xff, 0xff, 0xf3, 0x0,
    0x0, 0xbf, 0xff, 0xff, 0xff, 0xff, 0xff, 0xfe,
    0x0, 0x0, 0x3f, 0xff, 0xff, 0xff, 0xff, 0xff,
    0xff, 0x40, 0x0, 0x6, 0xff, 0xff, 0xff, 0xff,
    0xff, 0xfc, 0x40, 0x0, 0x0, 0x6f, 0xff, 0xe0,
    0x0, 0x0, 0x0, 0x0, 0x0, 0x0, 0x4, 0xbb,
    0xba, 0x0, 0x0, 0x0, 0x0, 0x0, 0x0, 0x0,
    0x13, 0x33, 0x30, 0x0, 0x0, 0x0, 0x0, 0x0,
    0x0, 0x6, 0xff, 0xfe, 0x0, 0x0, 0x0, 0x0,
    0x0, 0x0, 0x0, 0x6f, 0xff, 0xe0, 0x0, 0x0,
    0x0, 0x0, 0x0, 0x0, 0x6, 0xff, 0xfe, 0x0,
    0x0, 0x0, 0x0, 0x0, 0x0, 0x0, 0x6f, 0xff,
    0xe0, 0x0, 0x0, 0x0, 0x0, 0x0,

    /* U+0040 "@" */
    0x0, 0x6d, 0xff, 0xff, 0xff, 0xff, 0xff, 0xff,
    0xfc, 0x40, 0x0, 0x8f, 0xff, 0xff, 0xff, 0xff,
    0xff, 0xff, 0xff, 0xff, 0x50, 0x2f, 0xff, 0xff,
    0xff, 0xff, 0xff, 0xff, 0xff, 0xff, 0xff, 0x6,
    0xff, 0xff, 0xff, 0xff, 0xff, 0xff, 0xff, 0xff,
    0xff, 0xf4, 0x7f, 0xff, 0xd3, 0x33, 0x33, 0x33,
    0x33, 0x33, 0xff, 0xff, 0x57, 0xff, 0xfc, 0x0,
    0x0, 0x0, 0x0, 0x0, 0xf, 0xff, 0xf5, 0x7f,
    0xff, 0xc0, 0x8, 0xef, 0xff, 0xd6, 0x0, 0xff,
    0xff, 0x57, 0xff, 0xfc, 0x8, 0xff, 0xff, 0xff,
    0xf6, 0xf, 0xff, 0xf5, 0x7f, 0xff, 0xc0, 0xef,
    0xff, 0xff, 0xff, 0xb0, 0xff, 0xff, 0x57, 0xff,
    0xfc, 0xf, 0xff, 0x0, 0x2f, 0xfc, 0xf, 0xff,
    0xf5, 0x7f, 0xff, 0xc0, 0xff, 0xf3, 0x35, 0xff,
    0xd3, 0xff, 0xff, 0x57, 0xff, 0xfc, 0xe, 0xff,
    0xff, 0xff, 0xff, 0xff, 0xff, 0xf5, 0x7f, 0xff,
    0xc0, 0x8f, 0xff, 0xff, 0xff, 0xff, 0xff, 0xff,
    0x57, 0xff, 0xfc, 0x0, 0x8e, 0xff, 0xff, 0xff,
    0xff, 0xff, 0xf5, 0x7f, 0xff, 0xc0, 0x0, 0x0,
    0x0, 0x0, 0x0, 0x0, 0x0, 0x7, 0xff, 0xfd,
    0x33, 0x33, 0x33, 0x33, 0x33, 0x33, 0x33, 0x31,
    0x6f, 0xff, 0xff, 0xff, 0xff, 0xff, 0xff, 0xff,
    0xff, 0xff, 0x52, 0xff, 0xff, 0xff, 0xff, 0xff,
    0xff, 0xff, 0xff, 0xff, 0xf5, 0x8, 0xff, 0xff,
    0xff, 0xff, 0xff, 0xff, 0xff, 0xff, 0xff, 0x50,
    0x6, 0xdf, 0xff, 0xff, 0xff, 0xff, 0xff, 0xff,
    0xff, 0xf5,

    /* U+0041 "A" */
    0x0, 0x4c, 0xff, 0xff, 0xff, 0xff, 0xff, 0xff,
    0xfe, 0x80, 0x0, 0x6f, 0xff, 0xff, 0xff, 0xff,
    0xff, 0xff, 0xff, 0xff, 0xc0, 0x1f, 0xff, 0xff,
    0xff, 0xff, 0xff, 0xff, 0xff, 0xff, 0xff, 0x65,
    0xff, 0xff, 0xff, 0xff, 0xff, 0xff, 0xff, 0xff,
    0xff, 0xfb, 0x6f, 0xff, 0xf5, 0x55, 0x55, 0x55,
    0x55, 0x55, 0xbf, 0xff, 0xc6, 0xff, 0xff, 0x0,
    0x0, 0x0, 0x0, 0x0, 0x9, 0xff, 0xfc, 0x6f,
    0xff, 0xf0, 0x0, 0x0, 0x0, 0x0, 0x0, 0x9f,
    0xff, 0xc6, 0xff, 0xff, 0x0, 0x0, 0x0, 0x0,
    0x0, 0x9, 0xff, 0xfc, 0x6f, 0xff, 0xf0, 0x0,
    0x0, 0x0, 0x0, 0x0, 0x9f, 0xff, 0xc6, 0xff,
    0xff, 0xff, 0xff, 0xff, 0xff, 0xff, 0xff, 0xff,
    0xfc, 0x6f, 0xff, 0xff, 0xff, 0xff, 0xff, 0xff,
    0xff, 0xff, 0xff, 0xc6, 0xff, 0xff, 0xff, 0xff,
    0xff, 0xff, 0xff, 0xff, 0xff, 0xfc, 0x6f, 0xff,
    0xff, 0xff, 0xff, 0xff, 0xff, 0xff, 0xff, 0xff,
    0xc6, 0xff, 0xff, 0x44, 0x44, 0x44, 0x44, 0x44,
    0x4b, 0xff, 0xfc, 0x6f, 0xff, 0xf0, 0x0, 0x0,
    0x0, 0x0, 0x0, 0x9f, 0xff, 0xc6, 0xff, 0xff,
    0x0, 0x0, 0x0, 0x0, 0x0, 0x9, 0xff, 0xfc,
    0x6f, 0xff, 0xf0, 0x0, 0x0, 0x0, 0x0, 0x0,
    0x9f, 0xff, 0xc6, 0xff, 0xff, 0x0, 0x0, 0x0,
    0x0, 0x0, 0x9, 0xff, 0xfc, 0x6f, 0xff, 0xf0,
    0x0, 0x0, 0x0, 0x0, 0x0, 0x9f, 0xff, 0xc6,
    0xff, 0xff, 0x0, 0x0, 0x0, 0x0, 0x0, 0x9,
    0xff, 0xfc,

    /* U+0042 "B" */
    0x5f, 0xff, 0xff, 0xff, 0xff, 0xff, 0xff, 0xff,
    0xfa, 0x10, 0x5, 0xff, 0xff, 0xff, 0xff, 0xff,
    0xff, 0xff, 0xff, 0xfe, 0x20, 0x5f, 0xff, 0xff,
    0xff, 0xff, 0xff, 0xff, 0xff, 0xff, 0xfa, 0x5,
    0xff, 0xff, 0xff, 0xff, 0xff, 0xff, 0xff, 0xff,
    0xff, 0xf0, 0x5f, 0xff, 0xf5, 0x55, 0x55, 0x55,
    0x55, 0x59, 0xff, 0xff, 0x5, 0xff, 0xff, 0x0,
    0x0, 0x0, 0x0, 0x0, 0x6f, 0xff, 0xf0, 0x5f,
    0xff, 0xf0, 0x0, 0x0, 0x0, 0x0, 0x6, 0xff,
    0xff, 0x5, 0xff, 0xff, 0x44, 0x44, 0x44, 0x44,
    0x44, 0x9f, 0xff, 0xf0, 0x5f, 0xff, 0xff, 0xff,
    0xff, 0xff, 0xff, 0xff, 0xff, 0xff, 0x5, 0xff,
    0xff, 0xff, 0xff, 0xff, 0xff, 0xff, 0xff, 0xff,
    0xf1, 0x5f, 0xff, 0xff, 0xff, 0xff, 0xff, 0xff,
    0xff, 0xff, 0xff, 0x95, 0xff, 0xff, 0xff, 0xff,
    0xff, 0xff, 0xff, 0xff, 0xff, 0xfc, 0x5f, 0xff,
    0xf0, 0x0, 0x0, 0x0, 0x0, 0x0, 0x9f, 0xff,
    0xd5, 0xff, 0xff, 0x0, 0x0, 0x0, 0x0, 0x0,
    0x9, 0xff, 0xfd, 0x5f, 0xff, 0xf0, 0x0, 0x0,
    0x0, 0x0, 0x0, 0x9f, 0xff, 0xd5, 0xff, 0xff,
    0x55, 0x55, 0x55, 0x55, 0x55, 0x5b, 0xff, 0xfd,
    0x5f, 0xff, 0xff, 0xff, 0xff, 0xff, 0xff, 0xff,
    0xff, 0xff, 0xc5, 0xff, 0xff, 0xff, 0xff, 0xff,
    0xff, 0xff, 0xff, 0xff, 0xf7, 0x5f, 0xff, 0xff,
    0xff, 0xff, 0xff, 0xff, 0xff, 0xff, 0xfc, 0x5,
    0xff, 0xff, 0xff, 0xff, 0xff, 0xff, 0xff, 0xff,
    0xe8, 0x0,

    /* U+0043 "C" */
    0x0, 0x5c, 0xff, 0xff, 0xff, 0xff, 0xff, 0xff,
    0xff, 0xff, 0xa0, 0x7f, 0xff, 0xff, 0xff, 0xff,
    0xff, 0xff, 0xff, 0xff, 0xfa, 0x1f, 0xff, 0xff,
    0xff, 0xff, 0xff, 0xff, 0xff, 0xff, 0xff, 0xa6,
    0xff, 0xff, 0xff, 0xff, 0xff, 0xff, 0xff, 0xff,
    0xff, 0xfa, 0x7f, 0xff, 0xf6, 0x55, 0x55, 0x55,
    0x55, 0x55, 0x55, 0x55, 0x37, 0xff, 0xfe, 0x0,
    0x0, 0x0, 0x0, 0x0, 0x0, 0x0, 0x0, 0x7f,
    0xff, 0xe0, 0x0, 0x0, 0x0, 0x0, 0x0, 0x0,
    0x0, 0x7, 0xff, 0xfe, 0x0, 0x0, 0x0, 0x0,
    0x0, 0x0, 0x0, 0x0, 0x7f, 0xff, 0xe0, 0x0,
    0x0, 0x0, 0x0, 0x0, 0x0, 0x0, 0x7, 0xff,
    0xfe, 0x0, 0x0, 0x0, 0x0, 0x0, 0x0, 0x0,
    0x0, 0x7f, 0xff, 0xe0, 0x0, 0x0, 0x0, 0x0,
    0x0, 0x0, 0x0, 0x7, 0xff, 0xfe, 0x0, 0x0,
    0x0, 0x0, 0x0, 0x0, 0x0, 0x0, 0x7f, 0xff,
    0xe0, 0x0, 0x0, 0x0, 0x0, 0x0, 0x0, 0x0,
    0x7, 0xff, 0xfe, 0x0, 0x0, 0x0, 0x0, 0x0,
    0x0, 0x0, 0x0, 0x7f, 0xff, 0xe0, 0x0, 0x0,
    0x0, 0x0, 0x0, 0x0, 0x0, 0x7, 0xff, 0xff,
    0x65, 0x55, 0x55, 0x55, 0x55, 0x55, 0x55, 0x53,
    0x6f, 0xff, 0xff, 0xff, 0xff, 0xff, 0xff, 0xff,
    0xff, 0xff, 0xa1, 0xff, 0xff, 0xff, 0xff, 0xff,
    0xff, 0xff, 0xff, 0xff, 0xfa, 0x7, 0xff, 0xff,
    0xff, 0xff, 0xff, 0xff, 0xff, 0xff, 0xff, 0xa0,
    0x5, 0xcf, 0xff, 0xff, 0xff, 0xff, 0xff, 0xff,
    0xff, 0xfa,

    /* U+0044 "D" */
    0x6f, 0xff, 0xff, 0xff, 0xff, 0xff, 0xff, 0xff,
    0xfe, 0x80, 0x6, 0xff, 0xff, 0xff, 0xff, 0xff,
    0xff, 0xff, 0xff, 0xff, 0xc0, 0x6f, 0xff, 0xff,
    0xff, 0xff, 0xff, 0xff, 0xff, 0xff, 0xff, 0x66,
    0xff, 0xff, 0xff, 0xff, 0xff, 0xff, 0xff, 0xff,
    0xff, 0xfb, 0x6f, 0xff, 0xf5, 0x55, 0x55, 0x55,
    0x55, 0x55, 0xbf, 0xff, 0xc6, 0xff, 0xff, 0x0,
    0x0, 0x0, 0x0, 0x0, 0x9, 0xff, 0xfc, 0x6f,
    0xff, 0xf0, 0x0, 0x0, 0x0, 0x0, 0x0, 0x9f,
    0xff, 0xc6, 0xff, 0xff, 0x0, 0x0, 0x0, 0x0,
    0x0, 0x9, 0xff, 0xfc, 0x6f, 0xff, 0xf0, 0x0,
    0x0, 0x0, 0x0, 0x0, 0x9f, 0xff, 0xc6, 0xff,
    0xff, 0x0, 0x0, 0x0, 0x0, 0x0, 0x9, 0xff,
    0xfc, 0x6f, 0xff, 0xf0, 0x0, 0x0, 0x0, 0x0,
    0x0, 0x9f, 0xff, 0xc6, 0xff, 0xff, 0x0, 0x0,
    0x0, 0x0, 0x0, 0x9, 0xff, 0xfc, 0x6f, 0xff,
    0xf0, 0x0, 0x0, 0x0, 0x0, 0x0, 0x9f, 0xff,
    0xc6, 0xff, 0xff, 0x0, 0x0, 0x0, 0x0, 0x0,
    0x9, 0xff, 0xfc, 0x6f, 0xff, 0xf0, 0x0, 0x0,
    0x0, 0x0, 0x0, 0x9f, 0xff, 0xc6, 0xff, 0xff,
    0x55, 0x55, 0x55, 0x55, 0x55, 0x5b, 0xff, 0xfc,
    0x6f, 0xff, 0xff, 0xff, 0xff, 0xff, 0xff, 0xff,
    0xff, 0xff, 0xb6, 0xff, 0xff, 0xff, 0xff, 0xff,
    0xff, 0xff, 0xff, 0xff, 0xf6, 0x6f, 0xff, 0xff,
    0xff, 0xff, 0xff, 0xff, 0xff, 0xff, 0xfc, 0x6,
    0xff, 0xff, 0xff, 0xff, 0xff, 0xff, 0xff, 0xff,
    0xe8, 0x0,

    /* U+0045 "E" */
    0x6f, 0xff, 0xff, 0xff, 0xff, 0xff, 0xff, 0xff,
    0xff, 0xf4, 0x6f, 0xff, 0xff, 0xff, 0xff, 0xff,
    0xff, 0xff, 0xff, 0xf4, 0x6f, 0xff, 0xff, 0xff,
    0xff, 0xff, 0xff, 0xff, 0xff, 0xf4, 0x6f, 0xff,
    0xff, 0xff, 0xff, 0xff, 0xff, 0xff, 0xff, 0xf4,
    0x6f, 0xff, 0xf5, 0x55, 0x55, 0x55, 0x55, 0x55,
    0x55, 0x51, 0x6f, 0xff, 0xf0, 0x0, 0x0, 0x0,
    0x0, 0x0, 0x0, 0x0, 0x6f, 0xff, 0xf0, 0x0,
    0x0, 0x0, 0x0, 0x0, 0x0, 0x0, 0x6f, 0xff,
    0xf0, 0x0, 0x0, 0x0, 0x0, 0x0, 0x0, 0x0,
    0x6f, 0xff, 0xff, 0xff, 0xff, 0xff, 0xff, 0xff,
    0x70, 0x0, 0x6f, 0xff, 0xff, 0xff, 0xff, 0xff,
    0xff, 0xff, 0x70, 0x0, 0x6f, 0xff, 0xff, 0xff,
    0xff, 0xff, 0xff, 0xff, 0x70, 0x0, 0x6f, 0xff,
    0xff, 0xff, 0xff, 0xff, 0xff, 0xff, 0x70, 0x0,
    0x6f, 0xff, 0xf5, 0x55, 0x55, 0x55, 0x55, 0x55,
    0x20, 0x0, 0x6f, 0xff, 0xf0, 0x0, 0x0, 0x0,
    0x0, 0x0, 0x0, 0x0, 0x6f, 0xff, 0xf0, 0x0,
    0x0, 0x0, 0x0, 0x0, 0x0, 0x0, 0x6f, 0xff,
    0xf5, 0x55, 0x55, 0x55, 0x55, 0x55, 0x55, 0x51,
    0x6f, 0xff, 0xff, 0xff, 0xff, 0xff, 0xff, 0xff,
    0xff, 0xf4, 0x6f, 0xff, 0xff, 0xff, 0xff, 0xff,
    0xff, 0xff, 0xff, 0xf4, 0x6f, 0xff, 0xff, 0xff,
    0xff, 0xff, 0xff, 0xff, 0xff, 0xf4, 0x6f, 0xff,
    0xff, 0xff, 0xff, 0xff, 0xff, 0xff, 0xff, 0xf4,

    /* U+0046 "F" */
    0x6f, 0xff, 0xff, 0xff, 0xff, 0xff, 0xff, 0xff,
    0xff, 0xf4, 0x6f, 0xff, 0xff, 0xff, 0xff, 0xff,
    0xff, 0xff, 0xff, 0xf4, 0x6f, 0xff, 0xff, 0xff,
    0xff, 0xff, 0xff, 0xff, 0xff, 0xf4, 0x6f, 0xff,
    0xff, 0xff, 0xff, 0xff, 0xff, 0xff, 0xff, 0xf4,
    0x6f, 0xff, 0xf5, 0x55, 0x55, 0x55, 0x55, 0x55,
    0x55, 0x51, 0x6f, 0xff, 0xf0, 0x0, 0x0, 0x0,
    0x0, 0x0, 0x0, 0x0, 0x6f, 0xff, 0xf0, 0x0,
    0x0, 0x0, 0x0, 0x0, 0x0, 0x0, 0x6f, 0xff,
    0xf0, 0x0, 0x0, 0x0, 0x0, 0x0, 0x0, 0x0,
    0x6f, 0xff, 0xff, 0xff, 0xff, 0xff, 0xff, 0xff,
    0x70, 0x0, 0x6f, 0xff, 0xff, 0xff, 0xff, 0xff,
    0xff, 0xff, 0x70, 0x0, 0x6f, 0xff, 0xff, 0xff,
    0xff, 0xff, 0xff, 0xff, 0x70, 0x0, 0x6f, 0xff,
    0xff, 0xff, 0xff, 0xff, 0xff, 0xff, 0x70, 0x0,
    0x6f, 0xff, 0xf5, 0x55, 0x55, 0x55, 0x55, 0x55,
    0x20, 0x0, 0x6f, 0xff, 0xf0, 0x0, 0x0, 0x0,
    0x0, 0x0, 0x0, 0x0, 0x6f, 0xff, 0xf0, 0x0,
    0x0, 0x0, 0x0, 0x0, 0x0, 0x0, 0x6f, 0xff,
    0xf0, 0x0, 0x0, 0x0, 0x0, 0x0, 0x0, 0x0,
    0x6f, 0xff, 0xf0, 0x0, 0x0, 0x0, 0x0, 0x0,
    0x0, 0x0, 0x6f, 0xff, 0xf0, 0x0, 0x0, 0x0,
    0x0, 0x0, 0x0, 0x0, 0x6f, 0xff, 0xf0, 0x0,
    0x0, 0x0, 0x0, 0x0, 0x0, 0x0, 0x6f, 0xff,
    0xf0, 0x0, 0x0, 0x0, 0x0, 0x0, 0x0, 0x0,

    /* U+0047 "G" */
    0x0, 0x5c, 0xff, 0xff, 0xff, 0xff, 0xff, 0xff,
    0xfe, 0x70, 0x0, 0x7f, 0xff, 0xff, 0xff, 0xff,
    0xff, 0xff, 0xff, 0xff, 0xb0, 0x1f, 0xff, 0xff,
    0xff, 0xff, 0xff, 0xff, 0xff, 0xff, 0xff, 0x56,
    0xff, 0xff, 0xff, 0xff, 0xff, 0xff, 0xff, 0xff,
    0xff, 0xfa, 0x7f, 0xff, 0xf5, 0x55, 0x55, 0x55,
    0x55, 0x55, 0xcf, 0xff, 0xb7, 0xff, 0xfe, 0x0,
    0x0, 0x0, 0x0, 0x0, 0xa, 0xff, 0xfb, 0x7f,
    0xff, 0xe0, 0x0, 0x0, 0x0, 0x0, 0x0, 0x12,
    0x22, 0x17, 0xff, 0xfe, 0x0, 0x0, 0x0, 0x0,
    0x0, 0x0, 0x0, 0x0, 0x7f, 0xff, 0xe0, 0x0,
    0x0, 0x0, 0x55, 0x55, 0x55, 0x55, 0x37, 0xff,
    0xfe, 0x0, 0x0, 0x0, 0xf, 0xff, 0xff, 0xff,
    0xfb, 0x7f, 0xff, 0xe0, 0x0, 0x0, 0x0, 0xff,
    0xff, 0xff, 0xff, 0xb7, 0xff, 0xfe, 0x0, 0x0,
    0x0, 0xf, 0xff, 0xff, 0xff, 0xfb, 0x7f, 0xff,
    0xe0, 0x0, 0x0, 0x0, 0xff, 0xff, 0xff, 0xff,
    0xb7, 0xff, 0xfe, 0x0, 0x0, 0x0, 0x0, 0x0,
    0xa, 0xff, 0xfb, 0x7f, 0xff, 0xe0, 0x0, 0x0,
    0x0, 0x0, 0x0, 0xaf, 0xff, 0xb7, 0xff, 0xff,
    0x55, 0x55, 0x55, 0x55, 0x55, 0x5c, 0xff, 0xfb,
    0x6f, 0xff, 0xff, 0xff, 0xff, 0xff, 0xff, 0xff,
    0xff, 0xff, 0xb1, 0xff, 0xff, 0xff, 0xff, 0xff,
    0xff, 0xff, 0xff, 0xff, 0xf6, 0x7, 0xff, 0xff,
    0xff, 0xff, 0xff, 0xff, 0xff, 0xff, 0xfb, 0x0,
    0x5, 0xcf, 0xff, 0xff, 0xff, 0xff, 0xff, 0xff,
    0xe8, 0x0,

    /* U+0048 "H" */
    0x6f, 0xff, 0xf0, 0x0, 0x0, 0x0, 0x0, 0x0,
    0x2f, 0xff, 0xf2, 0x6f, 0xff, 0xf0, 0x0, 0x0,
    0x0, 0x0, 0x0, 0x2f, 0xff, 0xf2, 0x6f, 0xff,
    0xf0, 0x0, 0x0, 0x0, 0x0, 0x0, 0x2f, 0xff,
    0xf2, 0x6f, 0xff, 0xf0, 0x0, 0x0, 0x0, 0x0,
    0x0, 0x2f, 0xff, 0xf2, 0x6f, 0xff, 0xf0, 0x0,
    0x0, 0x0, 0x0, 0x0, 0x2f, 0xff, 0xf2, 0x6f,
    0xff, 0xf0, 0x0, 0x0, 0x0, 0x0, 0x0, 0x2f,
    0xff, 0xf2, 0x6f, 0xff, 0xf0, 0x0, 0x0, 0x0,
    0x0, 0x0, 0x2f, 0xff, 0xf2, 0x6f, 0xff, 0xf0,
    0x0, 0x0, 0x0, 0x0, 0x0, 0x2f, 0xff, 0xf2,
    0x6f, 0xff, 0xff, 0xff, 0xff, 0xff, 0xff, 0xff,
    0xff, 0xff, 0xf2, 0x6f, 0xff, 0xff, 0xff, 0xff,
    0xff, 0xff, 0xff, 0xff, 0xff, 0xf2, 0x6f, 0xff,
    0xff, 0xff, 0xff, 0xff, 0xff, 0xff, 0xff, 0xff,
    0xf2, 0x6f, 0xff, 0xff, 0xff, 0xff, 0xff, 0xff,
    0xff, 0xff, 0xff, 0xf2, 0x6f, 0xff, 0xf5, 0x55,
    0x55, 0x55, 0x55, 0x55, 0x6f, 0xff, 0xf2, 0x6f,
    0xff, 0xf0, 0x0, 0x0, 0x0, 0x0, 0x0, 0x2f,
    0xff, 0xf2, 0x6f, 0xff, 0xf0, 0x0, 0x0, 0x0,
    0x0, 0x0, 0x2f, 0xff, 0xf2, 0x6f, 0xff, 0xf0,
    0x0, 0x0, 0x0, 0x0, 0x0, 0x2f, 0xff, 0xf2,
    0x6f, 0xff, 0xf0, 0x0, 0x0, 0x0, 0x0, 0x0,
    0x2f, 0xff, 0xf2, 0x6f, 0xff, 0xf0, 0x0, 0x0,
    0x0, 0x0, 0x0, 0x2f, 0xff, 0xf2, 0x6f, 0xff,
    0xf0, 0x0, 0x0, 0x0, 0x0, 0x0, 0x2f, 0xff,
    0xf2, 0x6f, 0xff, 0xf0, 0x0, 0x0, 0x0, 0x0,
    0x0, 0x2f, 0xff, 0xf2,

    /* U+0049 "I" */
    0x2f, 0xff, 0xf2, 0x2f, 0xff, 0xf2, 0x2f, 0xff,
    0xf2, 0x2f, 0xff, 0xf2, 0x2f, 0xff, 0xf2, 0x2f,
    0xff, 0xf2, 0x2f, 0xff, 0xf2, 0x2f, 0xff, 0xf2,
    0x2f, 0xff, 0xf2, 0x2f, 0xff, 0xf2, 0x2f, 0xff,
    0xf2, 0x2f, 0xff, 0xf2, 0x2f, 0xff, 0xf2, 0x2f,
    0xff, 0xf2, 0x2f, 0xff, 0xf2, 0x2f, 0xff, 0xf2,
    0x2f, 0xff, 0xf2, 0x2f, 0xff, 0xf2, 0x2f, 0xff,
    0xf2, 0x2f, 0xff, 0xf2,

    /* U+004A "J" */
    0x0, 0x0, 0x0, 0x0, 0x0, 0x0, 0x0, 0x2,
    0xff, 0xff, 0x40, 0x0, 0x0, 0x0, 0x0, 0x0,
    0x0, 0x0, 0x2f, 0xff, 0xf4, 0x0, 0x0, 0x0,
    0x0, 0x0, 0x0, 0x0, 0x2, 0xff, 0xff, 0x40,
    0x0, 0x0, 0x0, 0x0, 0x0, 0x0, 0x0, 0x2f,
    0xff, 0xf4, 0x0, 0x0, 0x0, 0x0, 0x0, 0x0,
    0x0, 0x2, 0xff, 0xff, 0x40, 0x0, 0x0, 0x0,
    0x0, 0x0, 0x0, 0x0, 0x2f, 0xff, 0xf4, 0x0,
    0x0, 0x0, 0x0, 0x0, 0x0, 0x0, 0x2, 0xff,
    0xff, 0x40, 0x0, 0x0, 0x0, 0x0, 0x0, 0x0,
    0x0, 0x2f, 0xff, 0xf4, 0x0, 0x0, 0x0, 0x0,
    0x0, 0x0, 0x0, 0x2, 0xff, 0xff, 0x40, 0x0,
    0x0, 0x0, 0x0, 0x0, 0x0, 0x0, 0x2f, 0xff,
    0xf4, 0x0, 0x0, 0x0, 0x0, 0x0, 0x0, 0x0,
    0x2, 0xff, 0xff, 0x40, 0x0, 0x0, 0x0, 0x0,
    0x0, 0x0, 0x0, 0x2f, 0xff, 0xf4, 0x0, 0x0,
    0x0, 0x0, 0x0, 0x0, 0x0, 0x2, 0xff, 0xff,
    0x49, 0xaa, 0xa4, 0x0, 0x0, 0x0, 0x0, 0x0,
    0x2f, 0xff, 0xf4, 0xef, 0xff, 0x70, 0x0, 0x0,
    0x0, 0x0, 0x2, 0xff, 0xff, 0x4e, 0xff, 0xfa,
    0x55, 0x55, 0x55, 0x55, 0x55, 0x6f, 0xff, 0xf4,
    0xdf, 0xff, 0xff, 0xff, 0xff, 0xff, 0xff, 0xff,
    0xff, 0xff, 0x38, 0xff, 0xff, 0xff, 0xff, 0xff,
    0xff, 0xff, 0xff, 0xff, 0xe0, 0x1d, 0xff, 0xff,
    0xff, 0xff, 0xff, 0xff, 0xff, 0xff, 0xf4, 0x0,
    0x19, 0xef, 0xff, 0xff, 0xff, 0xff, 0xff, 0xff,
    0xc3, 0x0,

    /* U+004B "K" */
    0x6f, 0xff, 0xf0, 0x0, 0x0, 0x0, 0x0, 0x1d,
    0xff, 0xff, 0x16, 0xff, 0xff, 0x0, 0x0, 0x0,
    0x0, 0xb, 0xff, 0xff, 0xf0, 0x6f, 0xff, 0xf0,
    0x0, 0x0, 0x0, 0x8, 0xff, 0xff, 0xf4, 0x6,
    0xff, 0xff, 0x0, 0x0, 0x0, 0x6, 0xff, 0xff,
    0xf6, 0x0, 0x6f, 0xff, 0xf0, 0x0, 0x0, 0x3,
    0xff, 0xff, 0xf9, 0x0, 0x6, 0xff, 0xff, 0x0,
    0x0, 0x1, 0xef, 0xff, 0xfb, 0x0, 0x0, 0x6f,
    0xff, 0xf0, 0x0, 0x0, 0xcf, 0xff, 0xfd, 0x10,
    0x0, 0x6, 0xff, 0xff, 0x0, 0x0, 0xaf, 0xff,
    0xfe, 0x20, 0x0, 0x0, 0x6f, 0xff, 0xff, 0xff,
    0xff, 0xff, 0xff, 0x40, 0x0, 0x0, 0x6, 0xff,
    0xff, 0xff, 0xff, 0xff, 0xff, 0x60, 0x0, 0x0,
    0x0, 0x6f, 0xff, 0xff, 0xff, 0xff, 0xff, 0xf3,
    0x0, 0x0, 0x0, 0x6, 0xff, 0xff, 0xff, 0xff,
    0xff, 0xff, 0xe1, 0x0, 0x0, 0x0, 0x6f, 0xff,
    0xf5, 0x55, 0x5d, 0xff, 0xff, 0xd0, 0x0, 0x0,
    0x6, 0xff, 0xff, 0x0, 0x0, 0x2e, 0xff, 0xff,
    0xb0, 0x0, 0x0, 0x6f, 0xff, 0xf0, 0x0, 0x0,
    0x3f, 0xff, 0xff, 0x90, 0x0, 0x6, 0xff, 0xff,
    0x0, 0x0, 0x0, 0x5f, 0xff, 0xff, 0x70, 0x0,
    0x6f, 0xff, 0xf0, 0x0, 0x0, 0x0, 0x7f, 0xff,
    0xff, 0x50, 0x6, 0xff, 0xff, 0x0, 0x0, 0x0,
    0x0, 0xaf, 0xff, 0xff, 0x30, 0x6f, 0xff, 0xf0,
    0x0, 0x0, 0x0, 0x0, 0xcf, 0xff, 0xfe, 0x6,
    0xff, 0xff, 0x0, 0x0, 0x0, 0x0, 0x1, 0xdf,
    0xff, 0xf1,

    /* U+004C "L" */
    0x6f, 0xff, 0xf0, 0x0, 0x0, 0x0, 0x0, 0x0,
    0x0, 0x0, 0x6, 0xff, 0xff, 0x0, 0x0, 0x0,
    0x0, 0x0, 0x0, 0x0, 0x0, 0x6f, 0xff, 0xf0,
    0x0, 0x0, 0x0, 0x0, 0x0, 0x0, 0x0, 0x6,
    0xff, 0xff, 0x0, 0x0, 0x0, 0x0, 0x0, 0x0,
    0x0, 0x0, 0x6f, 0xff, 0xf0, 0x0, 0x0, 0x0,
    0x0, 0x0, 0x0, 0x0, 0x6, 0xff, 0xff, 0x0,
    0x0, 0x0, 0x0, 0x0, 0x0, 0x0, 0x0, 0x6f,
    0xff, 0xf0, 0x0, 0x0, 0x0, 0x0, 0x0, 0x0,
    0x0, 0x6, 0xff, 0xff, 0x0, 0x0, 0x0, 0x0,
    0x0, 0x0, 0x0, 0x0, 0x6f, 0xff, 0xf0, 0x0,
    0x0, 0x0, 0x0, 0x0, 0x0, 0x0, 0x6, 0xff,
    0xff, 0x0, 0x0, 0x0, 0x0, 0x0, 0x0, 0x0,
    0x0, 0x6f, 0xff, 0xf0, 0x0, 0x0, 0x0, 0x0,
    0x0, 0x0, 0x0, 0x6, 0xff, 0xff, 0x0, 0x0,
    0x0, 0x0, 0x0, 0x0, 0x0, 0x0, 0x6f, 0xff,
    0xf0, 0x0, 0x0, 0x0, 0x0, 0x0, 0x0, 0x0,
    0x6, 0xff, 0xff, 0x0, 0x0, 0x0, 0x0, 0x0,
    0x0, 0x0, 0x0, 0x6f, 0xff, 0xf0, 0x0, 0x0,
    0x0, 0x0, 0x0, 0x0, 0x0, 0x6, 0xff, 0xff,
    0x55, 0x55, 0x55, 0x55, 0x55, 0x55, 0x55, 0x53,
    0x6f, 0xff, 0xff, 0xff, 0xff, 0xff, 0xff, 0xff,
    0xff, 0xff, 0xc6, 0xff, 0xff, 0xff, 0xff, 0xff,
    0xff, 0xff, 0xff, 0xff, 0xfc, 0x6f, 0xff, 0xff,
    0xff, 0xff, 0xff, 0xff, 0xff, 0xff, 0xff, 0xc6,
    0xff, 0xff, 0xff, 0xff, 0xff, 0xff, 0xff, 0xff,
    0xff, 0xfc,

    /* U+004D "M" */
    0x7f, 0xff, 0xf7, 0x0, 0x0, 0x0, 0x0, 0x0,
    0x0, 0xbf, 0xff, 0xf3, 0x7f, 0xff, 0xff, 0x50,
    0x0, 0x0, 0x0, 0x0, 0x9, 0xff, 0xff, 0xf3,
    0x7f, 0xff, 0xff, 0xf3, 0x0, 0x0, 0x0, 0x0,
    0x6f, 0xff, 0xff, 0xf3, 0x7f, 0xff, 0xff, 0xfe,
    0x10, 0x0, 0x0, 0x4, 0xff, 0xff, 0xff, 0xf3,
    0x7f, 0xff, 0xff, 0xff, 0xc0, 0x0, 0x0, 0x2f,
    0xff, 0xff, 0xff, 0xf3, 0x7f, 0xff, 0xff, 0xff,
    0xfb, 0x0, 0x1, 0xdf, 0xff, 0xff, 0xff, 0xf3,
    0x7f, 0xff, 0xff, 0xff, 0xff, 0x80, 0xc, 0xff,
    0xff, 0xef, 0xff, 0xf3, 0x7f, 0xff, 0xe5, 0xff,
    0xff, 0xf6, 0xaf, 0xff, 0xfe, 0x4f, 0xff, 0xf3,
    0x7f, 0xff, 0xe0, 0x7f, 0xff, 0xff, 0xff, 0xff,
    0xf3, 0x2f, 0xff, 0xf3, 0x7f, 0xff, 0xe0, 0xa,
    0xff, 0xff, 0xff, 0xff, 0x50, 0x2f, 0xff, 0xf3,
    0x7f, 0xff, 0xe0, 0x0, 0xcf, 0xff, 0xff, 0xf8,
    0x0, 0x2f, 0xff, 0xf3, 0x7f, 0xff, 0xe0, 0x0,
    0x1d, 0xff, 0xff, 0xa0, 0x0, 0x2f, 0xff, 0xf3,
    0x7f, 0xff, 0xe0, 0x0, 0x2, 0xef, 0xfc, 0x0,
    0x0, 0x2f, 0xff, 0xf3, 0x7f, 0xff, 0xe0, 0x0,
    0x0, 0x4f, 0xe1, 0x0, 0x0, 0x2f, 0xff, 0xf3,
    0x7f, 0xff, 0xe0, 0x0, 0x0, 0x6, 0x30, 0x0,
    0x0, 0x2f, 0xff, 0xf3, 0x7f, 0xff, 0xe0, 0x0,
    0x0, 0x0, 0x0, 0x0, 0x0, 0x2f, 0xff, 0xf3,
    0x7f, 0xff, 0xe0, 0x0, 0x0, 0x0, 0x0, 0x0,
    0x0, 0x2f, 0xff, 0xf3, 0x7f, 0xff, 0xe0, 0x0,
    0x0, 0x0, 0x0, 0x0, 0x0, 0x2f, 0xff, 0xf3,
    0x7f, 0xff, 0xe0, 0x0, 0x0, 0x0, 0x0, 0x0,
    0x0, 0x2f, 0xff, 0xf3, 0x7f, 0xff, 0xe0, 0x0,
    0x0, 0x0, 0x0, 0x0, 0x0, 0x2f, 0xff, 0xf3,

    /* U+004E "N" */
    0x7f, 0xff, 0xf7, 0x0, 0x0, 0x0, 0x0, 0x0,
    0xaf, 0xff, 0xb7, 0xff, 0xff, 0xf5, 0x0, 0x0,
    0x0, 0x0, 0xa, 0xff, 0xfb, 0x7f, 0xff, 0xff,
    0xf3, 0x0, 0x0, 0x0, 0x0, 0xaf, 0xff, 0xb7,
    0xff, 0xff, 0xff, 0xe1, 0x0, 0x0, 0x0, 0xa,
    0xff, 0xfb, 0x7f, 0xff, 0xff, 0xff, 0xc0, 0x0,
    0x0, 0x0, 0xaf, 0xff, 0xb7, 0xff, 0xff, 0xff,
    0xff, 0xb0, 0x0, 0x0, 0xa, 0xff, 0xfb, 0x7f,
    0xff, 0xff, 0xff, 0xff, 0x80, 0x0, 0x0, 0xaf,
    0xff, 0xb7, 0xff, 0xfe, 0x5f, 0xff, 0xff, 0x60,
    0x0, 0xa, 0xff, 0xfb, 0x7f, 0xff, 0xe0, 0x7f,
    0xff, 0xff, 0x40, 0x0, 0xaf, 0xff, 0xb7, 0xff,
    0xfe, 0x0, 0xaf, 0xff, 0xfe, 0x20, 0xa, 0xff,
    0xfb, 0x7f, 0xff, 0xe0, 0x0, 0xcf, 0xff, 0xfd,
    0x10, 0xaf, 0xff, 0xb7, 0xff, 0xfe, 0x0, 0x1,
    0xdf, 0xff, 0xfc, 0xa, 0xff, 0xfb, 0x7f, 0xff,
    0xe0, 0x0, 0x2, 0xff, 0xff, 0xfa, 0xaf, 0xff,
    0xb7, 0xff, 0xfe, 0x0, 0x0, 0x4, 0xff, 0xff,
    0xff, 0xff, 0xfb, 0x7f, 0xff, 0xe0, 0x0, 0x0,
    0x6, 0xff, 0xff, 0xff, 0xff, 0xb7, 0xff, 0xfe,
    0x0, 0x0, 0x0, 0x9, 0xff, 0xff, 0xff, 0xfb,
    0x7f, 0xff, 0xe0, 0x0, 0x0, 0x0, 0xb, 0xff,
    0xff, 0xff, 0xb7, 0xff, 0xfe, 0x0, 0x0, 0x0,
    0x0, 0xd, 0xff, 0xff, 0xfb, 0x7f, 0xff, 0xe0,
    0x0, 0x0, 0x0, 0x0, 0x1e, 0xff, 0xff, 0xb7,
    0xff, 0xfe, 0x0, 0x0, 0x0, 0x0, 0x0, 0x3f,
    0xff, 0xfb,

    /* U+004F "O" */
    0x0, 0x6d, 0xff, 0xff, 0xff, 0xff, 0xff, 0xff,
    0xfd, 0x70, 0x0, 0x8f, 0xff, 0xff, 0xff, 0xff,
    0xff, 0xff, 0xff, 0xff, 0xa0, 0x2f, 0xff, 0xff,
    0xff, 0xff, 0xff, 0xff, 0xff, 0xff, 0xff, 0x56,
    0xff, 0xff, 0xff, 0xff, 0xff, 0xff, 0xff, 0xff,
    0xff, 0xf9, 0x7f, 0xff, 0xe5, 0x55, 0x55, 0x55,
    0x55, 0x55, 0xcf, 0xff, 0xa7, 0xff, 0xfd, 0x0,
    0x0, 0x0, 0x0, 0x0, 0xb, 0xff, 0xfa, 0x7f,
    0xff, 0xd0, 0x0, 0x0, 0x0, 0x0, 0x0, 0xbf,
    0xff, 0xa7, 0xff, 0xfd, 0x0, 0x0, 0x0, 0x0,
    0x0, 0xb, 0xff, 0xfa, 0x7f, 0xff, 0xd0, 0x0,
    0x0, 0x0, 0x0, 0x0, 0xbf, 0xff, 0xa7, 0xff,
    0xfd, 0x0, 0x0, 0x0, 0x0, 0x0, 0xb, 0xff,
    0xfa, 0x7f, 0xff, 0xd0, 0x0, 0x0, 0x0, 0x0,
    0x0, 0xbf, 0xff, 0xa7, 0xff, 0xfd, 0x0, 0x0,
    0x0, 0x0, 0x0, 0xb, 0xff, 0xfa, 0x7f, 0xff,
    0xd0, 0x0, 0x0, 0x0, 0x0, 0x0, 0xbf, 0xff,
    0xa7, 0xff, 0xfd, 0x0, 0x0, 0x0, 0x0, 0x0,
    0xb, 0xff, 0xfa, 0x7f, 0xff, 0xd0, 0x0, 0x0,
    0x0, 0x0, 0x0, 0xbf, 0xff, 0xa7, 0xff, 0xfe,
    0x55, 0x55, 0x55, 0x55, 0x55, 0x5c, 0xff, 0xfa,
    0x6f, 0xff, 0xff, 0xff, 0xff, 0xff, 0xff, 0xff,
    0xff, 0xff, 0x92, 0xff, 0xff, 0xff, 0xff, 0xff,
    0xff, 0xff, 0xff, 0xff, 0xf5, 0x8, 0xff, 0xff,
    0xff, 0xff, 0xff, 0xff, 0xff, 0xff, 0xfa, 0x0,
    0x6, 0xdf, 0xff, 0xff, 0xff, 0xff, 0xff, 0xff,
    0xd7, 0x0,

    /* U+0050 "P" */
    0x7f, 0xff, 0xff, 0xff, 0xff, 0xff, 0xff, 0xff,
    0xfe, 0x80, 0x7, 0xff, 0xff, 0xff, 0xff, 0xff,
    0xff, 0xff, 0xff, 0xff, 0xb0, 0x7f, 0xff, 0xff,
    0xff, 0xff, 0xff, 0xff, 0xff, 0xff, 0xff, 0x67,
    0xff, 0xff, 0xff, 0xff, 0xff, 0xff, 0xff, 0xff,
    0xff, 0xfa, 0x7f, 0xff, 0xe4, 0x44, 0x44, 0x44,
    0x44, 0x44, 0xcf, 0xff, 0xb7, 0xff, 0xfe, 0x0,
    0x0, 0x0, 0x0, 0x0, 0xa, 0xff, 0xfb, 0x7f,
    0xff, 0xe0, 0x0, 0x0, 0x0, 0x0, 0x0, 0xaf,
    0xff, 0xb7, 0xff, 0xfe, 0x0, 0x0, 0x0, 0x0,
    0x0, 0xa, 0xff, 0xfb, 0x7f, 0xff, 0xe0, 0x0,
    0x0, 0x0, 0x0, 0x0, 0xaf, 0xff, 0xb7, 0xff,
    0xff, 0xff, 0xff, 0xff, 0xff, 0xff, 0xff, 0xff,
    0xfb, 0x7f, 0xff, 0xff, 0xff, 0xff, 0xff, 0xff,
    0xff, 0xff, 0xff, 0x87, 0xff, 0xff, 0xff, 0xff,
    0xff, 0xff, 0xff, 0xff, 0xff, 0xe1, 0x7f, 0xff,
    0xff, 0xff, 0xff, 0xff, 0xff, 0xff, 0xff, 0xd2,
    0x7, 0xff, 0xff, 0x55, 0x55, 0x55, 0x55, 0x55,
    0x55, 0x30, 0x0, 0x7f, 0xff, 0xe0, 0x0, 0x0,
    0x0, 0x0, 0x0, 0x0, 0x0, 0x7, 0xff, 0xfe,
    0x0, 0x0, 0x0, 0x0, 0x0, 0x0, 0x0, 0x0,
    0x7f, 0xff, 0xe0, 0x0, 0x0, 0x0, 0x0, 0x0,
    0x0, 0x0, 0x7, 0xff, 0xfe, 0x0, 0x0, 0x0,
    0x0, 0x0, 0x0, 0x0, 0x0, 0x7f, 0xff, 0xe0,
    0x0, 0x0, 0x0, 0x0, 0x0, 0x0, 0x0, 0x7,
    0xff, 0xfe, 0x0, 0x0, 0x0, 0x0, 0x0, 0x0,
    0x0, 0x0,

    /* U+0051 "Q" */
    0x0, 0x6d, 0xff, 0xff, 0xff, 0xff, 0xff, 0xff,
    0xfd, 0x70, 0x0, 0x0, 0x8f, 0xff, 0xff, 0xff,
    0xff, 0xff, 0xff, 0xff, 0xff, 0xa0, 0x0, 0x2f,
    0xff, 0xff, 0xff, 0xff, 0xff, 0xff, 0xff, 0xff,
    0xff, 0x50, 0x6, 0xff, 0xff, 0xff, 0xff, 0xff,
    0xff, 0xff, 0xff, 0xff, 0xf9, 0x0, 0x7f, 0xff,
    0xe5, 0x55, 0x55, 0x55, 0x55, 0x55, 0xcf, 0xff,
    0xa0, 0x7, 0xff, 0xfd, 0x0, 0x0, 0x0, 0x0,
    0x0, 0xb, 0xff, 0xfa, 0x0, 0x7f, 0xff, 0xd0,
    0x0, 0x0, 0x0, 0x0, 0x0, 0xbf, 0xff, 0xa0,
    0x7, 0xff, 0xfd, 0x0, 0x0, 0x0, 0x0, 0x0,
    0xb, 0xff, 0xfa, 0x0, 0x7f, 0xff, 0xd0, 0x0,
    0x0, 0x0, 0x0, 0x0, 0xbf, 0xff, 0xa0, 0x7,
    0xff, 0xfd, 0x0, 0x0, 0x0, 0x0, 0x0, 0xb,
    0xff, 0xfa, 0x0, 0x7f, 0xff, 0xd0, 0x0, 0x0,
    0x0, 0x0, 0x0, 0xbf, 0xff, 0xa0, 0x7, 0xff,
    0xfd, 0x0, 0x0, 0x0, 0x0, 0x0, 0xb, 0xff,
    0xfa, 0x0, 0x7f, 0xff, 0xd0, 0x0, 0x0, 0x0,
    0x0, 0x0, 0xbf, 0xff, 0xa0, 0x7, 0xff, 0xfd,
    0x0, 0x0, 0x0, 0x0, 0x0, 0xb, 0xff, 0xfa,
    0x0, 0x7f, 0xff, 0xd0, 0x0, 0x0, 0x0, 0x0,
    0x0, 0xbf, 0xff, 0xa0, 0x7, 0xff, 0xfe, 0x55,
    0x55, 0x55, 0x55, 0x55, 0x5c, 0xff, 0xfc, 0x54,
    0x6f, 0xff, 0xff, 0xff, 0xff, 0xff, 0xff, 0xff,
    0xff, 0xff, 0xff, 0xf2, 0xff, 0xff, 0xff, 0xff,
    0xff, 0xff, 0xff, 0xff, 0xff, 0xff, 0xff, 0x8,
    0xff, 0xff, 0xff, 0xff, 0xff, 0xff, 0xff, 0xff,
    0xff, 0xff, 0xf0, 0x6, 0xdf, 0xff, 0xff, 0xff,
    0xff, 0xff, 0xff, 0xff, 0xff, 0xff,

    /* U+0052 "R" */
    0x7f, 0xff, 0xff, 0xff, 0xff, 0xff, 0xff, 0xff,
    0xfe, 0x80, 0x7, 0xff, 0xff, 0xff, 0xff, 0xff,
    0xff, 0xff, 0xff, 0xff, 0xb0, 0x7f, 0xff, 0xff,
    0xff, 0xff, 0xff, 0xff, 0xff, 0xff, 0xff, 0x67,
    0xff, 0xff, 0xff, 0xff, 0xff, 0xff, 0xff, 0xff,
    0xff, 0xfa, 0x7f, 0xff, 0xe4, 0x44, 0x44, 0x44,
    0x44, 0x44, 0xcf, 0xff, 0xb7, 0xff, 0xfe, 0x0,
    0x0, 0x0, 0x0, 0x0, 0xa, 0xff, 0xfb, 0x7f,
    0xff, 0xe0, 0x0, 0x0, 0x0, 0x0, 0x0, 0xaf,
    0xff, 0xb7, 0xff, 0xfe, 0x0, 0x0, 0x0, 0x0,
    0x0, 0xa, 0xff, 0xfb, 0x7f, 0xff, 0xe0, 0x0,
    0x0, 0x0, 0x0, 0x0, 0xaf, 0xff, 0xb7, 0xff,
    0xff, 0xff, 0xff, 0xff, 0xff, 0xff, 0xff, 0xff,
    0xfb, 0x7f, 0xff, 0xff, 0xff, 0xff, 0xff, 0xff,
    0xff, 0xff, 0xff, 0x87, 0xff, 0xff, 0xff, 0xff,
    0xff, 0xff, 0xff, 0xff, 0xff, 0xe1, 0x7f, 0xff,
    0xff, 0xff, 0xff, 0xff, 0xff, 0xff, 0xff, 0xd2,
    0x7, 0xff, 0xff, 0x55, 0x55, 0x56, 0xff, 0xff,
    0xfc, 0x30, 0x0, 0x7f, 0xff, 0xe0, 0x0, 0x0,
    0x5, 0xff, 0xff, 0xf5, 0x0, 0x7, 0xff, 0xfe,
    0x0, 0x0, 0x0, 0x8, 0xff, 0xff, 0xf3, 0x0,
    0x7f, 0xff, 0xe0, 0x0, 0x0, 0x0, 0xa, 0xff,
    0xff, 0xe1, 0x7, 0xff, 0xfe, 0x0, 0x0, 0x0,
    0x0, 0xd, 0xff, 0xff, 0xc0, 0x7f, 0xff, 0xe0,
    0x0, 0x0, 0x0, 0x0, 0x1e, 0xff, 0xff, 0x97,
    0xff, 0xfe, 0x0, 0x0, 0x0, 0x0, 0x0, 0x3f,
    0xff, 0xfb,

    /* U+0053 "S" */
    0x0, 0x5d, 0xff, 0xff, 0xff, 0xff, 0xff, 0xff,
    0xfd, 0x70, 0x0, 0x8f, 0xff, 0xff, 0xff, 0xff,
    0xff, 0xff, 0xff, 0xff, 0xa0, 0x2f, 0xff, 0xff,
    0xff, 0xff, 0xff, 0xff, 0xff, 0xff, 0xff, 0x46,
    0xff, 0xff, 0xff, 0xff, 0xff, 0xff, 0xff, 0xff,
    0xff, 0xf9, 0x7f, 0xff, 0xe5, 0x55, 0x55, 0x55,
    0x55, 0x55, 0xcf, 0xff, 0xa7, 0xff, 0xfd, 0x0,
    0x0, 0x0, 0x0, 0x0, 0xb, 0xff, 0xfa, 0x7f,
    0xff, 0xd0, 0x0, 0x0, 0x0, 0x0, 0x0, 0x0,
    0x0, 0x7, 0xff, 0xfd, 0x0, 0x0, 0x0, 0x0,
    0x0, 0x0, 0x0, 0x0, 0x7f, 0xff, 0xff, 0xff,
    0xff, 0xff, 0xff, 0xff, 0xfd, 0x70, 0x4, 0xff,
    0xff, 0xff, 0xff, 0xff, 0xff, 0xff, 0xff, 0xff,
    0xb0, 0xb, 0xff, 0xff, 0xff, 0xff, 0xff, 0xff,
    0xff, 0xff, 0xff, 0x50, 0x1a, 0xff, 0xff, 0xff,
    0xff, 0xff, 0xff, 0xff, 0xff, 0xf9, 0x0, 0x2,
    0x45, 0x55, 0x55, 0x55, 0x55, 0x55, 0xcf, 0xff,
    0xa0, 0x0, 0x0, 0x0, 0x0, 0x0, 0x0, 0x0,
    0xb, 0xff, 0xfa, 0x6e, 0xee, 0xc0, 0x0, 0x0,
    0x0, 0x0, 0x0, 0xbf, 0xff, 0xa7, 0xff, 0xfe,
    0x55, 0x55, 0x55, 0x55, 0x55, 0x5c, 0xff, 0xfa,
    0x6f, 0xff, 0xff, 0xff, 0xff, 0xff, 0xff, 0xff,
    0xff, 0xff, 0x92, 0xff, 0xff, 0xff, 0xff, 0xff,
    0xff, 0xff, 0xff, 0xff, 0xf5, 0x8, 0xff, 0xff,
    0xff, 0xff, 0xff, 0xff, 0xff, 0xff, 0xfb, 0x0,
    0x6, 0xdf, 0xff, 0xff, 0xff, 0xff, 0xff, 0xff,
    0xd7, 0x0,

    /* U+0054 "T" */
    0x7f, 0xff, 0xff, 0xff, 0xff, 0xff, 0xff, 0xff,
    0xff, 0xff, 0xb7, 0xff, 0xff, 0xff, 0xff, 0xff,
    0xff, 0xff, 0xff, 0xff, 0xfb, 0x7f, 0xff, 0xff,
    0xff, 0xff, 0xff, 0xff, 0xff, 0xff, 0xff, 0xb7,
    0xff, 0xff, 0xff, 0xff, 0xff, 0xff, 0xff, 0xff,
    0xff, 0xfb, 0x25, 0x55, 0x55, 0x55, 0xbf, 0xff,
    0xe5, 0x55, 0x55, 0x55, 0x30, 0x0, 0x0, 0x0,
    0x8, 0xff, 0xfd, 0x0, 0x0, 0x0, 0x0, 0x0,
    0x0, 0x0, 0x0, 0x8f, 0xff, 0xd0, 0x0, 0x0,
    0x0, 0x0, 0x0, 0x0, 0x0, 0x8, 0xff, 0xfd,
    0x0, 0x0, 0x0, 0x0, 0x0, 0x0, 0x0, 0x0,
    0x8f, 0xff, 0xd0, 0x0, 0x0, 0x0, 0x0, 0x0,
    0x0, 0x0, 0x8, 0xff, 0xfd, 0x0, 0x0, 0x0,
    0x0, 0x0, 0x0, 0x0, 0x0, 0x8f, 0xff, 0xd0,
    0x0, 0x0, 0x0, 0x0, 0x0, 0x0, 0x0, 0x8,
    0xff, 0xfd, 0x0, 0x0, 0x0, 0x0, 0x0, 0x0,
    0x0, 0x0, 0x8f, 0xff, 0xd0, 0x0, 0x0, 0x0,
    0x0, 0x0, 0x0, 0x0, 0x8, 0xff, 0xfd, 0x0,
    0x0, 0x0, 0x0, 0x0, 0x0, 0x0, 0x0, 0x8f,
    0xff, 0xd0, 0x0, 0x0, 0x0, 0x0, 0x0, 0x0,
    0x0, 0x8, 0xff, 0xfd, 0x0, 0x0, 0x0, 0x0,
    0x0, 0x0, 0x0, 0x0, 0x8f, 0xff, 0xd0, 0x0,
    0x0, 0x0, 0x0, 0x0, 0x0, 0x0, 0x8, 0xff,
    0xfd, 0x0, 0x0, 0x0, 0x0, 0x0, 0x0, 0x0,
    0x0, 0x8f, 0xff, 0xd0, 0x0, 0x0, 0x0, 0x0,
    0x0, 0x0, 0x0, 0x8, 0xff, 0xfd, 0x0, 0x0,
    0x0, 0x0,

    /* U+0055 "U" */
    0x7f, 0xff, 0xd0, 0x0, 0x0, 0x0, 0x0, 0x0,
    0xbf, 0xff, 0xa7, 0xff, 0xfd, 0x0, 0x0, 0x0,
    0x0, 0x0, 0xb, 0xff, 0xfa, 0x7f, 0xff, 0xd0,
    0x0, 0x0, 0x0, 0x0, 0x0, 0xbf, 0xff, 0xa7,
    0xff, 0xfd, 0x0, 0x0, 0x0, 0x0, 0x0, 0xb,
    0xff, 0xfa, 0x7f, 0xff, 0xd0, 0x0, 0x0, 0x0,
    0x0, 0x0, 0xbf, 0xff, 0xa7, 0xff, 0xfd, 0x0,
    0x0, 0x0, 0x0, 0x0, 0xb, 0xff, 0xfa, 0x7f,
    0xff, 0xd0, 0x0, 0x0, 0x0, 0x0, 0x0, 0xbf,
    0xff, 0xa7, 0xff, 0xfd, 0x0, 0x0, 0x0, 0x0,
    0x0, 0xb, 0xff, 0xfa, 0x7f, 0xff, 0xd0, 0x0,
    0x0, 0x0, 0x0, 0x0, 0xbf, 0xff, 0xa7, 0xff,
    0xfd, 0x0, 0x0, 0x0, 0x0, 0x0, 0xb, 0xff,
    0xfa, 0x7f, 0xff, 0xd0, 0x0, 0x0, 0x0, 0x0,
    0x0, 0xbf, 0xff, 0xa7, 0xff, 0xfd, 0x0, 0x0,
    0x0, 0x0, 0x0, 0xb, 0xff, 0xfa, 0x7f, 0xff,
    0xd0, 0x0, 0x0, 0x0, 0x0, 0x0, 0xbf, 0xff,
    0xa7, 0xff, 0xfd, 0x0, 0x0, 0x0, 0x0, 0x0,
    0xb, 0xff, 0xfa, 0x7f, 0xff, 0xd0, 0x0, 0x0,
    0x0, 0x0, 0x0, 0xbf, 0xff, 0xa7, 0xff, 0xfe,
    0x55, 0x55, 0x55, 0x55, 0x55, 0x5c, 0xff, 0xfa,
    0x6f, 0xff, 0xff, 0xff, 0xff, 0xff, 0xff, 0xff,
    0xff, 0xff, 0x92, 0xff, 0xff, 0xff, 0xff, 0xff,
    0xff, 0xff, 0xff, 0xff, 0xf5, 0x8, 0xff, 0xff,
    0xff, 0xff, 0xff, 0xff, 0xff, 0xff, 0xfa, 0x0,
    0x6, 0xdf, 0xff, 0xff, 0xff, 0xff, 0xff, 0xff,
    0xd7, 0x0,

    /* U+0056 "V" */
    0xb, 0xff, 0xff, 0x40, 0x0, 0x0, 0x0, 0x0,
    0x0, 0x0, 0x0, 0x5f, 0xff, 0xfa, 0x2, 0xff,
    0xff, 0xd0, 0x0, 0x0, 0x0, 0x0, 0x0, 0x0,
    0x0, 0xef, 0xff, 0xf1, 0x0, 0x8f, 0xff, 0xf7,
    0x0, 0x0, 0x0, 0x0, 0x0, 0x0, 0x8, 0xff,
    0xff, 0x70, 0x0, 0xe, 0xff, 0xff, 0x10, 0x0,
    0x0, 0x0, 0x0, 0x0, 0x2f, 0xff, 0xfd, 0x0,
    0x0, 0x6, 0xff, 0xff, 0xa0, 0x0, 0x0, 0x0,
    0x0, 0x0, 0xaf, 0xff, 0xf5, 0x0, 0x0, 0x0,
    0xcf, 0xff, 0xf3, 0x0, 0x0, 0x0, 0x0, 0x4,
    0xff, 0xff, 0xb0, 0x0, 0x0, 0x0, 0x3f, 0xff,
    0xfc, 0x0, 0x0, 0x0, 0x0, 0xd, 0xff, 0xff,
    0x20, 0x0, 0x0, 0x0, 0xa, 0xff, 0xff, 0x60,
    0x0, 0x0, 0x0, 0x6f, 0xff, 0xf9, 0x0, 0x0,
    0x0, 0x0, 0x1, 0xff, 0xff, 0xe0, 0x0, 0x0,
    0x1, 0xef, 0xff, 0xe0, 0x0, 0x0, 0x0, 0x0,
    0x0, 0x7f, 0xff, 0xf8, 0x0, 0x0, 0x9, 0xff,
    0xff, 0x60, 0x0, 0x0, 0x0, 0x0, 0x0, 0xd,
    0xff, 0xff, 0x20, 0x0, 0x3f, 0xff, 0xfc, 0x0,
    0x0, 0x0, 0x0, 0x0, 0x0, 0x4, 0xff, 0xff,
    0xb0, 0x0, 0xcf, 0xff, 0xf3, 0x0, 0x0, 0x0,
    0x0, 0x0, 0x0, 0x0, 0xbf, 0xff, 0xf4, 0x5,
    0xff, 0xff, 0xa0, 0x0, 0x0, 0x0, 0x0, 0x0,
    0x0, 0x0, 0x2f, 0xff, 0xfd, 0x1e, 0xff, 0xff,
    0x10, 0x0, 0x0, 0x0, 0x0, 0x0, 0x0, 0x0,
    0x8, 0xff, 0xff, 0xdf, 0xff, 0xf7, 0x0, 0x0,
    0x0, 0x0, 0x0, 0x0, 0x0, 0x0, 0x0, 0xef,
    0xff, 0xff, 0xff, 0xd0, 0x0, 0x0, 0x0, 0x0,
    0x0, 0x0, 0x0, 0x0, 0x0, 0x6f, 0xff, 0xff,
    0xff, 0x40, 0x0, 0x0, 0x0, 0x0, 0x0, 0x0,
    0x0, 0x0, 0x0, 0xc, 0xff, 0xff, 0xfb, 0x0,
    0x0, 0x0, 0x0, 0x0, 0x0, 0x0, 0x0, 0x0,
    0x0, 0x3, 0xff, 0xff, 0xf2, 0x0, 0x0, 0x0,
    0x0, 0x0, 0x0, 0x0, 0x0, 0x0, 0x0, 0x0,
    0xaf, 0xff, 0x80, 0x0, 0x0, 0x0, 0x0, 0x0,

    /* U+0057 "W" */
    0xd, 0xff, 0xfc, 0x0, 0x0, 0x0, 0x0, 0xcf,
    0xff, 0x90, 0x0, 0x0, 0x0, 0xf, 0xff, 0xfa,
    0x7, 0xff, 0xff, 0x20, 0x0, 0x0, 0x2, 0xff,
    0xff, 0xe0, 0x0, 0x0, 0x0, 0x5f, 0xff, 0xf4,
    0x1, 0xff, 0xff, 0x80, 0x0, 0x0, 0x8, 0xff,
    0xff, 0xf5, 0x0, 0x0, 0x0, 0xbf, 0xff, 0xe0,
    0x0, 0xbf, 0xff, 0xe0, 0x0, 0x0, 0xe, 0xff,
    0xff, 0xfb, 0x0, 0x0, 0x1, 0xff, 0xff, 0x80,
    0x0, 0x5f, 0xff, 0xf4, 0x0, 0x0, 0x4f, 0xff,
    0xff, 0xff, 0x10, 0x0, 0x7, 0xff, 0xff, 0x20,
    0x0, 0xf, 0xff, 0xfa, 0x0, 0x0, 0xaf, 0xff,
    0xff, 0xff, 0x60, 0x0, 0xd, 0xff, 0xfc, 0x0,
    0x0, 0xa, 0xff, 0xff, 0x0, 0x0, 0xff, 0xff,
    0xff, 0xff, 0xc0, 0x0, 0x2f, 0xff, 0xf6, 0x0,
    0x0, 0x4, 0xff, 0xff, 0x50, 0x6, 0xff, 0xff,
    0xbf, 0xff, 0xf2, 0x0, 0x8f, 0xff, 0xf1, 0x0,
    0x0, 0x0, 0xef, 0xff, 0xb0, 0xb, 0xff, 0xfd,
    0x2f, 0xff, 0xf8, 0x0, 0xef, 0xff, 0xb0, 0x0,
    0x0, 0x0, 0x8f, 0xff, 0xf1, 0x1f, 0xff, 0xf8,
    0xc, 0xff, 0xfe, 0x4, 0xff, 0xff, 0x50, 0x0,
    0x0, 0x0, 0x2f, 0xff, 0xf7, 0x7f, 0xff, 0xf2,
    0x6, 0xff, 0xff, 0x4a, 0xff, 0xfe, 0x0, 0x0,
    0x0, 0x0, 0xc, 0xff, 0xfd, 0xdf, 0xff, 0xc0,
    0x0, 0xff, 0xff, 0xbf, 0xff, 0xf9, 0x0, 0x0,
    0x0, 0x0, 0x7, 0xff, 0xff, 0xff, 0xff, 0x60,
    0x0, 0xaf, 0xff, 0xff, 0xff, 0xf3, 0x0, 0x0,
    0x0, 0x0, 0x1, 0xff, 0xff, 0xff, 0xff, 0x10,
    0x0, 0x4f, 0xff, 0xff, 0xff, 0xd0, 0x0, 0x0,
    0x0, 0x0, 0x0, 0xbf, 0xff, 0xff, 0xfa, 0x0,
    0x0, 0xe, 0xff, 0xff, 0xff, 0x70, 0x0, 0x0,
    0x0, 0x0, 0x0, 0x5f, 0xff, 0xff, 0xf4, 0x0,
    0x0, 0x8, 0xff, 0xff, 0xff, 0x20, 0x0, 0x0,
    0x0, 0x0, 0x0, 0xf, 0xff, 0xff, 0xe0, 0x0,
    0x0, 0x2, 0xff, 0xff, 0xfc, 0x0, 0x0, 0x0,
    0x0, 0x0, 0x0, 0x9, 0xff, 0xff, 0x90, 0x0,
    0x0, 0x0, 0xcf, 0xff, 0xf6, 0x0, 0x0, 0x0,
    0x0, 0x0, 0x0, 0x3, 0xff, 0xff, 0x30, 0x0,
    0x0, 0x0, 0x6f, 0xff, 0xf0, 0x0, 0x0, 0x0,
    0x0, 0x0, 0x0, 0x0, 0xdf, 0xfd, 0x0, 0x0,
    0x0, 0x0, 0x1f, 0xff, 0xa0, 0x0, 0x0, 0x0,

    /* U+0058 "X" */
    0xbf, 0xff, 0xf3, 0x0, 0x0, 0x0, 0x0, 0x7,
    0xff, 0xff, 0x79, 0xff, 0xff, 0xe2, 0x0, 0x0,
    0x0, 0x5, 0xff, 0xff, 0xf5, 0xc, 0xff, 0xff,
    0xd1, 0x0, 0x0, 0x3, 0xff, 0xff, 0xf9, 0x0,
    0x1e, 0xff, 0xff, 0xc0, 0x0, 0x1, 0xef, 0xff,
    0xfb, 0x0, 0x0, 0x3f, 0xff, 0xff, 0xa0, 0x0,
    0xcf, 0xff, 0xfd, 0x0, 0x0, 0x0, 0x5f, 0xff,
    0xff, 0x70, 0xbf, 0xff, 0xfe, 0x20, 0x0, 0x0,
    0x0, 0x7f, 0xff, 0xff, 0xbf, 0xff, 0xff, 0x30,
    0x0, 0x0, 0x0, 0x0, 0xaf, 0xff, 0xff, 0xff,
    0xff, 0x50, 0x0, 0x0, 0x0, 0x0, 0x0, 0xcf,
    0xff, 0xff, 0xff, 0x70, 0x0, 0x0, 0x0, 0x0,
    0x0, 0x1, 0xdf, 0xff, 0xff, 0xa0, 0x0, 0x0,
    0x0, 0x0, 0x0, 0x0, 0x1d, 0xff, 0xff, 0xfa,
    0x0, 0x0, 0x0, 0x0, 0x0, 0x0, 0xc, 0xff,
    0xff, 0xff, 0xf7, 0x0, 0x0, 0x0, 0x0, 0x0,
    0xa, 0xff, 0xff, 0xff, 0xff, 0xf5, 0x0, 0x0,
    0x0, 0x0, 0x7, 0xff, 0xff, 0xfb, 0xff, 0xff,
    0xf3, 0x0, 0x0, 0x0, 0x5, 0xff, 0xff, 0xf7,
    0xb, 0xff, 0xff, 0xe2, 0x0, 0x0, 0x3, 0xff,
    0xff, 0xf9, 0x0, 0x1d, 0xff, 0xff, 0xd1, 0x0,
    0x1, 0xef, 0xff, 0xfb, 0x0, 0x0, 0x2e, 0xff,
    0xff, 0xb0, 0x0, 0xcf, 0xff, 0xfd, 0x10, 0x0,
    0x0, 0x3f, 0xff, 0xff, 0x90, 0x9f, 0xff, 0xfe,
    0x20, 0x0, 0x0, 0x0, 0x5f, 0xff, 0xff, 0x5b,
    0xff, 0xff, 0x30, 0x0, 0x0, 0x0, 0x0, 0x7f,
    0xff, 0xf7,

    /* U+0059 "Y" */
    0xd, 0xff, 0xff, 0x50, 0x0, 0x0, 0x0, 0x0,
    0x0, 0xcf, 0xff, 0xf6, 0x2, 0xff, 0xff, 0xf2,
    0x0, 0x0, 0x0, 0x0, 0xa, 0xff, 0xff, 0xa0,
    0x0, 0x6f, 0xff, 0xfd, 0x10, 0x0, 0x0, 0x0,
    0x7f, 0xff, 0xfd, 0x10, 0x0, 0xa, 0xff, 0xff,
    0xb0, 0x0, 0x0, 0x4, 0xff, 0xff, 0xf3, 0x0,
    0x0, 0x0, 0xdf, 0xff, 0xf8, 0x0, 0x0, 0x1e,
    0xff, 0xff, 0x70, 0x0, 0x0, 0x0, 0x2f, 0xff,
    0xff, 0x50, 0x0, 0xcf, 0xff, 0xfb, 0x0, 0x0,
    0x0, 0x0, 0x6, 0xff, 0xff, 0xf2, 0xa, 0xff,
    0xff, 0xe1, 0x0, 0x0, 0x0, 0x0, 0x0, 0xaf,
    0xff, 0xfd, 0x8f, 0xff, 0xff, 0x30, 0x0, 0x0,
    0x0, 0x0, 0x0, 0xd, 0xff, 0xff, 0xff, 0xff,
    0xf7, 0x0, 0x0, 0x0, 0x0, 0x0, 0x0, 0x3,
    0xff, 0xff, 0xff, 0xff, 0xb0, 0x0, 0x0, 0x0,
    0x0, 0x0, 0x0, 0x0, 0x6f, 0xff, 0xff, 0xfe,
    0x10, 0x0, 0x0, 0x0, 0x0, 0x0, 0x0, 0x0,
    0xa, 0xff, 0xff, 0xf3, 0x0, 0x0, 0x0, 0x0,
    0x0, 0x0, 0x0, 0x0, 0x1, 0xff, 0xff, 0x80,
    0x0, 0x0, 0x0, 0x0, 0x0, 0x0, 0x0, 0x0,
    0x0, 0xef, 0xff, 0x70, 0x0, 0x0, 0x0, 0x0,
    0x0, 0x0, 0x0, 0x0, 0x0, 0xef, 0xff, 0x70,
    0x0, 0x0, 0x0, 0x0, 0x0, 0x0, 0x0, 0x0,
    0x0, 0xef, 0xff, 0x70, 0x0, 0x0, 0x0, 0x0,
    0x0, 0x0, 0x0, 0x0, 0x0, 0xef, 0xff, 0x70,
    0x0, 0x0, 0x0, 0x0, 0x0, 0x0, 0x0, 0x0,
    0x0, 0xef, 0xff, 0x70, 0x0, 0x0, 0x0, 0x0,
    0x0, 0x0, 0x0, 0x0, 0x0, 0xef, 0xff, 0x70,
    0x0, 0x0, 0x0, 0x0, 0x0, 0x0, 0x0, 0x0,
    0x0, 0xef, 0xff, 0x70, 0x0, 0x0, 0x0, 0x0,

    /* U+005A "Z" */
    0x9f, 0xff, 0xff, 0xff, 0xff, 0xff, 0xff, 0xff,
    0xff, 0xff, 0x99, 0xff, 0xff, 0xff, 0xff, 0xff,
    0xff, 0xff, 0xff, 0xff, 0xf9, 0x9f, 0xff, 0xff,
    0xff, 0xff, 0xff, 0xff, 0xff, 0xff, 0xff, 0x99,
    0xff, 0xff, 0xff, 0xff, 0xff, 0xff, 0xff, 0xff,
    0xff, 0xf9, 0x25, 0x55, 0x55, 0x55, 0x55, 0x55,
    0x5a, 0xff, 0xff, 0xff, 0x60, 0x0, 0x0, 0x0,
    0x0, 0x0, 0x8, 0xff, 0xff, 0xff, 0x40, 0x0,
    0x0, 0x0, 0x0, 0x0, 0xa, 0xff, 0xff, 0xfe,
    0x30, 0x0, 0x0, 0x0, 0x0, 0x0, 0x1c, 0xff,
    0xff, 0xfc, 0x10, 0x0, 0x0, 0x0, 0x0, 0x0,
    0x3e, 0xff, 0xff, 0xfa, 0x0, 0x0, 0x0, 0x0,
    0x0, 0x0, 0x5f, 0xff, 0xff, 0xf7, 0x0, 0x0,
    0x0, 0x0, 0x0, 0x0, 0x7f, 0xff, 0xff, 0xf5,
    0x0, 0x0, 0x0, 0x0, 0x0, 0x0, 0xaf, 0xff,
    0xff, 0xe3, 0x0, 0x0, 0x0, 0x0, 0x0, 0x1,
    0xcf, 0xff, 0xff, 0xc1, 0x0, 0x0, 0x0, 0x0,
    0x0, 0x2, 0xef, 0xff, 0xff, 0xa0, 0x0, 0x0,
    0x0, 0x0, 0x0, 0x4, 0xff, 0xff, 0xff, 0x80,
    0x0, 0x0, 0x0, 0x0, 0x0, 0x5, 0xff, 0xff,
    0xff, 0xa5, 0x55, 0x55, 0x55, 0x55, 0x55, 0x53,
    0x9f, 0xff, 0xff, 0xff, 0xff, 0xff, 0xff, 0xff,
    0xff, 0xff, 0x99, 0xff, 0xff, 0xff, 0xff, 0xff,
    0xff, 0xff, 0xff, 0xff, 0xf9, 0x9f, 0xff, 0xff,
    0xff, 0xff, 0xff, 0xff, 0xff, 0xff, 0xff, 0x99,
    0xff, 0xff, 0xff, 0xff, 0xff, 0xff, 0xff, 0xff,
    0xff, 0xf9,

    /* U+005B "[" */
    0x7f, 0xff, 0xff, 0x67, 0xff, 0xff, 0xf6, 0x7f,
    0xff, 0xff, 0x67, 0xff, 0xff, 0xf6, 0x7f, 0xff,
    0xd3, 0x17, 0xff, 0xfc, 0x0, 0x7f, 0xff, 0xc0,
    0x7, 0xff, 0xfc, 0x0, 0x7f, 0xff, 0xc0, 0x7,
    0xff, 0xfc, 0x0, 0x7f, 0xff, 0xc0, 0x7, 0xff,
    0xfc, 0x0, 0x7f, 0xff, 0xc0, 0x7, 0xff, 0xfc,
    0x0, 0x7f, 0xff, 0xc0, 0x7, 0xff, 0xfd, 0x31,
    0x7f, 0xff, 0xff, 0x67, 0xff, 0xff, 0xf6, 0x7f,
    0xff, 0xff, 0x67, 0xff, 0xff, 0xf6,

    /* U+005C "\\" */
    0xdf, 0x20, 0x0, 0x0, 0x0, 0x0, 0x0, 0xd,
    0xfd, 0x10, 0x0, 0x0, 0x0, 0x0, 0x0, 0xdf,
    0xfb, 0x0, 0x0, 0x0, 0x0, 0x0, 0xd, 0xff,
    0xf9, 0x0, 0x0, 0x0, 0x0, 0x0, 0xaf, 0xff,
    0xf6, 0x0, 0x0, 0x0, 0x0, 0x0, 0xdf, 0xff,
    0xf3, 0x0, 0x0, 0x0, 0x0, 0x1, 0xef, 0xff,
    0xe1, 0x0, 0x0, 0x0, 0x0, 0x3, 0xff, 0xff,
    0xc0, 0x0, 0x0, 0x0, 0x0, 0x6, 0xff, 0xff,
    0xa0, 0x0, 0x0, 0x0, 0x0, 0x9, 0xff, 0xff,
    0x70, 0x0, 0x0, 0x0, 0x0, 0xb, 0xff, 0xff,
    0x50, 0x0, 0x0, 0x0, 0x0, 0x1d, 0xff, 0xff,
    0x20, 0x0, 0x0, 0x0, 0x0, 0x2f, 0xff, 0xfd,
    0x10, 0x0, 0x0, 0x0, 0x0, 0x4f, 0xff, 0xfc,
    0x0, 0x0, 0x0, 0x0, 0x0, 0x7f, 0xff, 0xf9,
    0x0, 0x0, 0x0, 0x0, 0x0, 0xaf, 0xff, 0xf6,
    0x0, 0x0, 0x0, 0x0, 0x0, 0xcf, 0xff, 0x90,
    0x0, 0x0, 0x0, 0x0, 0x1, 0xef, 0xf9, 0x0,
    0x0, 0x0, 0x0, 0x0, 0x3, 0xff, 0x90, 0x0,
    0x0, 0x0, 0x0, 0x0, 0x5, 0xf9,

    /* U+005D "]" */
    0x9f, 0xff, 0xff, 0x59, 0xff, 0xff, 0xf5, 0x9f,
    0xff, 0xff, 0x59, 0xff, 0xff, 0xf5, 0x23, 0xff,
    0xff, 0x50, 0xf, 0xff, 0xf5, 0x0, 0xff, 0xff,
    0x50, 0xf, 0xff, 0xf5, 0x0, 0xff, 0xff, 0x50,
    0xf, 0xff, 0xf5, 0x0, 0xff, 0xff, 0x50, 0xf,
    0xff, 0xf5, 0x0, 0xff, 0xff, 0x50, 0xf, 0xff,
    0xf5, 0x0, 0xff, 0xff, 0x52, 0x3f, 0xff, 0xf5,
    0x9f, 0xff, 0xff, 0x59, 0xff, 0xff, 0xf5, 0x9f,
    0xff, 0xff, 0x59, 0xff, 0xff, 0xf5,

    /* U+005F "_" */
    0x13, 0x33, 0x33, 0x33, 0x33, 0x33, 0x33, 0x33,
    0x33, 0x33, 0x17, 0xff, 0xff, 0xff, 0xff, 0xff,
    0xff, 0xff, 0xff, 0xff, 0xf5, 0x7f, 0xff, 0xff,
    0xff, 0xff, 0xff, 0xff, 0xff, 0xff, 0xff, 0x57,
    0xff, 0xff, 0xff, 0xff, 0xff, 0xff, 0xff, 0xff,
    0xff, 0xf5, 0x7f, 0xff, 0xff, 0xff, 0xff, 0xff,
    0xff, 0xff, 0xff, 0xff, 0x50,

    /* U+0060 "`" */
    0x89, 0x99, 0x50, 0xaf, 0xff, 0xc0, 0x6f, 0xff,
    0xf0, 0x2f, 0xff, 0xf4, 0xd, 0xff, 0xf8, 0x9,
    0xff, 0xfc,

    /* U+0061 "a" */
    0x8f, 0xff, 0xff, 0xff, 0xff, 0xff, 0xff, 0xa1,
    0x8, 0xff, 0xff, 0xff, 0xff, 0xff, 0xff, 0xff,
    0xe1, 0x8f, 0xff, 0xff, 0xff, 0xff, 0xff, 0xff,
    0xff, 0x98, 0xff, 0xff, 0xff, 0xff, 0xff, 0xff,
    0xff, 0xfd, 0x13, 0x33, 0x33, 0x33, 0x33, 0x33,
    0x8f, 0xff, 0xe0, 0x0, 0x0, 0x0, 0x0, 0x0,
    0x5, 0xff, 0xfe, 0x8f, 0xff, 0xff, 0xff, 0xff,
    0xff, 0xff, 0xff, 0xe8, 0xff, 0xff, 0xff, 0xff,
    0xff, 0xff, 0xff, 0xfe, 0x8f, 0xff, 0xff, 0xff,
    0xff, 0xff, 0xff, 0xff, 0xe8, 0xff, 0xfe, 0xbb,
    0xbb, 0xbb, 0xbc, 0xff, 0xfe, 0x8f, 0xff, 0xb0,
    0x0, 0x0, 0x0, 0x5f, 0xff, 0xe8, 0xff, 0xfc,
    0x33, 0x33, 0x33, 0x38, 0xff, 0xfe, 0x8f, 0xff,
    0xff, 0xff, 0xff, 0xff, 0xff, 0xff, 0xe3, 0xff,
    0xff, 0xff, 0xff, 0xff, 0xff, 0xff, 0xfe, 0x9,
    0xff, 0xff, 0xff, 0xff, 0xff, 0xff, 0xff, 0xe0,
    0x7, 0xdf, 0xff, 0xff, 0xff, 0xff, 0xff, 0xfe,

    /* U+0062 "b" */
    0x7f, 0xff, 0xc0, 0x0, 0x0, 0x0, 0x0, 0x0,
    0x7, 0xff, 0xfc, 0x0, 0x0, 0x0, 0x0, 0x0,
    0x0, 0x7f, 0xff, 0xc0, 0x0, 0x0, 0x0, 0x0,
    0x0, 0x7, 0xff, 0xfc, 0x0, 0x0, 0x0, 0x0,
    0x0, 0x0, 0x7f, 0xff, 0xc0, 0x0, 0x0, 0x0,
    0x0, 0x0, 0x7, 0xff, 0xff, 0xff, 0xff, 0xff,
    0xff, 0xfa, 0x20, 0x7f, 0xff, 0xff, 0xff, 0xff,
    0xff, 0xff, 0xfe, 0x27, 0xff, 0xff, 0xff, 0xff,
    0xff, 0xff, 0xff, 0xfa, 0x7f, 0xff, 0xff, 0xff,
    0xff, 0xff, 0xff, 0xff, 0xe7, 0xff, 0xfd, 0x33,
    0x33, 0x33, 0x37, 0xff, 0xff, 0x7f, 0xff, 0xc0,
    0x0, 0x0, 0x0, 0x5f, 0xff, 0xf7, 0xff, 0xfc,
    0x0, 0x0, 0x0, 0x5, 0xff, 0xff, 0x7f, 0xff,
    0xc0, 0x0, 0x0, 0x0, 0x5f, 0xff, 0xf7, 0xff,
    0xfc, 0x0, 0x0, 0x0, 0x5, 0xff, 0xff, 0x7f,
    0xff, 0xc0, 0x0, 0x0, 0x0, 0x5f, 0xff, 0xf7,
    0xff, 0xfc, 0x0, 0x0, 0x0, 0x5, 0xff, 0xff,
    0x7f, 0xff, 0xd3, 0x33, 0x33, 0x33, 0x7f, 0xff,
    0xf7, 0xff, 0xff, 0xff, 0xff, 0xff, 0xff, 0xff,
    0xfe, 0x7f, 0xff, 0xff, 0xff, 0xff, 0xff, 0xff,
    0xff, 0xa7, 0xff, 0xff, 0xff, 0xff, 0xff, 0xff,
    0xff, 0xe2, 0x7f, 0xff, 0xff, 0xff, 0xff, 0xff,
    0xff, 0xa2, 0x0,

    /* U+0063 "c" */
    0x0, 0x7d, 0xff, 0xff, 0xff, 0xff, 0xff, 0xff,
    0xd0, 0x9f, 0xff, 0xff, 0xff, 0xff, 0xff, 0xff,
    0xfd, 0x4f, 0xff, 0xff, 0xff, 0xff, 0xff, 0xff,
    0xff, 0xd8, 0xff, 0xff, 0xff, 0xff, 0xff, 0xff,
    0xff, 0xfd, 0x9f, 0xff, 0xc3, 0x33, 0x33, 0x33,
    0x33, 0x33, 0x39, 0xff, 0xfb, 0x0, 0x0, 0x0,
    0x0, 0x0, 0x0, 0x9f, 0xff, 0xb0, 0x0, 0x0,
    0x0, 0x0, 0x0, 0x9, 0xff, 0xfb, 0x0, 0x0,
    0x0, 0x0, 0x0, 0x0, 0x9f, 0xff, 0xb0, 0x0,
    0x0, 0x0, 0x0, 0x0, 0x9, 0xff, 0xfb, 0x0,
    0x0, 0x0, 0x0, 0x0, 0x0, 0x9f, 0xff, 0xb0,
    0x0, 0x0, 0x0, 0x0, 0x0, 0x9, 0xff, 0xfc,
    0x33, 0x33, 0x33, 0x33, 0x33, 0x33, 0x8f, 0xff,
    0xff, 0xff, 0xff, 0xff, 0xff, 0xff, 0xe4, 0xff,
    0xff, 0xff, 0xff, 0xff, 0xff, 0xff, 0xfe, 0x9,
    0xff, 0xff, 0xff, 0xff, 0xff, 0xff, 0xff, 0xe0,
    0x7, 0xdf, 0xff, 0xff, 0xff, 0xff, 0xff, 0xfe,

    /* U+0064 "d" */
    0x0, 0x0, 0x0, 0x0, 0x0, 0x0, 0x2f, 0xff,
    0xf2, 0x0, 0x0, 0x0, 0x0, 0x0, 0x0, 0x2f,
    0xff, 0xf2, 0x0, 0x0, 0x0, 0x0, 0x0, 0x0,
    0x2f, 0xff, 0xf2, 0x0, 0x0, 0x0, 0x0, 0x0,
    0x0, 0x2f, 0xff, 0xf2, 0x0, 0x0, 0x0, 0x0,
    0x0, 0x0, 0x2f, 0xff, 0xf2, 0x0, 0x5c, 0xff,
    0xff, 0xff, 0xff, 0xff, 0xff, 0xf2, 0x6, 0xff,
    0xff, 0xff, 0xff, 0xff, 0xff, 0xff, 0xf2, 0x1f,
    0xff, 0xff, 0xff, 0xff, 0xff, 0xff, 0xff, 0xf2,
    0x5f, 0xff, 0xff, 0xff, 0xff, 0xff, 0xff, 0xff,
    0xf2, 0x5f, 0xff, 0xf3, 0x33, 0x33, 0x33, 0x5f,
    0xff, 0xf2, 0x5f, 0xff, 0xf0, 0x0, 0x0, 0x0,
    0x2f, 0xff, 0xf2, 0x5f, 0xff, 0xf0, 0x0, 0x0,
    0x0, 0x2f, 0xff, 0xf2, 0x5f, 0xff, 0xf0, 0x0,
    0x0, 0x0, 0x2f, 0xff, 0xf2, 0x5f, 0xff, 0xf0,
    0x0, 0x0, 0x0, 0x2f, 0xff, 0xf2, 0x5f, 0xff,
    0xf0, 0x0, 0x0, 0x0, 0x2f, 0xff, 0xf2, 0x5f,
    0xff, 0xf0, 0x0, 0x0, 0x0, 0x2f, 0xff, 0xf2,
    0x5f, 0xff, 0xf3, 0x33, 0x33, 0x33, 0x5f, 0xff,
    0xf2, 0x5f, 0xff, 0xff, 0xff, 0xff, 0xff, 0xff,
    0xff, 0xf2, 0x1f, 0xff, 0xff, 0xff, 0xff, 0xff,
    0xff, 0xff, 0xf2, 0x6, 0xff, 0xff, 0xff, 0xff,
    0xff, 0xff, 0xff, 0xf2, 0x0, 0x5c, 0xff, 0xff,
    0xff, 0xff, 0xff, 0xff, 0xf2,

    /* U+0065 "e" */
    0x0, 0x7d, 0xff, 0xff, 0xff, 0xff, 0xff, 0xa1,
    0x0, 0x9f, 0xff, 0xff, 0xff, 0xff, 0xff, 0xff,
    0xe1, 0x4f, 0xff, 0xff, 0xff, 0xff, 0xff, 0xff,
    0xff, 0x98, 0xff, 0xff, 0xff, 0xff, 0xff, 0xff,
    0xff, 0xfd, 0x9f, 0xff, 0xc3, 0x33, 0x33, 0x33,
    0x8f, 0xff, 0xe9, 0xff, 0xfb, 0x0, 0x0, 0x0,
    0x6, 0xff, 0xfe, 0x9f, 0xff, 0xeb, 0xbb, 0xbb,
    0xbb, 0xdf, 0xff, 0xe9, 0xff, 0xff, 0xff, 0xff,
    0xff, 0xff, 0xff, 0xfe, 0x9f, 0xff, 0xff, 0xff,
    0xff, 0xff, 0xff, 0xff, 0xe9, 0xff, 0xff, 0xff,
    0xff, 0xff, 0xff, 0xff, 0xfe, 0x9f, 0xff, 0xb0,
    0x0, 0x0, 0x0, 0x0, 0x0, 0x9, 0xff, 0xfc,
    0x33, 0x33, 0x33, 0x33, 0x33, 0x33, 0x8f, 0xff,
    0xff, 0xff, 0xff, 0xff, 0xff, 0xff, 0xe4, 0xff,
    0xff, 0xff, 0xff, 0xff, 0xff, 0xff, 0xfe, 0x9,
    0xff, 0xff, 0xff, 0xff, 0xff, 0xff, 0xff, 0xe0,
    0x7, 0xdf, 0xff, 0xff, 0xff, 0xff, 0xff, 0xfe,

    /* U+0066 "f" */
    0x0, 0x6d, 0xff, 0xff, 0xff, 0xc0, 0x9f, 0xff,
    0xff, 0xff, 0xfc, 0x3f, 0xff, 0xff, 0xff, 0xff,
    0xc7, 0xff, 0xff, 0xff, 0xff, 0xfc, 0x8f, 0xff,
    0xd4, 0x44, 0x44, 0x38, 0xff, 0xff, 0xff, 0xff,
    0xfc, 0x8f, 0xff, 0xff, 0xff, 0xff, 0xc8, 0xff,
    0xff, 0xff, 0xff, 0xfc, 0x8f, 0xff, 0xff, 0xff,
    0xff, 0xc8, 0xff, 0xfd, 0x33, 0x33, 0x32, 0x8f,
    0xff, 0xc0, 0x0, 0x0, 0x8, 0xff, 0xfc, 0x0,
    0x0, 0x0, 0x8f, 0xff, 0xc0, 0x0, 0x0, 0x8,
    0xff, 0xfc, 0x0, 0x0, 0x0, 0x8f, 0xff, 0xc0,
    0x0, 0x0, 0x8, 0xff, 0xfc, 0x0, 0x0, 0x0,
    0x8f, 0xff, 0xc0, 0x0, 0x0, 0x8, 0xff, 0xfc,
    0x0, 0x0, 0x0, 0x8f, 0xff, 0xc0, 0x0, 0x0,
    0x8, 0xff, 0xfc, 0x0, 0x0, 0x0, 0x8f, 0xff,
    0xc0, 0x0, 0x0, 0x0,

    /* U+0067 "g" */
    0x1, 0x9e, 0xff, 0xff, 0xff, 0xff, 0xfe, 0x80,
    0x0, 0xdf, 0xff, 0xff, 0xff, 0xff, 0xff, 0xff,
    0xb0, 0x8f, 0xff, 0xff, 0xff, 0xff, 0xff, 0xff,
    0xff, 0x5c, 0xff, 0xff, 0xff, 0xff, 0xff, 0xff,
    0xff, 0xf9, 0xdf, 0xff, 0x93, 0x33, 0x33, 0x33,
    0xbf, 0xff, 0xad, 0xff, 0xf7, 0x0, 0x0, 0x0,
    0xa, 0xff, 0xfa, 0xdf, 0xff, 0x70, 0x0, 0x0,
    0x0, 0xaf, 0xff, 0xad, 0xff, 0xf7, 0x0, 0x0,
    0x0, 0xa, 0xff, 0xfa, 0xdf, 0xff, 0x70, 0x0,
    0x0, 0x0, 0xaf, 0xff, 0xad, 0xff, 0xf7, 0x0,
    0x0, 0x0, 0xa, 0xff, 0xfa, 0xdf, 0xff, 0x70,
    0x0, 0x0, 0x0, 0xaf, 0xff, 0xad, 0xff, 0xf9,
    0x33, 0x33, 0x33, 0x3b, 0xff, 0xfa, 0xcf, 0xff,
    0xff, 0xff, 0xff, 0xff, 0xff, 0xff, 0xa8, 0xff,
    0xff, 0xff, 0xff, 0xff, 0xff, 0xff, 0xfa, 0xd,
    0xff, 0xff, 0xff, 0xff, 0xff, 0xff, 0xff, 0xa0,
    0x19, 0xef, 0xff, 0xff, 0xff, 0xff, 0xff, 0xfa,
    0x0, 0x0, 0x0, 0x0, 0x0, 0x0, 0xaf, 0xff,
    0xa0, 0x1, 0x44, 0x44, 0x44, 0x44, 0x4b, 0xff,
    0xfa, 0x0, 0x4f, 0xff, 0xff, 0xff, 0xff, 0xff,
    0xff, 0x90, 0x4, 0xff, 0xff, 0xff, 0xff, 0xff,
    0xff, 0xf5, 0x0, 0x4f, 0xff, 0xff, 0xff, 0xff,
    0xff, 0xfb, 0x0, 0x4, 0xff, 0xff, 0xff, 0xff,
    0xff, 0xe8, 0x0,

    /* U+0068 "h" */
    0x7f, 0xff, 0xc0, 0x0, 0x0, 0x0, 0x0, 0x0,
    0x7, 0xff, 0xfc, 0x0, 0x0, 0x0, 0x0, 0x0,
    0x0, 0x7f, 0xff, 0xc0, 0x0, 0x0, 0x0, 0x0,
    0x0, 0x7, 0xff, 0xfc, 0x0, 0x0, 0x0, 0x0,
    0x0, 0x0, 0x7f, 0xff, 0xc0, 0x0, 0x0, 0x0,
    0x0, 0x0, 0x7, 0xff, 0xff, 0xff, 0xff, 0xff,
    0xff, 0xfa, 0x10, 0x7f, 0xff, 0xff, 0xff, 0xff,
    0xff, 0xff, 0xfe, 0x17, 0xff, 0xff, 0xff, 0xff,
    0xff, 0xff, 0xff, 0xfa, 0x7f, 0xff, 0xff, 0xff,
    0xff, 0xff, 0xff, 0xff, 0xe7, 0xff, 0xfd, 0x33,
    0x33, 0x33, 0x37, 0xff, 0xff, 0x7f, 0xff, 0xc0,
    0x0, 0x0, 0x0, 0x5f, 0xff, 0xf7, 0xff, 0xfc,
    0x0, 0x0, 0x0, 0x5, 0xff, 0xff, 0x7f, 0xff,
    0xc0, 0x0, 0x0, 0x0, 0x5f, 0xff, 0xf7, 0xff,
    0xfc, 0x0, 0x0, 0x0, 0x5, 0xff, 0xff, 0x7f,
    0xff, 0xc0, 0x0, 0x0, 0x0, 0x5f, 0xff, 0xf7,
    0xff, 0xfc, 0x0, 0x0, 0x0, 0x5, 0xff, 0xff,
    0x7f, 0xff, 0xc0, 0x0, 0x0, 0x0, 0x5f, 0xff,
    0xf7, 0xff, 0xfc, 0x0, 0x0, 0x0, 0x5, 0xff,
    0xff, 0x7f, 0xff, 0xc0, 0x0, 0x0, 0x0, 0x5f,
    0xff, 0xf7, 0xff, 0xfc, 0x0, 0x0, 0x0, 0x5,
    0xff, 0xff, 0x7f, 0xff, 0xc0, 0x0, 0x0, 0x0,
    0x5f, 0xff, 0xf0,

    /* U+0069 "i" */
    0x8f, 0xff, 0xb8, 0xff, 0xfb, 0x8f, 0xff, 0xb8,
    0xff, 0xfb, 0x24, 0x44, 0x28, 0xff, 0xfb, 0x8f,
    0xff, 0xb8, 0xff, 0xfb, 0x8f, 0xff, 0xb8, 0xff,
    0xfb, 0x8f, 0xff, 0xb8, 0xff, 0xfb, 0x8f, 0xff,
    0xb8, 0xff, 0xfb, 0x8f, 0xff, 0xb8, 0xff, 0xfb,
    0x8f, 0xff, 0xb8, 0xff, 0xfb, 0x8f, 0xff, 0xb8,
    0xff, 0xfb, 0x8f, 0xff, 0xb0,

    /* U+006A "j" */
    0x0, 0x0, 0x0, 0x6, 0xff, 0xfe, 0x0, 0x0,
    0x0, 0x6, 0xff, 0xfe, 0x0, 0x0, 0x0, 0x6,
    0xff, 0xfe, 0x0, 0x0, 0x0, 0x6, 0xff, 0xfe,
    0x0, 0x0, 0x0, 0x1, 0x44, 0x43, 0x0, 0x0,
    0x0, 0x6, 0xff, 0xfe, 0x0, 0x0, 0x0, 0x6,
    0xff, 0xfe, 0x0, 0x0, 0x0, 0x6, 0xff, 0xfe,
    0x0, 0x0, 0x0, 0x6, 0xff, 0xfe, 0x0, 0x0,
    0x0, 0x6, 0xff, 0xfe, 0x0, 0x0, 0x0, 0x6,
    0xff, 0xfe, 0x0, 0x0, 0x0, 0x6, 0xff, 0xfe,
    0x0, 0x0, 0x0, 0x6, 0xff, 0xfe, 0x0, 0x0,
    0x0, 0x6, 0xff, 0xfe, 0x0, 0x0, 0x0, 0x6,
    0xff, 0xfe, 0x0, 0x0, 0x0, 0x6, 0xff, 0xfe,
    0x0, 0x0, 0x0, 0x6, 0xff, 0xfe, 0x0, 0x0,
    0x0, 0x6, 0xff, 0xfe, 0x0, 0x0, 0x0, 0x6,
    0xff, 0xfe, 0x0, 0x0, 0x0, 0x6, 0xff, 0xfe,
    0x0, 0x0, 0x0, 0x6, 0xff, 0xfe, 0x0, 0x0,
    0x0, 0x6, 0xff, 0xfe, 0x4, 0x44, 0x44, 0x48,
    0xff, 0xfe, 0x3f, 0xff, 0xff, 0xff, 0xff, 0xfd,
    0x3f, 0xff, 0xff, 0xff, 0xff, 0xf9, 0x3f, 0xff,
    0xff, 0xff, 0xff, 0xd1, 0x3f, 0xff, 0xff, 0xff,
    0xe9, 0x10,

    /* U+006B "k" */
    0x7f, 0xff, 0xc0, 0x0, 0x0, 0x0, 0x0, 0x0,
    0x7, 0xff, 0xfc, 0x0, 0x0, 0x0, 0x0, 0x0,
    0x0, 0x7f, 0xff, 0xc0, 0x0, 0x0, 0x0, 0x0,
    0x0, 0x7, 0xff, 0xfc, 0x0, 0x0, 0x0, 0x0,
    0x0, 0x0, 0x7f, 0xff, 0xc0, 0x0, 0x0, 0x0,
    0x0, 0x0, 0x7, 0xff, 0xfc, 0x0, 0x0, 0x0,
    0x1d, 0xff, 0xfd, 0x7f, 0xff, 0xc0, 0x0, 0x0,
    0x1d, 0xff, 0xff, 0xa7, 0xff, 0xfc, 0x0, 0x0,
    0xc, 0xff, 0xff, 0xd0, 0x7f, 0xff, 0xc0, 0x0,
    0xb, 0xff, 0xff, 0xd1, 0x7, 0xff, 0xfc, 0x0,
    0xa, 0xff, 0xff, 0xe2, 0x0, 0x7f, 0xff, 0xc0,
    0x8, 0xff, 0xff, 0xf3, 0x0, 0x7, 0xff, 0xff,
    0xff, 0xff, 0xff, 0xf4, 0x0, 0x0, 0x7f, 0xff,
    0xff, 0xff, 0xff, 0xf5, 0x0, 0x0, 0x7, 0xff,
    0xff, 0xff, 0xff, 0xff, 0x20, 0x0, 0x0, 0x7f,
    0xff, 0xff, 0xff, 0xff, 0xfe, 0x20, 0x0, 0x7,
    0xff, 0xfd, 0x44, 0xbf, 0xff, 0xfe, 0x10, 0x0,
    0x7f, 0xff, 0xc0, 0x0, 0xcf, 0xff, 0xfd, 0x10,
    0x7, 0xff, 0xfc, 0x0, 0x0, 0xcf, 0xff, 0xfc,
    0x0, 0x7f, 0xff, 0xc0, 0x0, 0x1, 0xdf, 0xff,
    0xfc, 0x7, 0xff, 0xfc, 0x0, 0x0, 0x1, 0xdf,
    0xff, 0xfa, 0x7f, 0xff, 0xc0, 0x0, 0x0, 0x1,
    0xdf, 0xff, 0xd0,

    /* U+006C "l" */
    0x8f, 0xff, 0xc0, 0x0, 0x8, 0xff, 0xfc, 0x0,
    0x0, 0x8f, 0xff, 0xc0, 0x0, 0x8, 0xff, 0xfc,
    0x0, 0x0, 0x8f, 0xff, 0xc0, 0x0, 0x8, 0xff,
    0xfc, 0x0, 0x0, 0x8f, 0xff, 0xc0, 0x0, 0x8,
    0xff, 0xfc, 0x0, 0x0, 0x8f, 0xff, 0xc0, 0x0,
    0x8, 0xff, 0xfc, 0x0, 0x0, 0x8f, 0xff, 0xc0,
    0x0, 0x8, 0xff, 0xfc, 0x0, 0x0, 0x8f, 0xff,
    0xc0, 0x0, 0x8, 0xff, 0xfc, 0x0, 0x0, 0x8f,
    0xff, 0xc0, 0x0, 0x8, 0xff, 0xfc, 0x0, 0x0,
    0x8f, 0xff, 0xd3, 0x33, 0x8, 0xff, 0xff, 0xff,
    0xf0, 0x3f, 0xff, 0xff, 0xff, 0x0, 0x9f, 0xff,
    0xff, 0xf0, 0x0, 0x6d, 0xff, 0xff, 0x0,

    /* U+006D "m" */
    0x7f, 0xff, 0xff, 0xff, 0xff, 0xff, 0xff, 0xff,
    0xff, 0xff, 0xfb, 0x30, 0x7, 0xff, 0xff, 0xff,
    0xff, 0xff, 0xff, 0xff, 0xff, 0xff, 0xff, 0xff,
    0x30, 0x7f, 0xff, 0xff, 0xff, 0xff, 0xff, 0xff,
    0xff, 0xff, 0xff, 0xff, 0xfc, 0x7, 0xff, 0xff,
    0xff, 0xff, 0xff, 0xff, 0xff, 0xff, 0xff, 0xff,
    0xff, 0xf1, 0x7f, 0xff, 0xd3, 0x33, 0x33, 0xdf,
    0xff, 0x93, 0x33, 0x35, 0xff, 0xff, 0x17, 0xff,
    0xfc, 0x0, 0x0, 0xd, 0xff, 0xf7, 0x0, 0x0,
    0x2f, 0xff, 0xf1, 0x7f, 0xff, 0xc0, 0x0, 0x0,
    0xdf, 0xff, 0x70, 0x0, 0x2, 0xff, 0xff, 0x17,
    0xff, 0xfc, 0x0, 0x0, 0xd, 0xff, 0xf7, 0x0,
    0x0, 0x2f, 0xff, 0xf1, 0x7f, 0xff, 0xc0, 0x0,
    0x0, 0xdf, 0xff, 0x70, 0x0, 0x2, 0xff, 0xff,
    0x17, 0xff, 0xfc, 0x0, 0x0, 0xd, 0xff, 0xf7,
    0x0, 0x0, 0x2f, 0xff, 0xf1, 0x7f, 0xff, 0xc0,
    0x0, 0x0, 0xdf, 0xff, 0x70, 0x0, 0x2, 0xff,
    0xff, 0x17, 0xff, 0xfc, 0x0, 0x0, 0xd, 0xff,
    0xf7, 0x0, 0x0, 0x2f, 0xff, 0xf1, 0x7f, 0xff,
    0xc0, 0x0, 0x0, 0xdf, 0xff, 0x70, 0x0, 0x2,
    0xff, 0xff, 0x17, 0xff, 0xfc, 0x0, 0x0, 0xd,
    0xff, 0xf7, 0x0, 0x0, 0x2f, 0xff, 0xf1, 0x7f,
    0xff, 0xc0, 0x0, 0x0, 0xdf, 0xff, 0x70, 0x0,
    0x2, 0xff, 0xff, 0x17, 0xff, 0xfc, 0x0, 0x0,
    0xd, 0xff, 0xf7, 0x0, 0x0, 0x2f, 0xff, 0xf1,

    /* U+006E "n" */
    0x7f, 0xff, 0xff, 0xff, 0xff, 0xff, 0xff, 0xa2,
    0x7, 0xff, 0xff, 0xff, 0xff, 0xff, 0xff, 0xff,
    0xe2, 0x7f, 0xff, 0xff, 0xff, 0xff, 0xff, 0xff,
    0xff, 0xa7, 0xff, 0xff, 0xff, 0xff, 0xff, 0xff,
    0xff, 0xfe, 0x7f, 0xff, 0xd3, 0x33, 0x33, 0x33,
    0x7f, 0xff, 0xf7, 0xff, 0xfc, 0x0, 0x0, 0x0,
    0x5, 0xff, 0xff, 0x7f, 0xff, 0xc0, 0x0, 0x0,
    0x0, 0x5f, 0xff, 0xf7, 0xff, 0xfc, 0x0, 0x0,
    0x0, 0x5, 0xff, 0xff, 0x7f, 0xff, 0xc0, 0x0,
    0x0, 0x0, 0x5f, 0xff, 0xf7, 0xff, 0xfc, 0x0,
    0x0, 0x0, 0x5, 0xff, 0xff, 0x7f, 0xff, 0xc0,
    0x0, 0x0, 0x0, 0x5f, 0xff, 0xf7, 0xff, 0xfc,
    0x0, 0x0, 0x0, 0x5, 0xff, 0xff, 0x7f, 0xff,
    0xc0, 0x0, 0x0, 0x0, 0x5f, 0xff, 0xf7, 0xff,
    0xfc, 0x0, 0x0, 0x0, 0x5, 0xff, 0xff, 0x7f,
    0xff, 0xc0, 0x0, 0x0, 0x0, 0x5f, 0xff, 0xf7,
    0xff, 0xfc, 0x0, 0x0, 0x0, 0x5, 0xff, 0xff,

    /* U+006F "o" */
    0x0, 0x7d, 0xff, 0xff, 0xff, 0xff, 0xfe, 0xa1,
    0x0, 0x9f, 0xff, 0xff, 0xff, 0xff, 0xff, 0xff,
    0xe1, 0x4f, 0xff, 0xff, 0xff, 0xff, 0xff, 0xff,
    0xff, 0x98, 0xff, 0xff, 0xff, 0xff, 0xff, 0xff,
    0xff, 0xfd, 0x9f, 0xff, 0xc3, 0x33, 0x33, 0x33,
    0x8f, 0xff, 0xe9, 0xff, 0xfb, 0x0, 0x0, 0x0,
    0x6, 0xff, 0xfe, 0x9f, 0xff, 0xb0, 0x0, 0x0,
    0x0, 0x6f, 0xff, 0xe9, 0xff, 0xfb, 0x0, 0x0,
    0x0, 0x6, 0xff, 0xfe, 0x9f, 0xff, 0xb0, 0x0,
    0x0, 0x0, 0x6f, 0xff, 0xe9, 0xff, 0xfb, 0x0,
    0x0, 0x0, 0x6, 0xff, 0xfe, 0x9f, 0xff, 0xb0,
    0x0, 0x0, 0x0, 0x6f, 0xff, 0xe9, 0xff, 0xfc,
    0x33, 0x33, 0x33, 0x38, 0xff, 0xfe, 0x8f, 0xff,
    0xff, 0xff, 0xff, 0xff, 0xff, 0xff, 0xd4, 0xff,
    0xff, 0xff, 0xff, 0xff, 0xff, 0xff, 0xf9, 0x9,
    0xff, 0xff, 0xff, 0xff, 0xff, 0xff, 0xfd, 0x10,
    0x7, 0xdf, 0xff, 0xff, 0xff, 0xff, 0xe9, 0x10,

    /* U+0070 "p" */
    0x7f, 0xff, 0xff, 0xff, 0xff, 0xff, 0xff, 0xa2,
    0x7, 0xff, 0xff, 0xff, 0xff, 0xff, 0xff, 0xff,
    0xe2, 0x7f, 0xff, 0xff, 0xff, 0xff, 0xff, 0xff,
    0xff, 0xa7, 0xff, 0xff, 0xff, 0xff, 0xff, 0xff,
    0xff, 0xfe, 0x7f, 0xff, 0xd3, 0x33, 0x33, 0x33,
    0x7f, 0xff, 0xf7, 0xff, 0xfc, 0x0, 0x0, 0x0,
    0x5, 0xff, 0xff, 0x7f, 0xff, 0xc0, 0x0, 0x0,
    0x0, 0x5f, 0xff, 0xf7, 0xff, 0xfc, 0x0, 0x0,
    0x0, 0x5, 0xff, 0xff, 0x7f, 0xff, 0xc0, 0x0,
    0x0, 0x0, 0x5f, 0xff, 0xf7, 0xff, 0xfc, 0x0,
    0x0, 0x0, 0x5, 0xff, 0xff, 0x7f, 0xff, 0xc0,
    0x0, 0x0, 0x0, 0x5f, 0xff, 0xf7, 0xff, 0xfd,
    0x33, 0x33, 0x33, 0x37, 0xff, 0xff, 0x7f, 0xff,
    0xff, 0xff, 0xff, 0xff, 0xff, 0xff, 0xe7, 0xff,
    0xff, 0xff, 0xff, 0xff, 0xff, 0xff, 0xfa, 0x7f,
    0xff, 0xff, 0xff, 0xff, 0xff, 0xff, 0xfe, 0x27,
    0xff, 0xff, 0xff, 0xff, 0xff, 0xff, 0xfa, 0x20,
    0x7f, 0xff, 0xc0, 0x0, 0x0, 0x0, 0x0, 0x0,
    0x7, 0xff, 0xfc, 0x0, 0x0, 0x0, 0x0, 0x0,
    0x0, 0x7f, 0xff, 0xc0, 0x0, 0x0, 0x0, 0x0,
    0x0, 0x7, 0xff, 0xfc, 0x0, 0x0, 0x0, 0x0,
    0x0, 0x0, 0x7f, 0xff, 0xc0, 0x0, 0x0, 0x0,
    0x0, 0x0, 0x7, 0xff, 0xfc, 0x0, 0x0, 0x0,
    0x0, 0x0, 0x0,

    /* U+0071 "q" */
    0x0, 0x6d, 0xff, 0xff, 0xff, 0xff, 0xff, 0xff,
    0xf0, 0x8, 0xff, 0xff, 0xff, 0xff, 0xff, 0xff,
    0xff, 0xf0, 0x2f, 0xff, 0xff, 0xff, 0xff, 0xff,
    0xff, 0xff, 0xf0, 0x6f, 0xff, 0xff, 0xff, 0xff,
    0xff, 0xff, 0xff, 0xf0, 0x7f, 0xff, 0xe3, 0x33,
    0x33, 0x33, 0x6f, 0xff, 0xf0, 0x7f, 0xff, 0xe0,
    0x0, 0x0, 0x0, 0x3f, 0xff, 0xf0, 0x7f, 0xff,
    0xe0, 0x0, 0x0, 0x0, 0x3f, 0xff, 0xf0, 0x7f,
    0xff, 0xe0, 0x0, 0x0, 0x0, 0x3f, 0xff, 0xf0,
    0x7f, 0xff, 0xe0, 0x0, 0x0, 0x0, 0x3f, 0xff,
    0xf0, 0x7f, 0xff, 0xe0, 0x0, 0x0, 0x0, 0x3f,
    0xff, 0xf0, 0x7f, 0xff, 0xe0, 0x0, 0x0, 0x0,
    0x3f, 0xff, 0xf0, 0x7f, 0xff, 0xe3, 0x33, 0x33,
    0x33, 0x6f, 0xff, 0xf0, 0x6f, 0xff, 0xff, 0xff,
    0xff, 0xff, 0xff, 0xff, 0xf0, 0x2f, 0xff, 0xff,
    0xff, 0xff, 0xff, 0xff, 0xff, 0xf0, 0x7, 0xff,
    0xff, 0xff, 0xff, 0xff, 0xff, 0xff, 0xf0, 0x0,
    0x6d, 0xff, 0xff, 0xff, 0xff, 0xff, 0xff, 0xf0,
    0x0, 0x0, 0x0, 0x0, 0x0, 0x0, 0x3f, 0xff,
    0xf0, 0x0, 0x0, 0x0, 0x0, 0x0, 0x0, 0x3f,
    0xff, 0xf0, 0x0, 0x0, 0x0, 0x0, 0x0, 0x0,
    0x3f, 0xff, 0xf0, 0x0, 0x0, 0x0, 0x0, 0x0,
    0x0, 0x3f, 0xff, 0xf0, 0x0, 0x0, 0x0, 0x0,
    0x0, 0x0, 0x3f, 0xff, 0xf0, 0x0, 0x0, 0x0,
    0x0, 0x0, 0x0, 0x3f, 0xff, 0xf0,

    /* U+0072 "r" */
    0x0, 0x6d, 0xff, 0xff, 0xff, 0xff, 0xf8, 0x9,
    0xff, 0xff, 0xff, 0xff, 0xff, 0xf8, 0x3f, 0xff,
    0xff, 0xff, 0xff, 0xff, 0xf8, 0x7f, 0xff, 0xff,
    0xff, 0xff, 0xff, 0xf8, 0x8f, 0xff, 0xc3, 0x33,
    0x33, 0x33, 0x31, 0x8f, 0xff, 0xb0, 0x0, 0x0,
    0x0, 0x0, 0x8f, 0xff, 0xb0, 0x0, 0x0, 0x0,
    0x0, 0x8f, 0xff, 0xb0, 0x0, 0x0, 0x0, 0x0,
    0x8f, 0xff, 0xb0, 0x0, 0x0, 0x0, 0x0, 0x8f,
    0xff, 0xb0, 0x0, 0x0, 0x0, 0x0, 0x8f, 0xff,
    0xb0, 0x0, 0x0, 0x0, 0x0, 0x8f, 0xff, 0xb0,
    0x0, 0x0, 0x0, 0x0, 0x8f, 0xff, 0xb0, 0x0,
    0x0, 0x0, 0x0, 0x8f, 0xff, 0xb0, 0x0, 0x0,
    0x0, 0x0, 0x8f, 0xff, 0xb0, 0x0, 0x0, 0x0,
    0x0, 0x8f, 0xff, 0xb0, 0x0, 0x0, 0x0, 0x0,

    /* U+0073 "s" */
    0x0, 0x7e, 0xff, 0xff, 0xff, 0xff, 0xfe, 0x91,
    0x0, 0xaf, 0xff, 0xff, 0xff, 0xff, 0xff, 0xff,
    0xd0, 0x5f, 0xff, 0xff, 0xff, 0xff, 0xff, 0xff,
    0xff, 0x89, 0xff, 0xff, 0xff, 0xff, 0xff, 0xff,
    0xff, 0xfc, 0xaf, 0xff, 0xb3, 0x33, 0x33, 0x33,
    0x7c, 0xcc, 0xaa, 0xff, 0xfa, 0x0, 0x0, 0x0,
    0x0, 0x0, 0x0, 0xaf, 0xff, 0xff, 0xff, 0xff,
    0xff, 0xfe, 0x91, 0x6, 0xff, 0xff, 0xff, 0xff,
    0xff, 0xff, 0xff, 0xd0, 0xd, 0xff, 0xff, 0xff,
    0xff, 0xff, 0xff, 0xff, 0x80, 0x1b, 0xff, 0xff,
    0xff, 0xff, 0xff, 0xff, 0xfc, 0x0, 0x2, 0x34,
    0x44, 0x44, 0x44, 0x9f, 0xff, 0xd8, 0xcc, 0xc9,
    0x33, 0x33, 0x33, 0x39, 0xff, 0xfd, 0x9f, 0xff,
    0xff, 0xff, 0xff, 0xff, 0xff, 0xff, 0xc5, 0xff,
    0xff, 0xff, 0xff, 0xff, 0xff, 0xff, 0xf8, 0xb,
    0xff, 0xff, 0xff, 0xff, 0xff, 0xff, 0xfd, 0x0,
    0x7, 0xef, 0xff, 0xff, 0xff, 0xff, 0xe9, 0x10,

    /* U+0074 "t" */
    0x8f, 0xff, 0xc0, 0x0, 0x0, 0x8, 0xff, 0xfc,
    0x0, 0x0, 0x0, 0x8f, 0xff, 0xc0, 0x0, 0x0,
    0x8, 0xff, 0xfc, 0x0, 0x0, 0x0, 0x8f, 0xff,
    0xc0, 0x0, 0x0, 0x8, 0xff, 0xff, 0xff, 0xff,
    0xfc, 0x8f, 0xff, 0xff, 0xff, 0xff, 0xc8, 0xff,
    0xff, 0xff, 0xff, 0xfc, 0x8f, 0xff, 0xff, 0xff,
    0xff, 0xc8, 0xff, 0xfd, 0x33, 0x33, 0x32, 0x8f,
    0xff, 0xc0, 0x0, 0x0, 0x8, 0xff, 0xfc, 0x0,
    0x0, 0x0, 0x8f, 0xff, 0xc0, 0x0, 0x0, 0x8,
    0xff, 0xfc, 0x0, 0x0, 0x0, 0x8f, 0xff, 0xc0,
    0x0, 0x0, 0x8, 0xff, 0xfc, 0x0, 0x0, 0x0,
    0x8f, 0xff, 0xd3, 0x33, 0x33, 0x27, 0xff, 0xff,
    0xff, 0xff, 0xfc, 0x2f, 0xff, 0xff, 0xff, 0xff,
    0xc0, 0x8f, 0xff, 0xff, 0xff, 0xfc, 0x0, 0x6d,
    0xff, 0xff, 0xff, 0xc0,

    /* U+0075 "u" */
    0x8f, 0xff, 0xc0, 0x0, 0x0, 0x0, 0x5f, 0xff,
    0xf8, 0xff, 0xfc, 0x0, 0x0, 0x0, 0x5, 0xff,
    0xff, 0x8f, 0xff, 0xc0, 0x0, 0x0, 0x0, 0x5f,
    0xff, 0xf8, 0xff, 0xfc, 0x0, 0x0, 0x0, 0x5,
    0xff, 0xff, 0x8f, 0xff, 0xc0, 0x0, 0x0, 0x0,
    0x5f, 0xff, 0xf8, 0xff, 0xfc, 0x0, 0x0, 0x0,
    0x5, 0xff, 0xff, 0x8f, 0xff, 0xc0, 0x0, 0x0,
    0x0, 0x5f, 0xff, 0xf8, 0xff, 0xfc, 0x0, 0x0,
    0x0, 0x5, 0xff, 0xff, 0x8f, 0xff, 0xc0, 0x0,
    0x0, 0x0, 0x5f, 0xff, 0xf8, 0xff, 0xfc, 0x0,
    0x0, 0x0, 0x5, 0xff, 0xff, 0x8f, 0xff, 0xc0,
    0x0, 0x0, 0x0, 0x5f, 0xff, 0xf8, 0xff, 0xfd,
    0x33, 0x33, 0x33, 0x37, 0xff, 0xff, 0x7f, 0xff,
    0xff, 0xff, 0xff, 0xff, 0xff, 0xff, 0xe3, 0xff,
    0xff, 0xff, 0xff, 0xff, 0xff, 0xff, 0xfa, 0x9,
    0xff, 0xff, 0xff, 0xff, 0xff, 0xff, 0xfe, 0x10,
    0x6, 0xdf, 0xff, 0xff, 0xff, 0xff, 0xfa, 0x10,

    /* U+0076 "v" */
    0x2f, 0xff, 0xfc, 0x0, 0x0, 0x0, 0x0, 0x0,
    0x1f, 0xff, 0xfd, 0x0, 0x9f, 0xff, 0xf5, 0x0,
    0x0, 0x0, 0x0, 0x9, 0xff, 0xff, 0x40, 0x1,
    0xef, 0xff, 0xd0, 0x0, 0x0, 0x0, 0x2, 0xff,
    0xff, 0xb0, 0x0, 0x7, 0xff, 0xff, 0x70, 0x0,
    0x0, 0x0, 0xbf, 0xff, 0xf3, 0x0, 0x0, 0xd,
    0xff, 0xfe, 0x10, 0x0, 0x0, 0x4f, 0xff, 0xf9,
    0x0, 0x0, 0x0, 0x5f, 0xff, 0xf8, 0x0, 0x0,
    0xc, 0xff, 0xff, 0x10, 0x0, 0x0, 0x0, 0xcf,
    0xff, 0xf2, 0x0, 0x5, 0xff, 0xff, 0x80, 0x0,
    0x0, 0x0, 0x3, 0xff, 0xff, 0xa0, 0x0, 0xef,
    0xff, 0xe0, 0x0, 0x0, 0x0, 0x0, 0xa, 0xff,
    0xff, 0x30, 0x7f, 0xff, 0xf6, 0x0, 0x0, 0x0,
    0x0, 0x0, 0x2f, 0xff, 0xfc, 0x1e, 0xff, 0xfd,
    0x0, 0x0, 0x0, 0x0, 0x0, 0x0, 0x8f, 0xff,
    0xfc, 0xff, 0xff, 0x40, 0x0, 0x0, 0x0, 0x0,
    0x0, 0x1, 0xef, 0xff, 0xff, 0xff, 0xb0, 0x0,
    0x0, 0x0, 0x0, 0x0, 0x0, 0x6, 0xff, 0xff,
    0xff, 0xf2, 0x0, 0x0, 0x0, 0x0, 0x0, 0x0,
    0x0, 0xd, 0xff, 0xff, 0xf9, 0x0, 0x0, 0x0,
    0x0, 0x0, 0x0, 0x0, 0x0, 0x5f, 0xff, 0xff,
    0x10, 0x0, 0x0, 0x0, 0x0, 0x0, 0x0, 0x0,
    0x0, 0xcf, 0xff, 0x70, 0x0, 0x0, 0x0, 0x0,

    /* U+0077 "w" */
    0xd, 0xff, 0xfb, 0x0, 0x0, 0x0, 0x8f, 0xff,
    0xf1, 0x0, 0x0, 0x3, 0xff, 0xff, 0x50, 0x6f,
    0xff, 0xf2, 0x0, 0x0, 0xe, 0xff, 0xff, 0x80,
    0x0, 0x0, 0x9f, 0xff, 0xe0, 0x1, 0xff, 0xff,
    0x90, 0x0, 0x6, 0xff, 0xff, 0xff, 0x0, 0x0,
    0xf, 0xff, 0xf9, 0x0, 0xa, 0xff, 0xff, 0x0,
    0x0, 0xdf, 0xff, 0xff, 0xf7, 0x0, 0x5, 0xff,
    0xff, 0x30, 0x0, 0x3f, 0xff, 0xf6, 0x0, 0x4f,
    0xff, 0xff, 0xff, 0xe0, 0x0, 0xbf, 0xff, 0xd0,
    0x0, 0x0, 0xdf, 0xff, 0xd0, 0xb, 0xff, 0xff,
    0xff, 0xff, 0x60, 0x2f, 0xff, 0xf6, 0x0, 0x0,
    0x6, 0xff, 0xff, 0x43, 0xff, 0xff, 0xdf, 0xff,
    0xfd, 0x8, 0xff, 0xff, 0x10, 0x0, 0x0, 0x1f,
    0xff, 0xfa, 0xaf, 0xff, 0xf5, 0xbf, 0xff, 0xf5,
    0xef, 0xff, 0xa0, 0x0, 0x0, 0x0, 0xaf, 0xff,
    0xff, 0xff, 0xfd, 0x4, 0xff, 0xff, 0xef, 0xff,
    0xf4, 0x0, 0x0, 0x0, 0x3, 0xff, 0xff, 0xff,
    0xff, 0x70, 0xd, 0xff, 0xff, 0xff, 0xfe, 0x0,
    0x0, 0x0, 0x0, 0xd, 0xff, 0xff, 0xff, 0xf0,
    0x0, 0x5f, 0xff, 0xff, 0xff, 0x80, 0x0, 0x0,
    0x0, 0x0, 0x6f, 0xff, 0xff, 0xf8, 0x0, 0x0,
    0xef, 0xff, 0xff, 0xf2, 0x0, 0x0, 0x0, 0x0,
    0x1, 0xff, 0xff, 0xff, 0x20, 0x0, 0x6, 0xff,
    0xff, 0xfc, 0x0, 0x0, 0x0, 0x0, 0x0, 0xa,
    0xff, 0xff, 0xa0, 0x0, 0x0, 0xe, 0xff, 0xff,
    0x60, 0x0, 0x0, 0x0, 0x0, 0x0, 0x3f, 0xff,
    0xf3, 0x0, 0x0, 0x0, 0x8f, 0xff, 0xf0, 0x0,
    0x0, 0x0, 0x0, 0x0, 0x0, 0xdf, 0xfc, 0x0,
    0x0, 0x0, 0x1, 0xff, 0xf9, 0x0, 0x0, 0x0,

    /* U+0078 "x" */
    0xbf, 0xff, 0xf2, 0x0, 0x0, 0x0, 0xcf, 0xff,
    0xf0, 0x8f, 0xff, 0xfe, 0x10, 0x0, 0xa, 0xff,
    0xff, 0xd0, 0xb, 0xff, 0xff, 0xc0, 0x0, 0x8f,
    0xff, 0xfe, 0x20, 0x0, 0xdf, 0xff, 0xfa, 0x6,
    0xff, 0xff, 0xf3, 0x0, 0x0, 0x1e, 0xff, 0xff,
    0xaf, 0xff, 0xff, 0x50, 0x0, 0x0, 0x3, 0xff,
    0xff, 0xff, 0xff, 0xf7, 0x0, 0x0, 0x0, 0x0,
    0x4f, 0xff, 0xff, 0xff, 0x90, 0x0, 0x0, 0x0,
    0x0, 0x7, 0xff, 0xff, 0xfc, 0x0, 0x0, 0x0,
    0x0, 0x0, 0xa, 0xff, 0xff, 0xfe, 0x10, 0x0,
    0x0, 0x0, 0x0, 0x7f, 0xff, 0xff, 0xff, 0xc0,
    0x0, 0x0, 0x0, 0x4, 0xff, 0xff, 0xff, 0xff,
    0xf9, 0x0, 0x0, 0x0, 0x2f, 0xff, 0xff, 0x8f,
    0xff, 0xff, 0x70, 0x0, 0x1, 0xef, 0xff, 0xf9,
    0x4, 0xff, 0xff, 0xf4, 0x0, 0xc, 0xff, 0xff,
    0xb0, 0x0, 0x6f, 0xff, 0xff, 0x20, 0x8f, 0xff,
    0xfd, 0x10, 0x0, 0x9, 0xff, 0xff, 0xd0, 0xbf,
    0xff, 0xf2, 0x0, 0x0, 0x0, 0xcf, 0xff, 0xf0,

    /* U+0079 "y" */
    0xdf, 0xff, 0x70, 0x0, 0x0, 0x0, 0x9f, 0xff,
    0xad, 0xff, 0xf7, 0x0, 0x0, 0x0, 0x9, 0xff,
    0xfa, 0xdf, 0xff, 0x70, 0x0, 0x0, 0x0, 0x9f,
    0xff, 0xad, 0xff, 0xf7, 0x0, 0x0, 0x0, 0x9,
    0xff, 0xfa, 0xdf, 0xff, 0x70, 0x0, 0x0, 0x0,
    0x9f, 0xff, 0xad, 0xff, 0xf7, 0x0, 0x0, 0x0,
    0x9, 0xff, 0xfa, 0xdf, 0xff, 0x70, 0x0, 0x0,
    0x0, 0x9f, 0xff, 0xad, 0xff, 0xf7, 0x0, 0x0,
    0x0, 0x9, 0xff, 0xfa, 0xdf, 0xff, 0x70, 0x0,
    0x0, 0x0, 0x9f, 0xff, 0xad, 0xff, 0xf7, 0x0,
    0x0, 0x0, 0x9, 0xff, 0xfa, 0xdf, 0xff, 0x70,
    0x0, 0x0, 0x0, 0x9f, 0xff, 0xad, 0xff, 0xf9,
    0x33, 0x33, 0x33, 0x3b, 0xff, 0xfa, 0xcf, 0xff,
    0xff, 0xff, 0xff, 0xff, 0xff, 0xff, 0xa7, 0xff,
    0xff, 0xff, 0xff, 0xff, 0xff, 0xff, 0xfa, 0xd,
    0xff, 0xff, 0xff, 0xff, 0xff, 0xff, 0xff, 0xa0,
    0x9, 0xef, 0xff, 0xff, 0xff, 0xff, 0xff, 0xfa,
    0x0, 0x0, 0x0, 0x0, 0x0, 0x0, 0x9f, 0xff,
    0xa0, 0x1, 0x44, 0x44, 0x44, 0x44, 0x4b, 0xff,
    0xfa, 0x0, 0x4f, 0xff, 0xff, 0xff, 0xff, 0xff,
    0xff, 0x90, 0x4, 0xff, 0xff, 0xff, 0xff, 0xff,
    0xff, 0xf5, 0x0, 0x4f, 0xff, 0xff, 0xff, 0xff,
    0xff, 0xfb, 0x0, 0x4, 0xff, 0xff, 0xff, 0xff,
    0xff, 0xe8, 0x0,

    /* U+007A "z" */
    0x7f, 0xff, 0xff, 0xff, 0xff, 0xff, 0xff, 0xff,
    0xf7, 0xff, 0xff, 0xff, 0xff, 0xff, 0xff, 0xff,
    0xff, 0x7f, 0xff, 0xff, 0xff, 0xff, 0xff, 0xff,
    0xff, 0xf7, 0xff, 0xff, 0xff, 0xff, 0xff, 0xff,
    0xff, 0xff, 0x13, 0x33, 0x33, 0x33, 0x36, 0xff,
    0xff, 0xff, 0xa0, 0x0, 0x0, 0x0, 0x6, 0xff,
    0xff, 0xff, 0x70, 0x0, 0x0, 0x0, 0xa, 0xff,
    0xff, 0xfe, 0x30, 0x0, 0x0, 0x0, 0x2d, 0xff,
    0xff, 0xfb, 0x10, 0x0, 0x0, 0x0, 0x5f, 0xff,
    0xff, 0xf8, 0x0, 0x0, 0x0, 0x0, 0x9f, 0xff,
    0xff, 0xe4, 0x0, 0x0, 0x0, 0x2, 0xcf, 0xff,
    0xff, 0xc1, 0x0, 0x0, 0x0, 0x4, 0xff, 0xff,
    0xff, 0xc3, 0x33, 0x33, 0x33, 0x33, 0x7f, 0xff,
    0xff, 0xff, 0xff, 0xff, 0xff, 0xff, 0xf7, 0xff,
    0xff, 0xff, 0xff, 0xff, 0xff, 0xff, 0xff, 0x7f,
    0xff, 0xff, 0xff, 0xff, 0xff, 0xff, 0xff, 0xf7,
    0xff, 0xff, 0xff, 0xff, 0xff, 0xff, 0xff, 0xff,

    /* U+007B "{" */
    0x0, 0x4, 0xcf, 0xfa, 0x0, 0x4f, 0xff, 0xfa,
    0x0, 0xef, 0xff, 0xfa, 0x2, 0xff, 0xff, 0xfa,
    0x3, 0xff, 0xff, 0x42, 0x3, 0xff, 0xff, 0x0,
    0x3, 0xff, 0xff, 0x0, 0x9, 0xff, 0xff, 0x0,
    0x5f, 0xff, 0xff, 0x0, 0x5f, 0xff, 0xf3, 0x0,
    0x5f, 0xff, 0xfa, 0x0, 0x4f, 0xff, 0xff, 0x0,
    0x4, 0xff, 0xff, 0x0, 0x3, 0xff, 0xff, 0x0,
    0x3, 0xff, 0xff, 0x0, 0x3, 0xff, 0xff, 0x42,
    0x2, 0xff, 0xff, 0xfa, 0x0, 0xef, 0xff, 0xfa,
    0x0, 0x4f, 0xff, 0xfa, 0x0, 0x3, 0xcf, 0xfa,

    /* U+007C "|" */
    0x7e, 0xee, 0xb7, 0xff, 0xfc, 0x7f, 0xff, 0xc7,
    0xff, 0xfc, 0x7f, 0xff, 0xc7, 0xff, 0xfc, 0x7f,
    0xff, 0xc7, 0xff, 0xfc, 0x7f, 0xff, 0xc7, 0xff,
    0xfc, 0x7f, 0xff, 0xc7, 0xff, 0xfc, 0x7f, 0xff,
    0xc7, 0xff, 0xfc, 0x7f, 0xff, 0xc7, 0xff, 0xfc,
    0x7f, 0xff, 0xc7, 0xff, 0xfc, 0x7f, 0xff, 0xc7,
    0xff, 0xfc, 0x7f, 0xff, 0xc7, 0xff, 0xfc, 0x7f,
    0xff, 0xc7, 0xff, 0xfc, 0x7f, 0xff, 0xc0,

    /* U+007D "}" */
    0x9f, 0xfc, 0x50, 0x0, 0x9f, 0xff, 0xf6, 0x0,
    0x9f, 0xff, 0xff, 0x10, 0x9f, 0xff, 0xff, 0x40,
    0x23, 0xff, 0xff, 0x50, 0x0, 0xff, 0xff, 0x50,
    0x0, 0xff, 0xff, 0x50, 0x0, 0xff, 0xff, 0xa1,
    0x0, 0xef, 0xff, 0xf7, 0x0, 0x2e, 0xff, 0xf7,
    0x0, 0x8f, 0xff, 0xf7, 0x0, 0xff, 0xff, 0xf5,
    0x0, 0xff, 0xff, 0x60, 0x0, 0xff, 0xff, 0x50,
    0x0, 0xff, 0xff, 0x50, 0x23, 0xff, 0xff, 0x50,
    0x9f, 0xff, 0xff, 0x40, 0x9f, 0xff, 0xff, 0x10,
    0x9f, 0xff, 0xf6, 0x0, 0x9f, 0xfc, 0x40, 0x0,

    /* U+007E "~" */
    0x2a, 0xef, 0xc6, 0x0, 0x0, 0x0, 0x5f, 0xff,
    0xff, 0xe8, 0x35, 0xd2, 0x5f, 0xff, 0xff, 0xff,
    0xff, 0xf2, 0x5c, 0x43, 0x8e, 0xff, 0xff, 0xf2,
    0x10, 0x0, 0x0, 0x7d, 0xfd, 0x80
};


/*---------------------
 *  GLYPH DESCRIPTION
 *--------------------*/

static const lv_font_fmt_txt_glyph_dsc_t glyph_dsc[] = {
    {.bitmap_index = 0, .adv_w = 0, .box_w = 0, .box_h = 0, .ofs_x = 0, .ofs_y = 0} /* id = 0 reserved */,
    {.bitmap_index = 0, .adv_w = 144, .box_w = 0, .box_h = 0, .ofs_x = 0, .ofs_y = 0},
    {.bitmap_index = 0, .adv_w = 99, .box_w = 5, .box_h = 20, .ofs_x = 1, .ofs_y = 0},
    {.bitmap_index = 50, .adv_w = 177, .box_w = 10, .box_h = 6, .ofs_x = 1, .ofs_y = 14},
    {.bitmap_index = 80, .adv_w = 357, .box_w = 21, .box_h = 20, .ofs_x = 0, .ofs_y = 0},
    {.bitmap_index = 290, .adv_w = 353, .box_w = 21, .box_h = 26, .ofs_x = 0, .ofs_y = -3},
    {.bitmap_index = 563, .adv_w = 433, .box_w = 25, .box_h = 20, .ofs_x = 1, .ofs_y = 0},
    {.bitmap_index = 813, .adv_w = 420, .box_w = 24, .box_h = 21, .ofs_x = 1, .ofs_y = -1},
    {.bitmap_index = 1065, .adv_w = 112, .box_w = 5, .box_h = 6, .ofs_x = 1, .ofs_y = 14},
    {.bitmap_index = 1080, .adv_w = 132, .box_w = 7, .box_h = 20, .ofs_x = 1, .ofs_y = 0},
    {.bitmap_index = 1150, .adv_w = 133, .box_w = 7, .box_h = 20, .ofs_x = 1, .ofs_y = 0},
    {.bitmap_index = 1220, .adv_w = 231, .box_w = 14, .box_h = 13, .ofs_x = 0, .ofs_y = 7},
    {.bitmap_index = 1311, .adv_w = 204, .box_w = 13, .box_h = 12, .ofs_x = 0, .ofs_y = 2},
    {.bitmap_index = 1389, .adv_w = 109, .box_w = 5, .box_h = 8, .ofs_x = 1, .ofs_y = -4},
    {.bitmap_index = 1409, .adv_w = 232, .box_w = 13, .box_h = 5, .ofs_x = 1, .ofs_y = 6},
    {.bitmap_index = 1442, .adv_w = 104, .box_w = 5, .box_h = 5, .ofs_x = 1, .ofs_y = 0},
    {.bitmap_index = 1455, .adv_w = 233, .box_w = 15, .box_h = 20, .ofs_x = 0, .ofs_y = 0},
    {.bitmap_index = 1605, .adv_w = 374, .box_w = 21, .box_h = 20, .ofs_x = 1, .ofs_y = 0},
    {.bitmap_index = 1815, .adv_w = 175, .box_w = 11, .box_h = 20, .ofs_x = 0, .ofs_y = 0},
    {.bitmap_index = 1925, .adv_w = 372, .box_w = 21, .box_h = 20, .ofs_x = 1, .ofs_y = 0},
    {.bitmap_index = 2135, .adv_w = 370, .box_w = 21, .box_h = 20, .ofs_x = 1, .ofs_y = 0},
    {.bitmap_index = 2345, .adv_w = 327, .box_w = 20, .box_h = 20, .ofs_x = 0, .ofs_y = 0},
    {.bitmap_index = 2545, .adv_w = 372, .box_w = 21, .box_h = 20, .ofs_x = 1, .ofs_y = 0},
    {.bitmap_index = 2755, .adv_w = 367, .box_w = 21, .box_h = 20, .ofs_x = 1, .ofs_y = 0},
    {.bitmap_index = 2965, .adv_w = 296, .box_w = 17, .box_h = 20, .ofs_x = 0, .ofs_y = 0},
    {.bitmap_index = 3135, .adv_w = 374, .box_w = 21, .box_h = 20, .ofs_x = 1, .ofs_y = 0},
    {.bitmap_index = 3345, .adv_w = 371, .box_w = 21, .box_h = 20, .ofs_x = 1, .ofs_y = 0},
    {.bitmap_index = 3555, .adv_w = 111, .box_w = 5, .box_h = 16, .ofs_x = 1, .ofs_y = 0},
    {.bitmap_index = 3595, .adv_w = 119, .box_w = 5, .box_h = 20, .ofs_x = 1, .ofs_y = -4},
    {.bitmap_index = 3645, .adv_w = 212, .box_w = 13, .box_h = 18, .ofs_x = 0, .ofs_y = -1},
    {.bitmap_index = 3762, .adv_w = 286, .box_w = 16, .box_h = 10, .ofs_x = 1, .ofs_y = 4},
    {.bitmap_index = 3842, .adv_w = 213, .box_w = 13, .box_h = 18, .ofs_x = 1, .ofs_y = -1},
    {.bitmap_index = 3959, .adv_w = 304, .box_w = 19, .box_h = 20, .ofs_x = 0, .ofs_y = 0},
    {.bitmap_index = 4149, .adv_w = 365, .box_w = 21, .box_h = 20, .ofs_x = 1, .ofs_y = 0},
    {.bitmap_index = 4359, .adv_w = 375, .box_w = 21, .box_h = 20, .ofs_x = 1, .ofs_y = 0},
    {.bitmap_index = 4569, .adv_w = 373, .box_w = 21, .box_h = 20, .ofs_x = 1, .ofs_y = 0},
    {.bitmap_index = 4779, .adv_w = 368, .box_w = 21, .box_h = 20, .ofs_x = 1, .ofs_y = 0},
    {.bitmap_index = 4989, .adv_w = 374, .box_w = 21, .box_h = 20, .ofs_x = 1, .ofs_y = 0},
    {.bitmap_index = 5199, .adv_w = 343, .box_w = 20, .box_h = 20, .ofs_x = 1, .ofs_y = 0},
    {.bitmap_index = 5399, .adv_w = 324, .box_w = 20, .box_h = 20, .ofs_x = 1, .ofs_y = 0},
    {.bitmap_index = 5599, .adv_w = 372, .box_w = 21, .box_h = 20, .ofs_x = 1, .ofs_y = 0},
    {.bitmap_index = 5809, .adv_w = 381, .box_w = 22, .box_h = 20, .ofs_x = 1, .ofs_y = 0},
    {.bitmap_index = 6029, .adv_w = 96, .box_w = 6, .box_h = 20, .ofs_x = 0, .ofs_y = 0},
    {.bitmap_index = 6089, .adv_w = 349, .box_w = 21, .box_h = 20, .ofs_x = 0, .ofs_y = 0},
    {.bitmap_index = 6299, .adv_w = 357, .box_w = 21, .box_h = 20, .ofs_x = 1, .ofs_y = 0},
    {.bitmap_index = 6509, .adv_w = 349, .box_w = 21, .box_h = 20, .ofs_x = 1, .ofs_y = 0},
    {.bitmap_index = 6719, .adv_w = 416, .box_w = 24, .box_h = 20, .ofs_x = 1, .ofs_y = 0},
    {.bitmap_index = 6959, .adv_w = 373, .box_w = 21, .box_h = 20, .ofs_x = 1, .ofs_y = 0},
    {.bitmap_index = 7169, .adv_w = 371, .box_w = 21, .box_h = 20, .ofs_x = 1, .ofs_y = 0},
    {.bitmap_index = 7379, .adv_w = 354, .box_w = 21, .box_h = 20, .ofs_x = 1, .ofs_y = 0},
    {.bitmap_index = 7589, .adv_w = 396, .box_w = 23, .box_h = 20, .ofs_x = 1, .ofs_y = 0},
    {.bitmap_index = 7819, .adv_w = 370, .box_w = 21, .box_h = 20, .ofs_x = 1, .ofs_y = 0},
    {.bitmap_index = 8029, .adv_w = 371, .box_w = 21, .box_h = 20, .ofs_x = 1, .ofs_y = 0},
    {.bitmap_index = 8239, .adv_w = 340, .box_w = 21, .box_h = 20, .ofs_x = 0, .ofs_y = 0},
    {.bitmap_index = 8449, .adv_w = 371, .box_w = 21, .box_h = 20, .ofs_x = 1, .ofs_y = 0},
    {.bitmap_index = 8659, .adv_w = 449, .box_w = 28, .box_h = 20, .ofs_x = 0, .ofs_y = 0},
    {.bitmap_index = 8939, .adv_w = 528, .box_w = 32, .box_h = 20, .ofs_x = 0, .ofs_y = 0},
    {.bitmap_index = 9259, .adv_w = 364, .box_w = 21, .box_h = 20, .ofs_x = 1, .ofs_y = 0},
    {.bitmap_index = 9469, .adv_w = 361, .box_w = 24, .box_h = 20, .ofs_x = -1, .ofs_y = 0},
    {.bitmap_index = 9709, .adv_w = 368, .box_w = 21, .box_h = 20, .ofs_x = 1, .ofs_y = 0},
    {.bitmap_index = 9919, .adv_w = 123, .box_w = 7, .box_h = 20, .ofs_x = 1, .ofs_y = 0},
    {.bitmap_index = 9989, .adv_w = 233, .box_w = 15, .box_h = 20, .ofs_x = 0, .ofs_y = 0},
    {.bitmap_index = 10139, .adv_w = 124, .box_w = 7, .box_h = 20, .ofs_x = 1, .ofs_y = 0},
    {.bitmap_index = 10209, .adv_w = 371, .box_w = 21, .box_h = 5, .ofs_x = 1, .ofs_y = -4},
    {.bitmap_index = 10262, .adv_w = 122, .box_w = 6, .box_h = 6, .ofs_x = 1, .ofs_y = 18},
    {.bitmap_index = 10280, .adv_w = 311, .box_w = 17, .box_h = 16, .ofs_x = 1, .ofs_y = 0},
    {.bitmap_index = 10416, .adv_w = 299, .box_w = 17, .box_h = 21, .ofs_x = 1, .ofs_y = 0},
    {.bitmap_index = 10595, .adv_w = 311, .box_w = 17, .box_h = 16, .ofs_x = 1, .ofs_y = 0},
    {.bitmap_index = 10731, .adv_w = 299, .box_w = 18, .box_h = 21, .ofs_x = 0, .ofs_y = 0},
    {.bitmap_index = 10920, .adv_w = 310, .box_w = 17, .box_h = 16, .ofs_x = 1, .ofs_y = 0},
    {.bitmap_index = 11056, .adv_w = 197, .box_w = 11, .box_h = 21, .ofs_x = 1, .ofs_y = 0},
    {.bitmap_index = 11172, .adv_w = 306, .box_w = 17, .box_h = 22, .ofs_x = 1, .ofs_y = -6},
    {.bitmap_index = 11359, .adv_w = 299, .box_w = 17, .box_h = 21, .ofs_x = 1, .ofs_y = 0},
    {.bitmap_index = 11538, .adv_w = 103, .box_w = 5, .box_h = 21, .ofs_x = 1, .ofs_y = 0},
    {.bitmap_index = 11591, .adv_w = 107, .box_w = 12, .box_h = 27, .ofs_x = -6, .ofs_y = -6},
    {.bitmap_index = 11753, .adv_w = 289, .box_w = 17, .box_h = 21, .ofs_x = 1, .ofs_y = 0},
    {.bitmap_index = 11932, .adv_w = 151, .box_w = 9, .box_h = 21, .ofs_x = 1, .ofs_y = 0},
    {.bitmap_index = 12027, .adv_w = 438, .box_w = 25, .box_h = 16, .ofs_x = 1, .ofs_y = 0},
    {.bitmap_index = 12227, .adv_w = 312, .box_w = 17, .box_h = 16, .ofs_x = 1, .ofs_y = 0},
    {.bitmap_index = 12363, .adv_w = 310, .box_w = 17, .box_h = 16, .ofs_x = 1, .ofs_y = 0},
    {.bitmap_index = 12499, .adv_w = 297, .box_w = 17, .box_h = 22, .ofs_x = 1, .ofs_y = -6},
    {.bitmap_index = 12686, .adv_w = 297, .box_w = 18, .box_h = 22, .ofs_x = 0, .ofs_y = -6},
    {.bitmap_index = 12884, .adv_w = 236, .box_w = 14, .box_h = 16, .ofs_x = 1, .ofs_y = 0},
    {.bitmap_index = 12996, .adv_w = 307, .box_w = 17, .box_h = 16, .ofs_x = 1, .ofs_y = 0},
    {.bitmap_index = 13132, .adv_w = 202, .box_w = 11, .box_h = 21, .ofs_x = 1, .ofs_y = 0},
    {.bitmap_index = 13248, .adv_w = 311, .box_w = 17, .box_h = 16, .ofs_x = 1, .ofs_y = 0},
    {.bitmap_index = 13384, .adv_w = 354, .box_w = 23, .box_h = 16, .ofs_x = 0, .ofs_y = 0},
    {.bitmap_index = 13568, .adv_w = 472, .box_w = 29, .box_h = 16, .ofs_x = 0, .ofs_y = 0},
    {.bitmap_index = 13800, .adv_w = 310, .box_w = 18, .box_h = 16, .ofs_x = 1, .ofs_y = 0},
    {.bitmap_index = 13944, .adv_w = 307, .box_w = 17, .box_h = 22, .ofs_x = 1, .ofs_y = -6},
    {.bitmap_index = 14131, .adv_w = 313, .box_w = 17, .box_h = 16, .ofs_x = 1, .ofs_y = 0},
    {.bitmap_index = 14267, .adv_w = 129, .box_w = 8, .box_h = 20, .ofs_x = 0, .ofs_y = 0},
    {.bitmap_index = 14347, .adv_w = 96, .box_w = 5, .box_h = 25, .ofs_x = 1, .ofs_y = -3},
    {.bitmap_index = 14410, .adv_w = 129, .box_w = 8, .box_h = 20, .ofs_x = 1, .ofs_y = 0},
    {.bitmap_index = 14490, .adv_w = 181, .box_w = 12, .box_h = 5, .ofs_x = 0, .ofs_y = 6}
};

/*---------------------
 *  CHARACTER MAPPING
 *--------------------*/



/*Collect the unicode lists and glyph_id offsets*/
static const lv_font_fmt_txt_cmap_t cmaps[] =
{
    {
        .range_start = 32, .range_length = 62, .glyph_id_start = 1,
        .unicode_list = NULL, .glyph_id_ofs_list = NULL, .list_length = 0, .type = LV_FONT_FMT_TXT_CMAP_FORMAT0_TINY
    },
    {
        .range_start = 95, .range_length = 32, .glyph_id_start = 63,
        .unicode_list = NULL, .glyph_id_ofs_list = NULL, .list_length = 0, .type = LV_FONT_FMT_TXT_CMAP_FORMAT0_TINY
    }
};

/*-----------------
 *    KERNING
 *----------------*/


/*Pair left and right glyphs for kerning*/
static const uint8_t kern_pair_glyph_ids[] =
{
    9, 53,
    34, 56,
    34, 58,
    35, 55,
    35, 58,
    35, 72,
    36, 69,
    37, 46,
    37, 55,
    37, 56,
    37, 59,
    37, 73,
    38, 46,
    38, 48,
    39, 43,
    39, 53,
    40, 56,
    40, 58,
    40, 68,
    42, 43,
    42, 44,
    42, 53,
    42, 65,
    42, 66,
    42, 78,
    42, 79,
    42, 80,
    42, 81,
    42, 82,
    42, 83,
    42, 86,
    42, 87,
    42, 88,
    43, 69,
    44, 34,
    44, 41,
    44, 65,
    44, 79,
    44, 89,
    45, 55,
    45, 56,
    45, 58,
    45, 76,
    46, 65,
    46, 67,
    47, 69,
    48, 55,
    48, 56,
    48, 57,
    48, 67,
    48, 71,
    48, 90,
    49, 43,
    51, 55,
    51, 56,
    52, 47,
    52, 56,
    52, 87,
    53, 79,
    53, 83,
    54, 83,
    54, 86,
    54, 87,
    54, 88,
    55, 34,
    55, 69,
    55, 73,
    55, 79,
    55, 83,
    56, 34,
    56, 48,
    56, 65,
    56, 69,
    56, 72,
    56, 73,
    56, 79,
    56, 85,
    56, 89,
    57, 35,
    57, 65,
    57, 69,
    58, 65,
    58, 69,
    58, 79,
    58, 80,
    58, 83,
    58, 85,
    59, 69,
    65, 66,
    65, 67,
    65, 71,
    65, 72,
    65, 75,
    65, 76,
    65, 77,
    65, 78,
    65, 82,
    65, 83,
    65, 86,
    65, 87,
    65, 88,
    65, 90,
    66, 65,
    66, 85,
    66, 86,
    66, 87,
    67, 42,
    67, 65,
    67, 66,
    67, 67,
    67, 69,
    67, 72,
    67, 75,
    67, 79,
    67, 82,
    67, 84,
    67, 85,
    67, 90,
    68, 69,
    68, 79,
    68, 82,
    68, 85,
    68, 87,
    68, 89,
    69, 67,
    69, 69,
    69, 71,
    69, 72,
    69, 74,
    69, 76,
    69, 79,
    69, 82,
    69, 83,
    69, 86,
    69, 87,
    69, 88,
    69, 89,
    70, 13,
    70, 65,
    70, 68,
    70, 72,
    70, 74,
    70, 76,
    70, 78,
    70, 79,
    70, 84,
    70, 85,
    71, 65,
    71, 67,
    71, 69,
    71, 70,
    71, 71,
    71, 77,
    71, 79,
    71, 82,
    71, 83,
    71, 85,
    71, 87,
    71, 89,
    71, 90,
    72, 69,
    73, 65,
    73, 67,
    73, 68,
    73, 69,
    73, 70,
    73, 72,
    73, 75,
    73, 76,
    73, 78,
    73, 80,
    73, 81,
    73, 82,
    73, 83,
    73, 84,
    73, 86,
    73, 87,
    73, 88,
    73, 90,
    74, 65,
    74, 74,
    74, 85,
    75, 73,
    76, 65,
    76, 66,
    76, 68,
    76, 69,
    76, 70,
    76, 73,
    76, 76,
    76, 78,
    76, 79,
    76, 85,
    76, 89,
    76, 90,
    77, 65,
    77, 66,
    77, 67,
    77, 69,
    77, 71,
    77, 75,
    77, 77,
    77, 78,
    77, 80,
    77, 87,
    78, 66,
    78, 67,
    78, 69,
    78, 71,
    78, 79,
    78, 80,
    78, 83,
    78, 88,
    79, 65,
    79, 66,
    79, 76,
    79, 78,
    79, 79,
    79, 82,
    79, 83,
    79, 84,
    79, 85,
    79, 86,
    79, 87,
    79, 88,
    80, 74,
    81, 85,
    82, 13,
    82, 65,
    82, 66,
    82, 68,
    82, 69,
    82, 70,
    82, 71,
    82, 72,
    82, 73,
    82, 76,
    82, 78,
    82, 79,
    82, 83,
    82, 85,
    82, 86,
    82, 90,
    83, 67,
    83, 69,
    83, 71,
    83, 75,
    83, 78,
    83, 79,
    83, 85,
    83, 86,
    83, 87,
    83, 88,
    83, 90,
    84, 15,
    84, 65,
    84, 66,
    84, 68,
    84, 72,
    84, 77,
    84, 82,
    84, 83,
    84, 84,
    84, 86,
    84, 89,
    84, 90,
    85, 66,
    85, 67,
    85, 69,
    85, 70,
    85, 71,
    85, 75,
    85, 77,
    85, 79,
    85, 80,
    85, 83,
    85, 84,
    85, 87,
    85, 88,
    85, 90,
    86, 65,
    86, 69,
    86, 73,
    86, 79,
    86, 86,
    87, 65,
    87, 67,
    87, 69,
    87, 71,
    87, 72,
    87, 73,
    87, 76,
    87, 78,
    87, 79,
    87, 82,
    87, 83,
    87, 84,
    87, 85,
    87, 89,
    88, 69,
    88, 85,
    89, 65,
    89, 67,
    89, 69,
    89, 75,
    89, 76,
    89, 78,
    89, 79,
    89, 80,
    89, 82,
    89, 83,
    89, 87,
    90, 65,
    90, 69,
    90, 72,
    90, 76,
    90, 84,
    90, 90
};

/* Kerning between the respective left and right glyphs
 * 4.4 format which needs to scaled with `kern_scale`*/
static const int8_t kern_pair_values[] =
{
    4, -17, -9, -26, -18, -4, -4, -9,
    -17, -13, -12, -4, -9, -8, -85, 4,
    -16, -8, 4, 13, 4, 9, 9, 4,
    9, 4, 9, 9, 4, 4, 20, 4,
    9, -4, -10, -9, -4, -13, -4, -90,
    -50, -74, 4, -4, -9, -4, -16, -16,
    -14, -9, -4, -9, -13, -15, -15, -13,
    -15, -13, -10, -9, -4, -9, -4, -4,
    -5, -22, 4, -22, -25, -22, -20, -27,
    -36, -13, -18, -29, -27, -9, -11, -9,
    -9, -8, -23, -23, -9, -21, -8, -13,
    -13, -16, -4, -4, -4, -12, -13, -4,
    -12, -10, -17, -19, -9, -13, -4, -4,
    -5, -10, -9, -4, -4, -4, -11, -13,
    -13, -4, -4, -12, -12, -13, -10, -10,
    -4, -11, -4, -9, -11, -11, -4, -4,
    4, -12, -9, -3, -4, -26, -18, -9,
    -4, -44, 4, 4, 4, 9, 9, 9,
    4, 13, 4, -11, -10, -10, -4, -9,
    -4, -10, -11, -9, -11, -18, -9, -4,
    0, 0, 4, 9, 4, 9, 9, 4,
    13, 18, 9, 22, 13, 18, 9, 4,
    9, 9, 4, 4, 18, 4, 4, 5,
    1, 13, 4, 4, 13, 4, 4, 4,
    5, 9, 4, -14, -13, -18, -18, -19,
    -26, -26, -4, -26, -31, -13, -11, -13,
    -4, -11, -13, -9, -9, -12, -4, -12,
    -13, -11, -12, -10, -8, -12, -12, -32,
    -12, 4, -8, -70, 9, 4, 14, 4,
    9, 4, 4, 9, 4, 9, 2, 9,
    9, 4, 4, -9, -9, -5, -11, -11,
    -9, -15, -19, -13, -10, -11, 4, 13,
    4, 22, 9, 13, 4, 4, 4, 2,
    4, 9, -12, -11, -11, -11, -4, -4,
    -12, -4, -12, -10, -11, -4, -9, -12,
    -14, -13, 4, -4, 4, -13, -13, -14,
    -22, -9, -9, -4, -12, -27, -26, -25,
    -3, -9, -11, -10, -9, -11, -11, -11,
    -9, -4, -12, -11, -4, -9, -4, -4,
    -12, -11, -4, -12, -12, -13
};

/*Collect the kern pair's data in one place*/
static const lv_font_fmt_txt_kern_pair_t kern_pairs =
{
    .glyph_ids = kern_pair_glyph_ids,
    .values = kern_pair_values,
    .pair_cnt = 318,
    .glyph_ids_size = 0
};

/*--------------------
 *  ALL CUSTOM DATA
 *--------------------*/

#if LVGL_VERSION_MAJOR == 8
/*Store all the custom data of the font*/
static  lv_font_fmt_txt_glyph_cache_t cache;
#endif

#if LVGL_VERSION_MAJOR >= 8
static const lv_font_fmt_txt_dsc_t font_dsc = {
#else
static lv_font_fmt_txt_dsc_t font_dsc = {
#endif
    .glyph_bitmap = glyph_bitmap,
    .glyph_dsc = glyph_dsc,
    .cmaps = cmaps,
    .kern_dsc = &kern_pairs,
    .kern_scale = 16,
    .cmap_num = 2,
    .bpp = 4,
    .kern_classes = 0,
    .bitmap_format = 0,
#if LVGL_VERSION_MAJOR == 8
    .cache = &cache
#endif
};



/*-----------------
 *  PUBLIC FONT
 *----------------*/

/*Initialize a public general font descriptor*/
#if LVGL_VERSION_MAJOR >= 8
const lv_font_t orbitron_black_28 = {
#else
lv_font_t orbitron_black_28 = {
#endif
    .get_glyph_dsc = lv_font_get_glyph_dsc_fmt_txt,    /*Function pointer to get glyph's data*/
    .get_glyph_bitmap = lv_font_get_bitmap_fmt_txt,    /*Function pointer to get glyph's bitmap*/
    .line_height = 30,          /*The maximum line height required by the font*/
    .base_line = 6,             /*Baseline measured from the bottom of the line*/
#if !(LVGL_VERSION_MAJOR == 6 && LVGL_VERSION_MINOR == 0)
    .subpx = LV_FONT_SUBPX_NONE,
#endif
#if LV_VERSION_CHECK(7, 4, 0) || LVGL_VERSION_MAJOR >= 8
    .underline_position = -3,
    .underline_thickness = 1,
#endif
    .dsc = &font_dsc,          /*The custom font data. Will be accessed by `get_glyph_bitmap/dsc` */
#if LV_VERSION_CHECK(8, 2, 0) || LVGL_VERSION_MAJOR >= 9
    .fallback = NULL,
#endif
    .user_data = NULL,
};



#endif /*#if ORBITRON_BLACK_28*/

