/*******************************************************************************
 * Size: 36 px
 * Bpp: 4
 * Opts: --font fonts\Orbitron\static\Orbitron-Bold.ttf -r 0x20-0x7E --size 36 --format lvgl -o src\ui\fonts\orbitron_bold_36.c --bpp 4 --no-compress --lv-font-name orbitron_bold_36
 ******************************************************************************/

#ifdef LV_LVGL_H_INCLUDE_SIMPLE
#include "lvgl.h"
#else
#include <lvgl.h>
#endif

#ifndef ORBITRON_BOLD_36
#define ORBITRON_BOLD_36 1
#endif

#if ORBITRON_BOLD_36

/*-----------------
 *    BITMAPS
 *----------------*/

/*Store the image of the glyphs*/
static LV_ATTRIBUTE_LARGE_CONST const uint8_t glyph_bitmap[] = {
    /* U+0020 " " */

    /* U+0021 "!" */
    0xef, 0xff, 0xce, 0xff, 0xfc, 0xef, 0xff, 0xce,
    0xff, 0xfc, 0xef, 0xff, 0xce, 0xff, 0xfc, 0xef,
    0xff, 0xce, 0xff, 0xfc, 0xef, 0xff, 0xce, 0xff,
    0xfc, 0xef, 0xff, 0xce, 0xff, 0xfc, 0xef, 0xff,
    0xce, 0xff, 0xfc, 0xef, 0xff, 0xce, 0xff, 0xfc,
    0xef, 0xff, 0xce, 0xff, 0xfc, 0xbc, 0xcc, 0x90,
    0x0, 0x0, 0x0, 0x0, 0xa, 0xcc, 0xc9, 0xef,
    0xff, 0xce, 0xff, 0xfc, 0xef, 0xff, 0xce, 0xff,
    0xfc,

    /* U+0022 "\"" */
    0x7f, 0xff, 0xf3, 0x3f, 0xff, 0xf7, 0x7f, 0xff,
    0xf3, 0x3f, 0xff, 0xf7, 0x7f, 0xff, 0xf3, 0x3f,
    0xff, 0xf7, 0x7f, 0xff, 0xf3, 0x3f, 0xff, 0xf7,
    0x7f, 0xff, 0xf3, 0x3f, 0xff, 0xf7, 0x7f, 0xff,
    0xf3, 0x3f, 0xff, 0xf7, 0x49, 0x99, 0x92, 0x29,
    0x99, 0x94,

    /* U+0023 "#" */
    0x0, 0x0, 0x0, 0x0, 0xa, 0xff, 0xff, 0x30,
    0x0, 0x0, 0x8f, 0xff, 0xf3, 0x0, 0x0, 0x0,
    0x0, 0x0, 0xff, 0xff, 0xd0, 0x0, 0x0, 0xe,
    0xff, 0xfd, 0x0, 0x0, 0x0, 0x0, 0x0, 0x5f,
    0xff, 0xf7, 0x0, 0x0, 0x3, 0xff, 0xff, 0x80,
    0x0, 0x0, 0x0, 0x0, 0xa, 0xff, 0xff, 0x10,
    0x0, 0x0, 0x9f, 0xff, 0xf2, 0x0, 0x0, 0x0,
    0x0, 0x0, 0xff, 0xff, 0xb0, 0x0, 0x0, 0xe,
    0xff, 0xfc, 0x0, 0x0, 0x9c, 0xcc, 0xcc, 0xcf,
    0xff, 0xfe, 0xcc, 0xcc, 0xcc, 0xff, 0xff, 0xec,
    0xc3, 0xc, 0xff, 0xff, 0xff, 0xff, 0xff, 0xff,
    0xff, 0xff, 0xff, 0xff, 0xff, 0xff, 0x40, 0xcf,
    0xff, 0xff, 0xff, 0xff, 0xff, 0xff, 0xff, 0xff,
    0xff, 0xff, 0xff, 0xf4, 0xc, 0xff, 0xff, 0xff,
    0xff, 0xff, 0xff, 0xff, 0xff, 0xff, 0xff, 0xff,
    0xff, 0x40, 0xcf, 0xff, 0xff, 0xff, 0xff, 0xff,
    0xff, 0xff, 0xff, 0xff, 0xff, 0xff, 0xf4, 0x0,
    0x0, 0x0, 0xef, 0xff, 0xd0, 0x0, 0x0, 0xe,
    0xff, 0xfe, 0x0, 0x0, 0x0, 0x0, 0x0, 0x4f,
    0xff, 0xf8, 0x0, 0x0, 0x3, 0xff, 0xff, 0x90,
    0x0, 0x0, 0x0, 0x0, 0x9, 0xff, 0xff, 0x30,
    0x0, 0x0, 0x8f, 0xff, 0xf4, 0x0, 0x0, 0x0,
    0x0, 0x0, 0xef, 0xff, 0xe0, 0x0, 0x0, 0xd,
    0xff, 0xff, 0x0, 0x0, 0x0, 0x0, 0x0, 0x3f,
    0xff, 0xf9, 0x0, 0x0, 0x2, 0xff, 0xff, 0xa0,
    0x0, 0x0, 0xa, 0xcc, 0xcd, 0xff, 0xff, 0xdc,
    0xcc, 0xcc, 0xdf, 0xff, 0xfd, 0xcc, 0xcc, 0x20,
    0xdf, 0xff, 0xff, 0xff, 0xff, 0xff, 0xff, 0xff,
    0xff, 0xff, 0xff, 0xff, 0xf3, 0xd, 0xff, 0xff,
    0xff, 0xff, 0xff, 0xff, 0xff, 0xff, 0xff, 0xff,
    0xff, 0xff, 0x30, 0xdf, 0xff, 0xff, 0xff, 0xff,
    0xff, 0xff, 0xff, 0xff, 0xff, 0xff, 0xff, 0xf3,
    0xd, 0xff, 0xff, 0xff, 0xff, 0xff, 0xff, 0xff,
    0xff, 0xff, 0xff, 0xff, 0xff, 0x30, 0x0, 0xf,
    0xff, 0xfa, 0x0, 0x0, 0x0, 0xff, 0xff, 0xb0,
    0x0, 0x0, 0x0, 0x0, 0x4, 0xff, 0xff, 0x60,
    0x0, 0x0, 0x4f, 0xff, 0xf7, 0x0, 0x0, 0x0,
    0x0, 0x0, 0x9f, 0xff, 0xf1, 0x0, 0x0, 0x9,
    0xff, 0xff, 0x20, 0x0, 0x0, 0x0, 0x0, 0xe,
    0xff, 0xfd, 0x0, 0x0, 0x0, 0xdf, 0xff, 0xe0,
    0x0, 0x0, 0x0, 0x0, 0x2, 0xff, 0xff, 0x80,
    0x0, 0x0, 0x2f, 0xff, 0xf9, 0x0, 0x0, 0x0,
    0x0, 0x0, 0x7f, 0xff, 0xf4, 0x0, 0x0, 0x7,
    0xff, 0xff, 0x50, 0x0, 0x0, 0x0, 0x0,

    /* U+0024 "$" */
    0x0, 0x0, 0x0, 0x0, 0x0, 0x4f, 0xff, 0xf6,
    0x0, 0x0, 0x0, 0x0, 0x0, 0x0, 0x0, 0x0,
    0x0, 0x0, 0x4f, 0xff, 0xf6, 0x0, 0x0, 0x0,
    0x0, 0x0, 0x0, 0x0, 0x0, 0x0, 0x0, 0x4f,
    0xff, 0xf6, 0x0, 0x0, 0x0, 0x0, 0x0, 0x0,
    0x0, 0x0, 0x0, 0x0, 0x4f, 0xff, 0xf6, 0x0,
    0x0, 0x0, 0x0, 0x0, 0x0, 0x3b, 0xff, 0xff,
    0xff, 0xff, 0xff, 0xff, 0xff, 0xff, 0xff, 0xb4,
    0x0, 0x5, 0xff, 0xff, 0xff, 0xff, 0xff, 0xff,
    0xff, 0xff, 0xff, 0xff, 0xff, 0x70, 0x2f, 0xff,
    0xff, 0xff, 0xff, 0xff, 0xff, 0xff, 0xff, 0xff,
    0xff, 0xff, 0xf3, 0x8f, 0xff, 0xff, 0xff, 0xff,
    0xff, 0xff, 0xff, 0xff, 0xff, 0xff, 0xff, 0xfa,
    0xbf, 0xff, 0xfc, 0xcc, 0xcc, 0xdf, 0xff, 0xfd,
    0xcc, 0xcc, 0xcf, 0xff, 0xfd, 0xcf, 0xff, 0xf0,
    0x0, 0x0, 0x4f, 0xff, 0xf6, 0x0, 0x0, 0xd,
    0xff, 0xfe, 0xcf, 0xff, 0xf0, 0x0, 0x0, 0x4f,
    0xff, 0xf6, 0x0, 0x0, 0xd, 0xff, 0xfd, 0xcf,
    0xff, 0xf0, 0x0, 0x0, 0x4f, 0xff, 0xf6, 0x0,
    0x0, 0x0, 0x0, 0x0, 0xcf, 0xff, 0xf0, 0x0,
    0x0, 0x4f, 0xff, 0xf6, 0x0, 0x0, 0x0, 0x0,
    0x0, 0xcf, 0xff, 0xf0, 0x0, 0x0, 0x4f, 0xff,
    0xf6, 0x0, 0x0, 0x0, 0x0, 0x0, 0xcf, 0xff,
    0xf0, 0x0, 0x0, 0x4f, 0xff, 0xf6, 0x0, 0x0,
    0x0, 0x0, 0x0, 0xbf, 0xff, 0xff, 0xff, 0xff,
    0xff, 0xff, 0xff, 0xff, 0xff, 0xff, 0xb4, 0x0,
    0x6f, 0xff, 0xff, 0xff, 0xff, 0xff, 0xff, 0xff,
    0xff, 0xff, 0xff, 0xff, 0x80, 0xd, 0xff, 0xff,
    0xff, 0xff, 0xff, 0xff, 0xff, 0xff, 0xff, 0xff,
    0xff, 0xf4, 0x2, 0xdf, 0xff, 0xff, 0xff, 0xff,
    0xff, 0xff, 0xff, 0xff, 0xff, 0xff, 0xfb, 0x0,
    0x6, 0xab, 0xbb, 0xbb, 0xdf, 0xff, 0xfd, 0xbb,
    0xbb, 0xbf, 0xff, 0xfd, 0x0, 0x0, 0x0, 0x0,
    0x0, 0x4f, 0xff, 0xf6, 0x0, 0x0, 0xd, 0xff,
    0xfe, 0x0, 0x0, 0x0, 0x0, 0x0, 0x4f, 0xff,
    0xf6, 0x0, 0x0, 0xd, 0xff, 0xfe, 0x0, 0x0,
    0x0, 0x0, 0x0, 0x4f, 0xff, 0xf6, 0x0, 0x0,
    0xd, 0xff, 0xfe, 0xad, 0xdd, 0xc0, 0x0, 0x0,
    0x4f, 0xff, 0xf6, 0x0, 0x0, 0xd, 0xff, 0xfe,
    0xcf, 0xff, 0xf0, 0x0, 0x0, 0x4f, 0xff, 0xf6,
    0x0, 0x0, 0xd, 0xff, 0xfe, 0xcf, 0xff, 0xfc,
    0xcc, 0xcc, 0xdf, 0xff, 0xfd, 0xcc, 0xcc, 0xcf,
    0xff, 0xfd, 0x8f, 0xff, 0xff, 0xff, 0xff, 0xff,
    0xff, 0xff, 0xff, 0xff, 0xff, 0xff, 0xfa, 0x2f,
    0xff, 0xff, 0xff, 0xff, 0xff, 0xff, 0xff, 0xff,
    0xff, 0xff, 0xff, 0xf3, 0x6, 0xff, 0xff, 0xff,
    0xff, 0xff, 0xff, 0xff, 0xff, 0xff, 0xff, 0xff,
    0x70, 0x0, 0x3b, 0xff, 0xff, 0xff, 0xff, 0xff,
    0xff, 0xff, 0xff, 0xff, 0xb4, 0x0, 0x0, 0x0,
    0x0, 0x0, 0x0, 0x4f, 0xff, 0xf6, 0x0, 0x0,
    0x0, 0x0, 0x0, 0x0, 0x0, 0x0, 0x0, 0x0,
    0x4f, 0xff, 0xf6, 0x0, 0x0, 0x0, 0x0, 0x0,
    0x0, 0x0, 0x0, 0x0, 0x0, 0x4f, 0xff, 0xf6,
    0x0, 0x0, 0x0, 0x0, 0x0, 0x0, 0x0, 0x0,
    0x0, 0x0, 0x28, 0x88, 0x83, 0x0, 0x0, 0x0,
    0x0, 0x0,

    /* U+0025 "%" */
    0x0, 0x0, 0x0, 0x0, 0x0, 0x0, 0x0, 0x0,
    0x0, 0x0, 0x0, 0x0, 0x0, 0x0, 0x21, 0x0,
    0x0, 0x19, 0xef, 0xff, 0xfe, 0x91, 0x0, 0x0,
    0x0, 0x0, 0x0, 0x0, 0x0, 0x8, 0xf8, 0x0,
    0x1, 0xef, 0xff, 0xff, 0xff, 0xfe, 0x10, 0x0,
    0x0, 0x0, 0x0, 0x0, 0x0, 0xaf, 0xf8, 0x0,
    0xb, 0xff, 0xff, 0xff, 0xff, 0xff, 0xb0, 0x0,
    0x0, 0x0, 0x0, 0x0, 0x1c, 0xff, 0xf8, 0x0,
    0x1f, 0xff, 0xfc, 0xcc, 0xcf, 0xff, 0xf1, 0x0,
    0x0, 0x0, 0x0, 0x2, 0xdf, 0xff, 0xf8, 0x0,
    0x3f, 0xff, 0x90, 0x0, 0x9, 0xff, 0xf3, 0x0,
    0x0, 0x0, 0x0, 0x3e, 0xff, 0xff, 0xf8, 0x0,
    0x4f, 0xff, 0x80, 0x0, 0x8, 0xff, 0xf4, 0x0,
    0x0, 0x0, 0x4, 0xff, 0xff, 0xff, 0xd2, 0x0,
    0x4f, 0xff, 0x80, 0x0, 0x8, 0xff, 0xf4, 0x0,
    0x0, 0x0, 0x6f, 0xff, 0xff, 0xfc, 0x10, 0x0,
    0x4f, 0xff, 0x80, 0x0, 0x8, 0xff, 0xf4, 0x0,
    0x0, 0x8, 0xff, 0xff, 0xff, 0xa0, 0x0, 0x0,
    0x3f, 0xff, 0xa0, 0x0, 0xb, 0xff, 0xf3, 0x0,
    0x0, 0xaf, 0xff, 0xff, 0xf8, 0x0, 0x0, 0x0,
    0xf, 0xff, 0xff, 0xff, 0xff, 0xff, 0xf0, 0x0,
    0x1c, 0xff, 0xff, 0xff, 0x60, 0x0, 0x0, 0x0,
    0x9, 0xff, 0xff, 0xff, 0xff, 0xff, 0x80, 0x2,
    0xdf, 0xff, 0xff, 0xf4, 0x0, 0x0, 0x0, 0x0,
    0x0, 0xbf, 0xff, 0xff, 0xff, 0xfb, 0x0, 0x3e,
    0xff, 0xff, 0xfe, 0x20, 0x0, 0x0, 0x0, 0x0,
    0x0, 0x6, 0xbd, 0xdd, 0xdb, 0x60, 0x4, 0xff,
    0xff, 0xff, 0xc1, 0x0, 0x0, 0x0, 0x0, 0x0,
    0x0, 0x0, 0x0, 0x0, 0x0, 0x0, 0x6f, 0xff,
    0xff, 0xfb, 0x0, 0x0, 0x0, 0x0, 0x0, 0x0,
    0x0, 0x0, 0x0, 0x0, 0x0, 0x8, 0xff, 0xff,
    0xff, 0x90, 0x3, 0xbf, 0xff, 0xff, 0xd7, 0x0,
    0x0, 0x0, 0x0, 0x0, 0x0, 0xaf, 0xff, 0xff,
    0xf7, 0x0, 0x5f, 0xff, 0xff, 0xff, 0xff, 0xc0,
    0x0, 0x0, 0x0, 0x0, 0x1c, 0xff, 0xff, 0xff,
    0x50, 0x1, 0xff, 0xff, 0xff, 0xff, 0xff, 0xf7,
    0x0, 0x0, 0x0, 0x2, 0xdf, 0xff, 0xff, 0xe3,
    0x0, 0x6, 0xff, 0xff, 0xcc, 0xcd, 0xff, 0xfd,
    0x0, 0x0, 0x0, 0x3e, 0xff, 0xff, 0xfd, 0x20,
    0x0, 0x8, 0xff, 0xf5, 0x0, 0x0, 0xdf, 0xff,
    0x0, 0x0, 0x4, 0xff, 0xff, 0xff, 0xc1, 0x0,
    0x0, 0x8, 0xff, 0xf4, 0x0, 0x0, 0xcf, 0xff,
    0x0, 0x0, 0x6f, 0xff, 0xff, 0xfa, 0x0, 0x0,
    0x0, 0x8, 0xff, 0xf4, 0x0, 0x0, 0xcf, 0xff,
    0x0, 0x2, 0xff, 0xff, 0xff, 0x80, 0x0, 0x0,
    0x0, 0x8, 0xff, 0xf5, 0x0, 0x0, 0xdf, 0xff,
    0x0, 0x2, 0xff, 0xff, 0xf6, 0x0, 0x0, 0x0,
    0x0, 0x6, 0xff, 0xff, 0xcc, 0xcd, 0xff, 0xfd,
    0x0, 0x2, 0xff, 0xff, 0x40, 0x0, 0x0, 0x0,
    0x0, 0x1, 0xff, 0xff, 0xff, 0xff, 0xff, 0xf7,
    0x0, 0x2, 0xff, 0xe2, 0x0, 0x0, 0x0, 0x0,
    0x0, 0x0, 0x5f, 0xff, 0xff, 0xff, 0xff, 0xc0,
    0x0, 0x2, 0xfc, 0x10, 0x0, 0x0, 0x0, 0x0,
    0x0, 0x0, 0x3, 0xbf, 0xff, 0xff, 0xd7, 0x0,
    0x0, 0x0, 0x20, 0x0, 0x0, 0x0, 0x0, 0x0,
    0x0, 0x0, 0x0, 0x0, 0x0, 0x0, 0x0, 0x0,

    /* U+0026 "&" */
    0x0, 0x0, 0x3a, 0xff, 0xff, 0xff, 0xff, 0xff,
    0xff, 0xff, 0xfe, 0x91, 0x0, 0x0, 0x0, 0x0,
    0x0, 0x5f, 0xff, 0xff, 0xff, 0xff, 0xff, 0xff,
    0xff, 0xff, 0xff, 0xe3, 0x0, 0x0, 0x0, 0x0,
    0x1f, 0xff, 0xff, 0xff, 0xff, 0xff, 0xff, 0xff,
    0xff, 0xff, 0xff, 0xe0, 0x0, 0x0, 0x0, 0x7,
    0xff, 0xff, 0xff, 0xff, 0xff, 0xff, 0xff, 0xff,
    0xff, 0xff, 0xff, 0x50, 0x0, 0x0, 0x0, 0xbf,
    0xff, 0xfc, 0xcc, 0xcc, 0xcc, 0xcc, 0xcc, 0xcc,
    0xdf, 0xff, 0xf8, 0x0, 0x0, 0x0, 0xb, 0xff,
    0xff, 0x0, 0x0, 0x0, 0x0, 0x0, 0x0, 0x3,
    0xff, 0xff, 0x80, 0x0, 0x0, 0x0, 0xbf, 0xff,
    0xf0, 0x0, 0x0, 0x0, 0x0, 0x0, 0x0, 0x2e,
    0xee, 0xe7, 0x0, 0x0, 0x0, 0xb, 0xff, 0xff,
    0x0, 0x0, 0x0, 0x0, 0x0, 0x0, 0x0, 0x0,
    0x0, 0x0, 0x0, 0x0, 0x0, 0xbf, 0xff, 0xf0,
    0x0, 0x0, 0x0, 0x0, 0x0, 0x0, 0x0, 0x0,
    0x0, 0x0, 0x0, 0x0, 0xa, 0xff, 0xff, 0x40,
    0x0, 0x0, 0x0, 0x0, 0x0, 0x0, 0x0, 0x0,
    0x0, 0x0, 0x0, 0x0, 0x5f, 0xff, 0xff, 0xc4,
    0x0, 0x0, 0x0, 0x0, 0x0, 0x0, 0x0, 0x0,
    0x0, 0x0, 0x0, 0x8, 0xff, 0xff, 0xff, 0xfc,
    0x40, 0x0, 0x0, 0x0, 0x0, 0x0, 0x0, 0x0,
    0x0, 0x0, 0x9, 0xff, 0xff, 0xff, 0xff, 0xff,
    0xc3, 0x0, 0x0, 0x0, 0x0, 0x0, 0x0, 0x0,
    0x0, 0x0, 0xff, 0xff, 0xff, 0xff, 0xff, 0xff,
    0xfb, 0x30, 0x0, 0x0, 0x2f, 0xff, 0xf8, 0x0,
    0x0, 0x1f, 0xff, 0xfb, 0x7, 0xef, 0xff, 0xff,
    0xff, 0xb3, 0x0, 0x2, 0xff, 0xff, 0x90, 0x0,
    0x1, 0xff, 0xff, 0xa0, 0x0, 0x7f, 0xff, 0xff,
    0xff, 0xfb, 0x30, 0x2f, 0xff, 0xf9, 0x0, 0x0,
    0x1f, 0xff, 0xfa, 0x0, 0x0, 0x18, 0xff, 0xff,
    0xff, 0xff, 0xb5, 0xff, 0xff, 0x90, 0x0, 0x1,
    0xff, 0xff, 0xa0, 0x0, 0x0, 0x1, 0x8f, 0xff,
    0xff, 0xff, 0xff, 0xff, 0xf9, 0x0, 0x0, 0x1f,
    0xff, 0xfa, 0x0, 0x0, 0x0, 0x0, 0x18, 0xff,
    0xff, 0xff, 0xff, 0xff, 0x90, 0x0, 0x1, 0xff,
    0xff, 0xa0, 0x0, 0x0, 0x0, 0x0, 0x1, 0x9f,
    0xff, 0xff, 0xff, 0xff, 0x80, 0x0, 0x1f, 0xff,
    0xfa, 0x0, 0x0, 0x0, 0x0, 0x0, 0x0, 0x19,
    0xff, 0xff, 0xff, 0xff, 0xe5, 0x0, 0xff, 0xff,
    0xfc, 0xcc, 0xcc, 0xcc, 0xcc, 0xcc, 0xcc, 0xef,
    0xff, 0xff, 0xff, 0xff, 0xfa, 0xd, 0xff, 0xff,
    0xff, 0xff, 0xff, 0xff, 0xff, 0xff, 0xff, 0xff,
    0xff, 0xff, 0xff, 0xff, 0xe0, 0x6f, 0xff, 0xff,
    0xff, 0xff, 0xff, 0xff, 0xff, 0xff, 0xff, 0xff,
    0xff, 0xdb, 0xff, 0xfe, 0x0, 0x9f, 0xff, 0xff,
    0xff, 0xff, 0xff, 0xff, 0xff, 0xff, 0xff, 0xff,
    0xe2, 0x5, 0xdf, 0xe0, 0x0, 0x5c, 0xff, 0xff,
    0xff, 0xff, 0xff, 0xff, 0xff, 0xff, 0xfe, 0x81,
    0x0, 0x0, 0x7d, 0x0, 0x0, 0x0, 0x0, 0x0,
    0x0, 0x0, 0x0, 0x0, 0x0, 0x0, 0x0, 0x0,
    0x0, 0x0, 0x0,

    /* U+0027 "'" */
    0xef, 0xff, 0xde, 0xff, 0xfd, 0xef, 0xff, 0xde,
    0xff, 0xfd, 0xef, 0xff, 0xde, 0xff, 0xfd, 0x89,
    0x99, 0x80,

    /* U+0028 "(" */
    0x0, 0x6, 0xcf, 0xfc, 0x0, 0xaf, 0xff, 0xfc,
    0x7, 0xff, 0xff, 0xfc, 0xe, 0xff, 0xff, 0xfc,
    0x1f, 0xff, 0xff, 0xc9, 0x2f, 0xff, 0xf9, 0x0,
    0x2f, 0xff, 0xf9, 0x0, 0x2f, 0xff, 0xf9, 0x0,
    0x2f, 0xff, 0xf9, 0x0, 0x2f, 0xff, 0xf9, 0x0,
    0x2f, 0xff, 0xf9, 0x0, 0x2f, 0xff, 0xf9, 0x0,
    0x2f, 0xff, 0xf9, 0x0, 0x2f, 0xff, 0xf9, 0x0,
    0x2f, 0xff, 0xf9, 0x0, 0x2f, 0xff, 0xf9, 0x0,
    0x2f, 0xff, 0xf9, 0x0, 0x2f, 0xff, 0xf9, 0x0,
    0x2f, 0xff, 0xf9, 0x0, 0x2f, 0xff, 0xf9, 0x0,
    0x2f, 0xff, 0xf9, 0x0, 0x1f, 0xff, 0xff, 0xc9,
    0xe, 0xff, 0xff, 0xfc, 0x7, 0xff, 0xff, 0xfc,
    0x0, 0xaf, 0xff, 0xfc, 0x0, 0x6, 0xcf, 0xfc,

    /* U+0029 ")" */
    0xff, 0xfc, 0x40, 0xf, 0xff, 0xff, 0x80, 0xff,
    0xff, 0xff, 0x4f, 0xff, 0xff, 0xfb, 0xbc, 0xff,
    0xff, 0xe0, 0xc, 0xff, 0xff, 0x0, 0xcf, 0xff,
    0xf0, 0xc, 0xff, 0xff, 0x0, 0xcf, 0xff, 0xf0,
    0xc, 0xff, 0xff, 0x0, 0xcf, 0xff, 0xf0, 0xc,
    0xff, 0xff, 0x0, 0xcf, 0xff, 0xf0, 0xc, 0xff,
    0xff, 0x0, 0xcf, 0xff, 0xf0, 0xc, 0xff, 0xff,
    0x0, 0xcf, 0xff, 0xf0, 0xc, 0xff, 0xff, 0x0,
    0xcf, 0xff, 0xf0, 0xc, 0xff, 0xff, 0x0, 0xcf,
    0xff, 0xfb, 0xcf, 0xff, 0xfe, 0xff, 0xff, 0xff,
    0xbf, 0xff, 0xff, 0xf4, 0xff, 0xff, 0xf7, 0xf,
    0xff, 0xb4, 0x0,

    /* U+002A "*" */
    0x0, 0x0, 0x0, 0x4f, 0xff, 0xf6, 0x0, 0x0,
    0x0, 0x0, 0x0, 0x0, 0x4f, 0xff, 0xf6, 0x0,
    0x0, 0x0, 0x0, 0x0, 0x0, 0x4f, 0xff, 0xf6,
    0x0, 0x0, 0x0, 0x0, 0x97, 0x10, 0x4f, 0xff,
    0xf6, 0x1, 0x6a, 0x0, 0x1, 0xff, 0xfc, 0xaf,
    0xff, 0xfb, 0xcf, 0xff, 0x30, 0x6, 0xff, 0xff,
    0xff, 0xff, 0xff, 0xff, 0xff, 0x80, 0xb, 0xff,
    0xff, 0xff, 0xff, 0xff, 0xff, 0xff, 0xd0, 0xe,
    0xff, 0xff, 0xff, 0xff, 0xff, 0xff, 0xff, 0xf1,
    0x0, 0x49, 0xef, 0xff, 0xff, 0xff, 0xfe, 0x94,
    0x0, 0x0, 0x0, 0x1f, 0xff, 0xff, 0xff, 0xf3,
    0x0, 0x0, 0x0, 0x0, 0xbf, 0xff, 0xff, 0xff,
    0xfd, 0x0, 0x0, 0x0, 0x7, 0xff, 0xff, 0xff,
    0xff, 0xff, 0x90, 0x0, 0x0, 0x3f, 0xff, 0xff,
    0xa8, 0xff, 0xff, 0xf4, 0x0, 0x0, 0x9, 0xff,
    0xfd, 0x0, 0xcf, 0xff, 0xa0, 0x0, 0x0, 0x0,
    0x5e, 0xf3, 0x0, 0x2e, 0xf6, 0x0, 0x0, 0x0,
    0x0, 0x1, 0x50, 0x0, 0x4, 0x20, 0x0, 0x0,

    /* U+002B "+" */
    0x0, 0x0, 0x5, 0xdd, 0xdd, 0x30, 0x0, 0x0,
    0x0, 0x0, 0x7, 0xff, 0xff, 0x40, 0x0, 0x0,
    0x0, 0x0, 0x7, 0xff, 0xff, 0x40, 0x0, 0x0,
    0x0, 0x0, 0x7, 0xff, 0xff, 0x40, 0x0, 0x0,
    0x0, 0x0, 0x7, 0xff, 0xff, 0x40, 0x0, 0x0,
    0x4c, 0xcc, 0xcd, 0xff, 0xff, 0xdc, 0xcc, 0xc4,
    0x6f, 0xff, 0xff, 0xff, 0xff, 0xff, 0xff, 0xf5,
    0x6f, 0xff, 0xff, 0xff, 0xff, 0xff, 0xff, 0xf5,
    0x6f, 0xff, 0xff, 0xff, 0xff, 0xff, 0xff, 0xf5,
    0x6f, 0xff, 0xff, 0xff, 0xff, 0xff, 0xff, 0xf5,
    0x0, 0x0, 0x7, 0xff, 0xff, 0x40, 0x0, 0x0,
    0x0, 0x0, 0x7, 0xff, 0xff, 0x40, 0x0, 0x0,
    0x0, 0x0, 0x7, 0xff, 0xff, 0x40, 0x0, 0x0,
    0x0, 0x0, 0x7, 0xff, 0xff, 0x40, 0x0, 0x0,
    0x0, 0x0, 0x7, 0xff, 0xff, 0x40, 0x0, 0x0,

    /* U+002C "," */
    0x1f, 0xff, 0xfa, 0x1f, 0xff, 0xfa, 0x1f, 0xff,
    0xfa, 0x1f, 0xff, 0xfa, 0x1f, 0xff, 0xfa, 0x1f,
    0xff, 0xf7, 0x1f, 0xff, 0xe1, 0x1f, 0xff, 0x40,
    0x1f, 0xb2, 0x0, 0x1, 0x0, 0x0,

    /* U+002D "-" */
    0xac, 0xcc, 0xcc, 0xcc, 0xcc, 0xcc, 0xcc, 0xae,
    0xff, 0xff, 0xff, 0xff, 0xff, 0xff, 0xfd, 0xef,
    0xff, 0xff, 0xff, 0xff, 0xff, 0xff, 0xde, 0xff,
    0xff, 0xff, 0xff, 0xff, 0xff, 0xfd, 0xef, 0xff,
    0xff, 0xff, 0xff, 0xff, 0xff, 0xd0,

    /* U+002E "." */
    0xc, 0xcc, 0xc7, 0x1f, 0xff, 0xfa, 0x1f, 0xff,
    0xfa, 0x1f, 0xff, 0xfa, 0x1f, 0xff, 0xfa,

    /* U+002F "/" */
    0x0, 0x0, 0x0, 0x0, 0x0, 0x0, 0x0, 0x0,
    0x3f, 0xb0, 0x0, 0x0, 0x0, 0x0, 0x0, 0x0,
    0x0, 0x1e, 0xfb, 0x0, 0x0, 0x0, 0x0, 0x0,
    0x0, 0x0, 0xc, 0xff, 0xb0, 0x0, 0x0, 0x0,
    0x0, 0x0, 0x0, 0x9, 0xff, 0xfb, 0x0, 0x0,
    0x0, 0x0, 0x0, 0x0, 0x6, 0xff, 0xff, 0xb0,
    0x0, 0x0, 0x0, 0x0, 0x0, 0x3, 0xff, 0xff,
    0xf4, 0x0, 0x0, 0x0, 0x0, 0x0, 0x1, 0xef,
    0xff, 0xf6, 0x0, 0x0, 0x0, 0x0, 0x0, 0x0,
    0xcf, 0xff, 0xf9, 0x0, 0x0, 0x0, 0x0, 0x0,
    0x0, 0xaf, 0xff, 0xfc, 0x0, 0x0, 0x0, 0x0,
    0x0, 0x0, 0x7f, 0xff, 0xfe, 0x10, 0x0, 0x0,
    0x0, 0x0, 0x0, 0x4f, 0xff, 0xff, 0x30, 0x0,
    0x0, 0x0, 0x0, 0x0, 0x2f, 0xff, 0xff, 0x50,
    0x0, 0x0, 0x0, 0x0, 0x0, 0x1d, 0xff, 0xff,
    0x80, 0x0, 0x0, 0x0, 0x0, 0x0, 0xb, 0xff,
    0xff, 0xb0, 0x0, 0x0, 0x0, 0x0, 0x0, 0x8,
    0xff, 0xff, 0xd1, 0x0, 0x0, 0x0, 0x0, 0x0,
    0x5, 0xff, 0xff, 0xf2, 0x0, 0x0, 0x0, 0x0,
    0x0, 0x3, 0xff, 0xff, 0xf5, 0x0, 0x0, 0x0,
    0x0, 0x0, 0x1, 0xef, 0xff, 0xf7, 0x0, 0x0,
    0x0, 0x0, 0x0, 0x0, 0xcf, 0xff, 0xfa, 0x0,
    0x0, 0x0, 0x0, 0x0, 0x0, 0x9f, 0xff, 0xfd,
    0x0, 0x0, 0x0, 0x0, 0x0, 0x0, 0x6f, 0xff,
    0xfe, 0x20, 0x0, 0x0, 0x0, 0x0, 0x0, 0xc,
    0xff, 0xff, 0x40, 0x0, 0x0, 0x0, 0x0, 0x0,
    0x0, 0xcf, 0xff, 0x60, 0x0, 0x0, 0x0, 0x0,
    0x0, 0x0, 0xc, 0xff, 0x90, 0x0, 0x0, 0x0,
    0x0, 0x0, 0x0, 0x0, 0xcf, 0xc0, 0x0, 0x0,
    0x0, 0x0, 0x0, 0x0, 0x0, 0xc, 0xd1, 0x0,
    0x0, 0x0, 0x0, 0x0, 0x0, 0x0, 0x0, 0x0,
    0x0, 0x0, 0x0, 0x0, 0x0, 0x0, 0x0, 0x0,
    0x0,

    /* U+0030 "0" */
    0x0, 0x3b, 0xff, 0xff, 0xff, 0xff, 0xff, 0xff,
    0xff, 0xff, 0xfe, 0xa2, 0x0, 0x6, 0xff, 0xff,
    0xff, 0xff, 0xff, 0xff, 0xff, 0xff, 0xff, 0xff,
    0xff, 0x30, 0x3f, 0xff, 0xff, 0xff, 0xff, 0xff,
    0xff, 0xff, 0xff, 0xff, 0xff, 0xff, 0xe1, 0xbf,
    0xff, 0xff, 0xff, 0xff, 0xff, 0xff, 0xff, 0xff,
    0xff, 0xff, 0xff, 0xf7, 0xef, 0xff, 0xfd, 0xdd,
    0xdd, 0xdd, 0xdd, 0xdd, 0xdd, 0xef, 0xff, 0xff,
    0xfa, 0xff, 0xff, 0xc0, 0x0, 0x0, 0x0, 0x0,
    0x0, 0x1, 0xcf, 0xff, 0xff, 0xfb, 0xff, 0xff,
    0xc0, 0x0, 0x0, 0x0, 0x0, 0x0, 0x3e, 0xff,
    0xff, 0xff, 0xfb, 0xff, 0xff, 0xc0, 0x0, 0x0,
    0x0, 0x0, 0x5, 0xff, 0xff, 0xff, 0xff, 0xfb,
    0xff, 0xff, 0xc0, 0x0, 0x0, 0x0, 0x0, 0x8f,
    0xff, 0xff, 0xff, 0xff, 0xfb, 0xff, 0xff, 0xc0,
    0x0, 0x0, 0x0, 0xa, 0xff, 0xff, 0xff, 0xaf,
    0xff, 0xfb, 0xff, 0xff, 0xc0, 0x0, 0x0, 0x1,
    0xcf, 0xff, 0xff, 0xf8, 0xf, 0xff, 0xfb, 0xff,
    0xff, 0xc0, 0x0, 0x0, 0x3e, 0xff, 0xff, 0xff,
    0x50, 0xf, 0xff, 0xfb, 0xff, 0xff, 0xc0, 0x0,
    0x5, 0xff, 0xff, 0xff, 0xe3, 0x0, 0xf, 0xff,
    0xfb, 0xff, 0xff, 0xc0, 0x0, 0x8f, 0xff, 0xff,
    0xfc, 0x10, 0x0, 0xf, 0xff, 0xfb, 0xff, 0xff,
    0xc0, 0xa, 0xff, 0xff, 0xff, 0xa0, 0x0, 0x0,
    0xf, 0xff, 0xfb, 0xff, 0xff, 0xc1, 0xcf, 0xff,
    0xff, 0xf8, 0x0, 0x0, 0x0, 0xf, 0xff, 0xfb,
    0xff, 0xff, 0xee, 0xff, 0xff, 0xff, 0x50, 0x0,
    0x0, 0x0, 0xf, 0xff, 0xfb, 0xff, 0xff, 0xff,
    0xff, 0xff, 0xe3, 0x0, 0x0, 0x0, 0x0, 0xf,
    0xff, 0xfb, 0xff, 0xff, 0xff, 0xff, 0xfc, 0x10,
    0x0, 0x0, 0x0, 0x0, 0xf, 0xff, 0xfb, 0xff,
    0xff, 0xff, 0xff, 0xa0, 0x0, 0x0, 0x0, 0x0,
    0x0, 0xf, 0xff, 0xfb, 0xff, 0xff, 0xff, 0xf8,
    0x0, 0x0, 0x0, 0x0, 0x0, 0x0, 0xf, 0xff,
    0xfb, 0xef, 0xff, 0xff, 0xff, 0xff, 0xff, 0xff,
    0xff, 0xff, 0xff, 0xff, 0xff, 0xfa, 0xaf, 0xff,
    0xff, 0xff, 0xff, 0xff, 0xff, 0xff, 0xff, 0xff,
    0xff, 0xff, 0xf6, 0x2f, 0xff, 0xff, 0xff, 0xff,
    0xff, 0xff, 0xff, 0xff, 0xff, 0xff, 0xff, 0xe0,
    0x5, 0xff, 0xff, 0xff, 0xff, 0xff, 0xff, 0xff,
    0xff, 0xff, 0xff, 0xfe, 0x30, 0x0, 0x3b, 0xff,
    0xff, 0xff, 0xff, 0xff, 0xff, 0xff, 0xff, 0xfe,
    0xa2, 0x0,

    /* U+0031 "1" */
    0x0, 0x0, 0x0, 0x9, 0xff, 0xff, 0xf1, 0x0,
    0x0, 0x0, 0x6f, 0xff, 0xff, 0xf1, 0x0, 0x0,
    0x4, 0xff, 0xff, 0xff, 0xf1, 0x0, 0x0, 0x2e,
    0xff, 0xff, 0xff, 0xf1, 0x0, 0x1, 0xdf, 0xff,
    0xff, 0xff, 0xf1, 0x0, 0xb, 0xff, 0xff, 0xff,
    0xff, 0xf1, 0x0, 0x9f, 0xff, 0xff, 0xff, 0xff,
    0xf1, 0x6, 0xff, 0xff, 0xfb, 0xbf, 0xff, 0xf1,
    0x4f, 0xff, 0xff, 0xd1, 0xbf, 0xff, 0xf1, 0x45,
    0x55, 0x55, 0x20, 0xbf, 0xff, 0xf1, 0x0, 0x0,
    0x0, 0x0, 0xbf, 0xff, 0xf1, 0x0, 0x0, 0x0,
    0x0, 0xbf, 0xff, 0xf1, 0x0, 0x0, 0x0, 0x0,
    0xbf, 0xff, 0xf1, 0x0, 0x0, 0x0, 0x0, 0xbf,
    0xff, 0xf1, 0x0, 0x0, 0x0, 0x0, 0xbf, 0xff,
    0xf1, 0x0, 0x0, 0x0, 0x0, 0xbf, 0xff, 0xf1,
    0x0, 0x0, 0x0, 0x0, 0xbf, 0xff, 0xf1, 0x0,
    0x0, 0x0, 0x0, 0xbf, 0xff, 0xf1, 0x0, 0x0,
    0x0, 0x0, 0xbf, 0xff, 0xf1, 0x0, 0x0, 0x0,
    0x0, 0xbf, 0xff, 0xf1, 0x0, 0x0, 0x0, 0x0,
    0xbf, 0xff, 0xf1, 0x0, 0x0, 0x0, 0x0, 0xbf,
    0xff, 0xf1, 0x0, 0x0, 0x0, 0x0, 0xbf, 0xff,
    0xf1, 0x0, 0x0, 0x0, 0x0, 0xbf, 0xff, 0xf1,
    0x0, 0x0, 0x0, 0x0, 0xbf, 0xff, 0xf1, 0x0,
    0x0, 0x0, 0x0, 0xbf, 0xff, 0xf1,

    /* U+0032 "2" */
    0x0, 0x4c, 0xff, 0xff, 0xff, 0xff, 0xff, 0xff,
    0xff, 0xff, 0xfe, 0xa2, 0x0, 0x7, 0xff, 0xff,
    0xff, 0xff, 0xff, 0xff, 0xff, 0xff, 0xff, 0xff,
    0xff, 0x50, 0x4f, 0xff, 0xff, 0xff, 0xff, 0xff,
    0xff, 0xff, 0xff, 0xff, 0xff, 0xff, 0xf1, 0xbf,
    0xff, 0xff, 0xff, 0xff, 0xff, 0xff, 0xff, 0xff,
    0xff, 0xff, 0xff, 0xf7, 0xef, 0xff, 0xfc, 0xcc,
    0xcc, 0xcc, 0xcc, 0xcc, 0xcc, 0xcc, 0xcf, 0xff,
    0xfb, 0xff, 0xff, 0xc0, 0x0, 0x0, 0x0, 0x0,
    0x0, 0x0, 0x0, 0xf, 0xff, 0xfb, 0xee, 0xee,
    0xb0, 0x0, 0x0, 0x0, 0x0, 0x0, 0x0, 0x0,
    0xf, 0xff, 0xfb, 0x0, 0x0, 0x0, 0x0, 0x0,
    0x0, 0x0, 0x0, 0x0, 0x0, 0xf, 0xff, 0xfb,
    0x0, 0x0, 0x0, 0x0, 0x0, 0x0, 0x0, 0x0,
    0x0, 0x0, 0xf, 0xff, 0xfb, 0x0, 0x0, 0x0,
    0x0, 0x0, 0x0, 0x0, 0x0, 0x0, 0x0, 0xf,
    0xff, 0xfb, 0x0, 0x0, 0x0, 0x0, 0x0, 0x0,
    0x0, 0x0, 0x0, 0x0, 0xf, 0xff, 0xfb, 0x0,
    0x4c, 0xff, 0xff, 0xff, 0xff, 0xff, 0xff, 0xff,
    0xff, 0xff, 0xff, 0xfa, 0x7, 0xff, 0xff, 0xff,
    0xff, 0xff, 0xff, 0xff, 0xff, 0xff, 0xff, 0xff,
    0xf6, 0x4f, 0xff, 0xff, 0xff, 0xff, 0xff, 0xff,
    0xff, 0xff, 0xff, 0xff, 0xff, 0xd0, 0xbf, 0xff,
    0xff, 0xff, 0xff, 0xff, 0xff, 0xff, 0xff, 0xff,
    0xff, 0xfd, 0x20, 0xef, 0xff, 0xfc, 0xcc, 0xcc,
    0xcc, 0xcc, 0xcc, 0xcc, 0xcc, 0xcb, 0x70, 0x0,
    0xff, 0xff, 0xc0, 0x0, 0x0, 0x0, 0x0, 0x0,
    0x0, 0x0, 0x0, 0x0, 0x0, 0xff, 0xff, 0xc0,
    0x0, 0x0, 0x0, 0x0, 0x0, 0x0, 0x0, 0x0,
    0x0, 0x0, 0xff, 0xff, 0xc0, 0x0, 0x0, 0x0,
    0x0, 0x0, 0x0, 0x0, 0x0, 0x0, 0x0, 0xff,
    0xff, 0xc0, 0x0, 0x0, 0x0, 0x0, 0x0, 0x0,
    0x0, 0x0, 0x0, 0x0, 0xff, 0xff, 0xc0, 0x0,
    0x0, 0x0, 0x0, 0x0, 0x0, 0x0, 0x0, 0x0,
    0x0, 0xff, 0xff, 0xfc, 0xcc, 0xcc, 0xcc, 0xcc,
    0xcc, 0xcc, 0xcc, 0xcc, 0xcc, 0xc8, 0xff, 0xff,
    0xff, 0xff, 0xff, 0xff, 0xff, 0xff, 0xff, 0xff,
    0xff, 0xff, 0xfb, 0xff, 0xff, 0xff, 0xff, 0xff,
    0xff, 0xff, 0xff, 0xff, 0xff, 0xff, 0xff, 0xfb,
    0xff, 0xff, 0xff, 0xff, 0xff, 0xff, 0xff, 0xff,
    0xff, 0xff, 0xff, 0xff, 0xfb, 0xff, 0xff, 0xff,
    0xff, 0xff, 0xff, 0xff, 0xff, 0xff, 0xff, 0xff,
    0xff, 0xfb,

    /* U+0033 "3" */
    0x0, 0x6, 0xcf, 0xff, 0xff, 0xff, 0xff, 0xff,
    0xff, 0xff, 0xfe, 0x91, 0x0, 0x0, 0xa, 0xff,
    0xff, 0xff, 0xff, 0xff, 0xff, 0xff, 0xff, 0xff,
    0xff, 0xe3, 0x0, 0x6, 0xff, 0xff, 0xff, 0xff,
    0xff, 0xff, 0xff, 0xff, 0xff, 0xff, 0xff, 0xd0,
    0x0, 0xdf, 0xff, 0xff, 0xff, 0xff, 0xff, 0xff,
    0xff, 0xff, 0xff, 0xff, 0xff, 0x50, 0x1f, 0xff,
    0xff, 0xcc, 0xcc, 0xcc, 0xcc, 0xcc, 0xcc, 0xcc,
    0xdf, 0xff, 0xf8, 0x1, 0xff, 0xff, 0xa0, 0x0,
    0x0, 0x0, 0x0, 0x0, 0x0, 0x2, 0xff, 0xff,
    0x90, 0x1c, 0xcc, 0xc8, 0x0, 0x0, 0x0, 0x0,
    0x0, 0x0, 0x0, 0x2f, 0xff, 0xf9, 0x0, 0x0,
    0x0, 0x0, 0x0, 0x0, 0x0, 0x0, 0x0, 0x0,
    0x2, 0xff, 0xff, 0x90, 0x0, 0x0, 0x0, 0x0,
    0x0, 0x0, 0x0, 0x0, 0x0, 0x0, 0x2f, 0xff,
    0xf9, 0x0, 0x0, 0x0, 0x0, 0x0, 0x0, 0x0,
    0x0, 0x0, 0x0, 0x2, 0xff, 0xff, 0x90, 0x0,
    0x0, 0x7, 0xcc, 0xcc, 0xcc, 0xcc, 0xcc, 0xcc,
    0xcc, 0xdf, 0xff, 0xf8, 0x0, 0x0, 0x0, 0xaf,
    0xff, 0xff, 0xff, 0xff, 0xff, 0xff, 0xff, 0xff,
    0xff, 0x60, 0x0, 0x0, 0xa, 0xff, 0xff, 0xff,
    0xff, 0xff, 0xff, 0xff, 0xff, 0xff, 0xfa, 0x0,
    0x0, 0x0, 0xaf, 0xff, 0xff, 0xff, 0xff, 0xff,
    0xff, 0xff, 0xff, 0xff, 0xf3, 0x0, 0x0, 0xa,
    0xff, 0xff, 0xff, 0xff, 0xff, 0xff, 0xff, 0xff,
    0xff, 0xff, 0x80, 0x0, 0x0, 0x0, 0x0, 0x0,
    0x0, 0x0, 0x0, 0x0, 0x0, 0x2f, 0xff, 0xf9,
    0x0, 0x0, 0x0, 0x0, 0x0, 0x0, 0x0, 0x0,
    0x0, 0x0, 0x1, 0xff, 0xff, 0x90, 0x0, 0x0,
    0x0, 0x0, 0x0, 0x0, 0x0, 0x0, 0x0, 0x0,
    0x1f, 0xff, 0xf9, 0x0, 0x0, 0x0, 0x0, 0x0,
    0x0, 0x0, 0x0, 0x0, 0x0, 0x1, 0xff, 0xff,
    0x90, 0x99, 0x99, 0x60, 0x0, 0x0, 0x0, 0x0,
    0x0, 0x0, 0x0, 0x1f, 0xff, 0xf9, 0x1f, 0xff,
    0xfa, 0x0, 0x0, 0x0, 0x0, 0x0, 0x0, 0x0,
    0x1, 0xff, 0xff, 0x90, 0xff, 0xff, 0xfc, 0xcc,
    0xcc, 0xcc, 0xcc, 0xcc, 0xcc, 0xcc, 0xdf, 0xff,
    0xf9, 0xd, 0xff, 0xff, 0xff, 0xff, 0xff, 0xff,
    0xff, 0xff, 0xff, 0xff, 0xff, 0xff, 0x50, 0x6f,
    0xff, 0xff, 0xff, 0xff, 0xff, 0xff, 0xff, 0xff,
    0xff, 0xff, 0xff, 0xe0, 0x0, 0x9f, 0xff, 0xff,
    0xff, 0xff, 0xff, 0xff, 0xff, 0xff, 0xff, 0xff,
    0xe3, 0x0, 0x0, 0x5c, 0xff, 0xff, 0xff, 0xff,
    0xff, 0xff, 0xff, 0xff, 0xfe, 0x91, 0x0,

    /* U+0034 "4" */
    0x0, 0x0, 0x0, 0x0, 0x0, 0x0, 0x0, 0x0,
    0xbf, 0xff, 0xf3, 0x0, 0x0, 0x0, 0x0, 0x0,
    0x0, 0x0, 0x0, 0x0, 0xcf, 0xff, 0xff, 0x30,
    0x0, 0x0, 0x0, 0x0, 0x0, 0x0, 0x0, 0x1,
    0xcf, 0xff, 0xff, 0xf3, 0x0, 0x0, 0x0, 0x0,
    0x0, 0x0, 0x0, 0x1, 0xdf, 0xff, 0xff, 0xff,
    0x30, 0x0, 0x0, 0x0, 0x0, 0x0, 0x0, 0x2,
    0xef, 0xff, 0xff, 0xff, 0xf3, 0x0, 0x0, 0x0,
    0x0, 0x0, 0x0, 0x3, 0xef, 0xff, 0xff, 0xff,
    0xff, 0x30, 0x0, 0x0, 0x0, 0x0, 0x0, 0x4,
    0xff, 0xff, 0xff, 0xff, 0xff, 0xf3, 0x0, 0x0,
    0x0, 0x0, 0x0, 0x5, 0xff, 0xff, 0xff, 0xfc,
    0xff, 0xff, 0x30, 0x0, 0x0, 0x0, 0x0, 0x6,
    0xff, 0xff, 0xff, 0xe3, 0x7f, 0xff, 0xf3, 0x0,
    0x0, 0x0, 0x0, 0x7, 0xff, 0xff, 0xff, 0xd2,
    0x7, 0xff, 0xff, 0x30, 0x0, 0x0, 0x0, 0x8,
    0xff, 0xff, 0xff, 0xc1, 0x0, 0x7f, 0xff, 0xf3,
    0x0, 0x0, 0x0, 0x9, 0xff, 0xff, 0xff, 0xa0,
    0x0, 0x7, 0xff, 0xff, 0x30, 0x0, 0x0, 0xb,
    0xff, 0xff, 0xff, 0x70, 0x0, 0x0, 0x7f, 0xff,
    0xf3, 0x0, 0x0, 0xb, 0xff, 0xff, 0xff, 0x50,
    0x0, 0x0, 0x7, 0xff, 0xff, 0x30, 0x0, 0x1c,
    0xff, 0xff, 0xfe, 0x30, 0x0, 0x0, 0x0, 0x7f,
    0xff, 0xf3, 0x0, 0xb, 0xff, 0xff, 0xff, 0xff,
    0xff, 0xff, 0xff, 0xff, 0xff, 0xff, 0xff, 0xfe,
    0xcf, 0xff, 0xff, 0xff, 0xff, 0xff, 0xff, 0xff,
    0xff, 0xff, 0xff, 0xff, 0xec, 0xff, 0xff, 0xff,
    0xff, 0xff, 0xff, 0xff, 0xff, 0xff, 0xff, 0xff,
    0xfe, 0xcf, 0xff, 0xff, 0xff, 0xff, 0xff, 0xff,
    0xff, 0xff, 0xff, 0xff, 0xff, 0xe9, 0xcc, 0xcc,
    0xcc, 0xcc, 0xcc, 0xcc, 0xcc, 0xce, 0xff, 0xff,
    0xdc, 0xca, 0x0, 0x0, 0x0, 0x0, 0x0, 0x0,
    0x0, 0x0, 0x7f, 0xff, 0xf3, 0x0, 0x0, 0x0,
    0x0, 0x0, 0x0, 0x0, 0x0, 0x0, 0x7, 0xff,
    0xff, 0x30, 0x0, 0x0, 0x0, 0x0, 0x0, 0x0,
    0x0, 0x0, 0x0, 0x7f, 0xff, 0xf3, 0x0, 0x0,
    0x0, 0x0, 0x0, 0x0, 0x0, 0x0, 0x0, 0x7,
    0xff, 0xff, 0x30, 0x0, 0x0, 0x0, 0x0, 0x0,
    0x0, 0x0, 0x0, 0x0, 0x7f, 0xff, 0xf3, 0x0,
    0x0, 0x0, 0x0, 0x0, 0x0, 0x0, 0x0, 0x0,
    0x7, 0xff, 0xff, 0x30, 0x0,

    /* U+0035 "5" */
    0xff, 0xff, 0xff, 0xff, 0xff, 0xff, 0xff, 0xff,
    0xff, 0xff, 0xff, 0xff, 0xfb, 0xff, 0xff, 0xff,
    0xff, 0xff, 0xff, 0xff, 0xff, 0xff, 0xff, 0xff,
    0xff, 0xfb, 0xff, 0xff, 0xff, 0xff, 0xff, 0xff,
    0xff, 0xff, 0xff, 0xff, 0xff, 0xff, 0xfb, 0xff,
    0xff, 0xff, 0xff, 0xff, 0xff, 0xff, 0xff, 0xff,
    0xff, 0xff, 0xff, 0xfb, 0xff, 0xff, 0xfc, 0xcc,
    0xcc, 0xcc, 0xcc, 0xcc, 0xcc, 0xcc, 0xcc, 0xcc,
    0xc8, 0xff, 0xff, 0xc0, 0x0, 0x0, 0x0, 0x0,
    0x0, 0x0, 0x0, 0x0, 0x0, 0x0, 0xff, 0xff,
    0xc0, 0x0, 0x0, 0x0, 0x0, 0x0, 0x0, 0x0,
    0x0, 0x0, 0x0, 0xff, 0xff, 0xc0, 0x0, 0x0,
    0x0, 0x0, 0x0, 0x0, 0x0, 0x0, 0x0, 0x0,
    0xff, 0xff, 0xc0, 0x0, 0x0, 0x0, 0x0, 0x0,
    0x0, 0x0, 0x0, 0x0, 0x0, 0xff, 0xff, 0xc0,
    0x0, 0x0, 0x0, 0x0, 0x0, 0x0, 0x0, 0x0,
    0x0, 0x0, 0xff, 0xff, 0xfc, 0xcc, 0xcc, 0xcc,
    0xcc, 0xcc, 0xcc, 0xcc, 0xcb, 0x70, 0x0, 0xff,
    0xff, 0xff, 0xff, 0xff, 0xff, 0xff, 0xff, 0xff,
    0xff, 0xff, 0xfd, 0x20, 0xff, 0xff, 0xff, 0xff,
    0xff, 0xff, 0xff, 0xff, 0xff, 0xff, 0xff, 0xff,
    0xd0, 0xff, 0xff, 0xff, 0xff, 0xff, 0xff, 0xff,
    0xff, 0xff, 0xff, 0xff, 0xff, 0xf6, 0xff, 0xff,
    0xff, 0xff, 0xff, 0xff, 0xff, 0xff, 0xff, 0xff,
    0xff, 0xff, 0xfa, 0x0, 0x0, 0x0, 0x0, 0x0,
    0x0, 0x0, 0x0, 0x0, 0x0, 0xf, 0xff, 0xfb,
    0x0, 0x0, 0x0, 0x0, 0x0, 0x0, 0x0, 0x0,
    0x0, 0x0, 0xf, 0xff, 0xfb, 0x0, 0x0, 0x0,
    0x0, 0x0, 0x0, 0x0, 0x0, 0x0, 0x0, 0xf,
    0xff, 0xfb, 0x0, 0x0, 0x0, 0x0, 0x0, 0x0,
    0x0, 0x0, 0x0, 0x0, 0xf, 0xff, 0xfb, 0xbb,
    0xbb, 0x90, 0x0, 0x0, 0x0, 0x0, 0x0, 0x0,
    0x0, 0xf, 0xff, 0xfb, 0xff, 0xff, 0xc0, 0x0,
    0x0, 0x0, 0x0, 0x0, 0x0, 0x0, 0xf, 0xff,
    0xfb, 0xef, 0xff, 0xfc, 0xcc, 0xcc, 0xcc, 0xcc,
    0xcc, 0xcc, 0xcc, 0xcf, 0xff, 0xfa, 0xbf, 0xff,
    0xff, 0xff, 0xff, 0xff, 0xff, 0xff, 0xff, 0xff,
    0xff, 0xff, 0xf7, 0x3f, 0xff, 0xff, 0xff, 0xff,
    0xff, 0xff, 0xff, 0xff, 0xff, 0xff, 0xff, 0xe1,
    0x7, 0xff, 0xff, 0xff, 0xff, 0xff, 0xff, 0xff,
    0xff, 0xff, 0xff, 0xff, 0x40, 0x0, 0x4b, 0xff,
    0xff, 0xff, 0xff, 0xff, 0xff, 0xff, 0xff, 0xfe,
    0xa2, 0x0,

    /* U+0036 "6" */
    0x0, 0x4c, 0xff, 0xff, 0xff, 0xff, 0xff, 0xff,
    0xff, 0xff, 0xf9, 0x0, 0x0, 0x7, 0xff, 0xff,
    0xff, 0xff, 0xff, 0xff, 0xff, 0xff, 0xff, 0xf9,
    0x0, 0x0, 0x4f, 0xff, 0xff, 0xff, 0xff, 0xff,
    0xff, 0xff, 0xff, 0xff, 0xf9, 0x0, 0x0, 0xbf,
    0xff, 0xff, 0xff, 0xff, 0xff, 0xff, 0xff, 0xff,
    0xff, 0xf9, 0x0, 0x0, 0xef, 0xff, 0xfc, 0xcc,
    0xcc, 0xcc, 0xcc, 0xcc, 0xcc, 0xcc, 0xc7, 0x0,
    0x0, 0xff, 0xff, 0xc0, 0x0, 0x0, 0x0, 0x0,
    0x0, 0x0, 0x0, 0x0, 0x0, 0x0, 0xff, 0xff,
    0xc0, 0x0, 0x0, 0x0, 0x0, 0x0, 0x0, 0x0,
    0x0, 0x0, 0x0, 0xff, 0xff, 0xc0, 0x0, 0x0,
    0x0, 0x0, 0x0, 0x0, 0x0, 0x0, 0x0, 0x0,
    0xff, 0xff, 0xc0, 0x0, 0x0, 0x0, 0x0, 0x0,
    0x0, 0x0, 0x0, 0x0, 0x0, 0xff, 0xff, 0xc0,
    0x0, 0x0, 0x0, 0x0, 0x0, 0x0, 0x0, 0x0,
    0x0, 0x0, 0xff, 0xff, 0xfc, 0xcc, 0xcc, 0xcc,
    0xcc, 0xcc, 0xcc, 0xcc, 0xcb, 0x70, 0x0, 0xff,
    0xff, 0xff, 0xff, 0xff, 0xff, 0xff, 0xff, 0xff,
    0xff, 0xff, 0xfe, 0x20, 0xff, 0xff, 0xff, 0xff,
    0xff, 0xff, 0xff, 0xff, 0xff, 0xff, 0xff, 0xff,
    0xd0, 0xff, 0xff, 0xff, 0xff, 0xff, 0xff, 0xff,
    0xff, 0xff, 0xff, 0xff, 0xff, 0xf6, 0xff, 0xff,
    0xff, 0xff, 0xff, 0xff, 0xff, 0xff, 0xff, 0xff,
    0xff, 0xff, 0xfa, 0xff, 0xff, 0xc0, 0x0, 0x0,
    0x0, 0x0, 0x0, 0x0, 0x0, 0xf, 0xff, 0xfb,
    0xff, 0xff, 0xc0, 0x0, 0x0, 0x0, 0x0, 0x0,
    0x0, 0x0, 0xf, 0xff, 0xfb, 0xff, 0xff, 0xc0,
    0x0, 0x0, 0x0, 0x0, 0x0, 0x0, 0x0, 0xf,
    0xff, 0xfb, 0xff, 0xff, 0xc0, 0x0, 0x0, 0x0,
    0x0, 0x0, 0x0, 0x0, 0xf, 0xff, 0xfb, 0xff,
    0xff, 0xc0, 0x0, 0x0, 0x0, 0x0, 0x0, 0x0,
    0x0, 0xf, 0xff, 0xfb, 0xff, 0xff, 0xc0, 0x0,
    0x0, 0x0, 0x0, 0x0, 0x0, 0x0, 0xf, 0xff,
    0xfb, 0xef, 0xff, 0xfc, 0xcc, 0xcc, 0xcc, 0xcc,
    0xcc, 0xcc, 0xcc, 0xcf, 0xff, 0xfa, 0xbf, 0xff,
    0xff, 0xff, 0xff, 0xff, 0xff, 0xff, 0xff, 0xff,
    0xff, 0xff, 0xf7, 0x4f, 0xff, 0xff, 0xff, 0xff,
    0xff, 0xff, 0xff, 0xff, 0xff, 0xff, 0xff, 0xe1,
    0x7, 0xff, 0xff, 0xff, 0xff, 0xff, 0xff, 0xff,
    0xff, 0xff, 0xff, 0xff, 0x40, 0x0, 0x4b, 0xff,
    0xff, 0xff, 0xff, 0xff, 0xff, 0xff, 0xff, 0xfe,
    0xa2, 0x0,

    /* U+0037 "7" */
    0xef, 0xff, 0xff, 0xff, 0xff, 0xff, 0xff, 0xff,
    0xfe, 0xa2, 0x0, 0xef, 0xff, 0xff, 0xff, 0xff,
    0xff, 0xff, 0xff, 0xff, 0xff, 0x40, 0xef, 0xff,
    0xff, 0xff, 0xff, 0xff, 0xff, 0xff, 0xff, 0xff,
    0xe1, 0xef, 0xff, 0xff, 0xff, 0xff, 0xff, 0xff,
    0xff, 0xff, 0xff, 0xf7, 0xac, 0xcc, 0xcc, 0xcc,
    0xcc, 0xcc, 0xcc, 0xcc, 0xcf, 0xff, 0xfa, 0x0,
    0x0, 0x0, 0x0, 0x0, 0x0, 0x0, 0x0, 0xf,
    0xff, 0xfa, 0x0, 0x0, 0x0, 0x0, 0x0, 0x0,
    0x0, 0x0, 0xf, 0xff, 0xfa, 0x0, 0x0, 0x0,
    0x0, 0x0, 0x0, 0x0, 0x0, 0xf, 0xff, 0xfa,
    0x0, 0x0, 0x0, 0x0, 0x0, 0x0, 0x0, 0x0,
    0xf, 0xff, 0xfa, 0x0, 0x0, 0x0, 0x0, 0x0,
    0x0, 0x0, 0x0, 0xf, 0xff, 0xfa, 0x0, 0x0,
    0x0, 0x0, 0x0, 0x0, 0x0, 0x0, 0xf, 0xff,
    0xfa, 0x0, 0x0, 0x0, 0x0, 0x0, 0x0, 0x0,
    0x0, 0xf, 0xff, 0xfa, 0x0, 0x0, 0x0, 0x0,
    0x0, 0x0, 0x0, 0x0, 0xf, 0xff, 0xfa, 0x0,
    0x0, 0x0, 0x0, 0x0, 0x0, 0x0, 0x0, 0xf,
    0xff, 0xfa, 0x0, 0x0, 0x0, 0x0, 0x0, 0x0,
    0x0, 0x0, 0xf, 0xff, 0xfa, 0x0, 0x0, 0x0,
    0x0, 0x0, 0x0, 0x0, 0x0, 0xf, 0xff, 0xfa,
    0x0, 0x0, 0x0, 0x0, 0x0, 0x0, 0x0, 0x0,
    0xf, 0xff, 0xfa, 0x0, 0x0, 0x0, 0x0, 0x0,
    0x0, 0x0, 0x0, 0xf, 0xff, 0xfa, 0x0, 0x0,
    0x0, 0x0, 0x0, 0x0, 0x0, 0x0, 0xf, 0xff,
    0xfa, 0x0, 0x0, 0x0, 0x0, 0x0, 0x0, 0x0,
    0x0, 0xf, 0xff, 0xfa, 0x0, 0x0, 0x0, 0x0,
    0x0, 0x0, 0x0, 0x0, 0xf, 0xff, 0xfa, 0x0,
    0x0, 0x0, 0x0, 0x0, 0x0, 0x0, 0x0, 0xf,
    0xff, 0xfa, 0x0, 0x0, 0x0, 0x0, 0x0, 0x0,
    0x0, 0x0, 0xf, 0xff, 0xfa, 0x0, 0x0, 0x0,
    0x0, 0x0, 0x0, 0x0, 0x0, 0xf, 0xff, 0xfa,
    0x0, 0x0, 0x0, 0x0, 0x0, 0x0, 0x0, 0x0,
    0xf, 0xff, 0xfa, 0x0, 0x0, 0x0, 0x0, 0x0,
    0x0, 0x0, 0x0, 0xf, 0xff, 0xfa,

    /* U+0038 "8" */
    0x0, 0x4c, 0xff, 0xff, 0xff, 0xff, 0xff, 0xff,
    0xff, 0xff, 0xfe, 0xa2, 0x0, 0x8, 0xff, 0xff,
    0xff, 0xff, 0xff, 0xff, 0xff, 0xff, 0xff, 0xff,
    0xff, 0x40, 0x4f, 0xff, 0xff, 0xff, 0xff, 0xff,
    0xff, 0xff, 0xff, 0xff, 0xff, 0xff, 0xf1, 0xbf,
    0xff, 0xff, 0xff, 0xff, 0xff, 0xff, 0xff, 0xff,
    0xff, 0xff, 0xff, 0xf8, 0xef, 0xff, 0xfc, 0xcc,
    0xcc, 0xcc, 0xcc, 0xcc, 0xcc, 0xcc, 0xdf, 0xff,
    0xfb, 0xff, 0xff, 0xc0, 0x0, 0x0, 0x0, 0x0,
    0x0, 0x0, 0x0, 0xf, 0xff, 0xfb, 0xff, 0xff,
    0xc0, 0x0, 0x0, 0x0, 0x0, 0x0, 0x0, 0x0,
    0xf, 0xff, 0xfb, 0xff, 0xff, 0xc0, 0x0, 0x0,
    0x0, 0x0, 0x0, 0x0, 0x0, 0xf, 0xff, 0xfb,
    0xff, 0xff, 0xc0, 0x0, 0x0, 0x0, 0x0, 0x0,
    0x0, 0x0, 0xf, 0xff, 0xfb, 0xff, 0xff, 0xc0,
    0x0, 0x0, 0x0, 0x0, 0x0, 0x0, 0x0, 0xf,
    0xff, 0xfb, 0xef, 0xff, 0xe6, 0x66, 0x66, 0x66,
    0x66, 0x66, 0x66, 0x66, 0x6f, 0xff, 0xfa, 0xaf,
    0xff, 0xff, 0xff, 0xff, 0xff, 0xff, 0xff, 0xff,
    0xff, 0xff, 0xff, 0xf7, 0x5f, 0xff, 0xff, 0xff,
    0xff, 0xff, 0xff, 0xff, 0xff, 0xff, 0xff, 0xff,
    0xf1, 0x9f, 0xff, 0xff, 0xff, 0xff, 0xff, 0xff,
    0xff, 0xff, 0xff, 0xff, 0xff, 0xf6, 0xdf, 0xff,
    0xff, 0xff, 0xff, 0xff, 0xff, 0xff, 0xff, 0xff,
    0xff, 0xff, 0xfa, 0xff, 0xff, 0xc0, 0x0, 0x0,
    0x0, 0x0, 0x0, 0x0, 0x0, 0xf, 0xff, 0xfb,
    0xff, 0xff, 0xc0, 0x0, 0x0, 0x0, 0x0, 0x0,
    0x0, 0x0, 0xf, 0xff, 0xfb, 0xff, 0xff, 0xc0,
    0x0, 0x0, 0x0, 0x0, 0x0, 0x0, 0x0, 0xf,
    0xff, 0xfb, 0xff, 0xff, 0xc0, 0x0, 0x0, 0x0,
    0x0, 0x0, 0x0, 0x0, 0xf, 0xff, 0xfb, 0xff,
    0xff, 0xc0, 0x0, 0x0, 0x0, 0x0, 0x0, 0x0,
    0x0, 0xf, 0xff, 0xfb, 0xff, 0xff, 0xc0, 0x0,
    0x0, 0x0, 0x0, 0x0, 0x0, 0x0, 0xf, 0xff,
    0xfb, 0xef, 0xff, 0xfc, 0xcc, 0xcc, 0xcc, 0xcc,
    0xcc, 0xcc, 0xcc, 0xcf, 0xff, 0xfa, 0xbf, 0xff,
    0xff, 0xff, 0xff, 0xff, 0xff, 0xff, 0xff, 0xff,
    0xff, 0xff, 0xf7, 0x3f, 0xff, 0xff, 0xff, 0xff,
    0xff, 0xff, 0xff, 0xff, 0xff, 0xff, 0xff, 0xe1,
    0x7, 0xff, 0xff, 0xff, 0xff, 0xff, 0xff, 0xff,
    0xff, 0xff, 0xff, 0xff, 0x40, 0x0, 0x4b, 0xff,
    0xff, 0xff, 0xff, 0xff, 0xff, 0xff, 0xff, 0xfe,
    0xa2, 0x0,

    /* U+0039 "9" */
    0x0, 0x5, 0xcf, 0xff, 0xff, 0xff, 0xff, 0xff,
    0xff, 0xff, 0xff, 0xea, 0x20, 0x0, 0x9, 0xff,
    0xff, 0xff, 0xff, 0xff, 0xff, 0xff, 0xff, 0xff,
    0xff, 0xff, 0x30, 0x6, 0xff, 0xff, 0xff, 0xff,
    0xff, 0xff, 0xff, 0xff, 0xff, 0xff, 0xff, 0xfe,
    0x0, 0xdf, 0xff, 0xff, 0xff, 0xff, 0xff, 0xff,
    0xff, 0xff, 0xff, 0xff, 0xff, 0xf6, 0xf, 0xff,
    0xff, 0xcc, 0xcc, 0xcc, 0xcc, 0xcc, 0xcc, 0xcc,
    0xcd, 0xff, 0xff, 0x91, 0xff, 0xff, 0xa0, 0x0,
    0x0, 0x0, 0x0, 0x0, 0x0, 0x0, 0x1f, 0xff,
    0xf9, 0x1f, 0xff, 0xfa, 0x0, 0x0, 0x0, 0x0,
    0x0, 0x0, 0x0, 0x1, 0xff, 0xff, 0x91, 0xff,
    0xff, 0xa0, 0x0, 0x0, 0x0, 0x0, 0x0, 0x0,
    0x0, 0x1f, 0xff, 0xf9, 0x1f, 0xff, 0xfa, 0x0,
    0x0, 0x0, 0x0, 0x0, 0x0, 0x0, 0x1, 0xff,
    0xff, 0x91, 0xff, 0xff, 0xa0, 0x0, 0x0, 0x0,
    0x0, 0x0, 0x0, 0x0, 0x1f, 0xff, 0xf9, 0x1f,
    0xff, 0xfb, 0x0, 0x0, 0x0, 0x0, 0x0, 0x0,
    0x0, 0x1, 0xff, 0xff, 0x90, 0xff, 0xff, 0xff,
    0xff, 0xff, 0xff, 0xff, 0xff, 0xff, 0xff, 0xff,
    0xff, 0xf9, 0xb, 0xff, 0xff, 0xff, 0xff, 0xff,
    0xff, 0xff, 0xff, 0xff, 0xff, 0xff, 0xff, 0x90,
    0x3f, 0xff, 0xff, 0xff, 0xff, 0xff, 0xff, 0xff,
    0xff, 0xff, 0xff, 0xff, 0xf9, 0x0, 0x5f, 0xff,
    0xff, 0xff, 0xff, 0xff, 0xff, 0xff, 0xff, 0xff,
    0xff, 0xff, 0x90, 0x0, 0x28, 0xbc, 0xcc, 0xcc,
    0xcc, 0xcc, 0xcc, 0xcc, 0xcc, 0xdf, 0xff, 0xf9,
    0x0, 0x0, 0x0, 0x0, 0x0, 0x0, 0x0, 0x0,
    0x0, 0x0, 0x1, 0xff, 0xff, 0x90, 0x0, 0x0,
    0x0, 0x0, 0x0, 0x0, 0x0, 0x0, 0x0, 0x0,
    0x1f, 0xff, 0xf9, 0x0, 0x0, 0x0, 0x0, 0x0,
    0x0, 0x0, 0x0, 0x0, 0x0, 0x1, 0xff, 0xff,
    0x90, 0x0, 0x0, 0x0, 0x0, 0x0, 0x0, 0x0,
    0x0, 0x0, 0x0, 0x1f, 0xff, 0xf9, 0x0, 0x0,
    0x0, 0x0, 0x0, 0x0, 0x0, 0x0, 0x0, 0x0,
    0x1, 0xff, 0xff, 0x90, 0xbc, 0xcc, 0xcc, 0xcc,
    0xcc, 0xcc, 0xcc, 0xcc, 0xcc, 0xcc, 0xdf, 0xff,
    0xf9, 0xb, 0xff, 0xff, 0xff, 0xff, 0xff, 0xff,
    0xff, 0xff, 0xff, 0xff, 0xff, 0xff, 0x50, 0x3f,
    0xff, 0xff, 0xff, 0xff, 0xff, 0xff, 0xff, 0xff,
    0xff, 0xff, 0xff, 0xe0, 0x0, 0x6f, 0xff, 0xff,
    0xff, 0xff, 0xff, 0xff, 0xff, 0xff, 0xff, 0xff,
    0xe3, 0x0, 0x0, 0x3b, 0xff, 0xff, 0xff, 0xff,
    0xff, 0xff, 0xff, 0xff, 0xfe, 0x91, 0x0,

    /* U+003A ":" */
    0x1f, 0xff, 0xfa, 0x1f, 0xff, 0xfa, 0x1f, 0xff,
    0xfa, 0x1f, 0xff, 0xfa, 0xc, 0xcc, 0xc7, 0x0,
    0x0, 0x0, 0x0, 0x0, 0x0, 0x0, 0x0, 0x0,
    0x0, 0x0, 0x0, 0x0, 0x0, 0x0, 0x0, 0x0,
    0x0, 0x0, 0x0, 0x0, 0x0, 0x0, 0x0, 0x0,
    0x0, 0x0, 0x0, 0x0, 0x0, 0x0, 0x0, 0x0,
    0xc, 0xcc, 0xc7, 0x1f, 0xff, 0xfa, 0x1f, 0xff,
    0xfa, 0x1f, 0xff, 0xfa, 0x1f, 0xff, 0xfa,

    /* U+003B ";" */
    0x2f, 0xff, 0xf9, 0x2f, 0xff, 0xf9, 0x2f, 0xff,
    0xf9, 0x2f, 0xff, 0xf9, 0x1c, 0xcc, 0xc7, 0x0,
    0x0, 0x0, 0x0, 0x0, 0x0, 0x0, 0x0, 0x0,
    0x0, 0x0, 0x0, 0x0, 0x0, 0x0, 0x0, 0x0,
    0x0, 0x0, 0x0, 0x0, 0x0, 0x0, 0x0, 0x0,
    0x0, 0x0, 0x0, 0x0, 0x0, 0x0, 0x0, 0x0,
    0x4, 0x44, 0x42, 0x2f, 0xff, 0xf9, 0x2f, 0xff,
    0xf9, 0x2f, 0xff, 0xf9, 0x2f, 0xff, 0xf9, 0x2f,
    0xff, 0xf8, 0x2f, 0xff, 0xf4, 0x2f, 0xff, 0xc0,
    0x2f, 0xfc, 0x10, 0x1d, 0x60, 0x0,

    /* U+003C "<" */
    0x0, 0x0, 0x0, 0x0, 0x0, 0x0, 0x0, 0x32,
    0x0, 0x0, 0x0, 0x0, 0x0, 0x0, 0x19, 0xf4,
    0x0, 0x0, 0x0, 0x0, 0x0, 0x6, 0xef, 0xf4,
    0x0, 0x0, 0x0, 0x0, 0x4, 0xdf, 0xff, 0xf4,
    0x0, 0x0, 0x0, 0x2, 0xbf, 0xff, 0xff, 0xf4,
    0x0, 0x0, 0x0, 0x8f, 0xff, 0xff, 0xff, 0xf3,
    0x0, 0x0, 0x5e, 0xff, 0xff, 0xff, 0xfd, 0x40,
    0x0, 0x3c, 0xff, 0xff, 0xff, 0xfe, 0x60, 0x0,
    0x19, 0xff, 0xff, 0xff, 0xff, 0x91, 0x0, 0x0,
    0xcf, 0xff, 0xff, 0xff, 0xc3, 0x0, 0x0, 0x0,
    0xdf, 0xff, 0xff, 0xe5, 0x0, 0x0, 0x0, 0x0,
    0xdf, 0xff, 0xff, 0x60, 0x0, 0x0, 0x0, 0x0,
    0xdf, 0xff, 0xff, 0xfc, 0x30, 0x0, 0x0, 0x0,
    0x9f, 0xff, 0xff, 0xff, 0xf9, 0x10, 0x0, 0x0,
    0x3, 0xcf, 0xff, 0xff, 0xff, 0xf7, 0x0, 0x0,
    0x0, 0x6, 0xef, 0xff, 0xff, 0xff, 0xd4, 0x0,
    0x0, 0x0, 0x8, 0xff, 0xff, 0xff, 0xff, 0xb1,
    0x0, 0x0, 0x0, 0x2b, 0xff, 0xff, 0xff, 0xf4,
    0x0, 0x0, 0x0, 0x0, 0x4d, 0xff, 0xff, 0xf4,
    0x0, 0x0, 0x0, 0x0, 0x0, 0x7f, 0xff, 0xf4,
    0x0, 0x0, 0x0, 0x0, 0x0, 0x1, 0xaf, 0xf4,
    0x0, 0x0, 0x0, 0x0, 0x0, 0x0, 0x3, 0xc4,
    0x0, 0x0, 0x0, 0x0, 0x0, 0x0, 0x0, 0x0,

    /* U+003D "=" */
    0xef, 0xff, 0xff, 0xff, 0xff, 0xff, 0xff, 0xff,
    0xff, 0xfe, 0xff, 0xff, 0xff, 0xff, 0xff, 0xff,
    0xff, 0xff, 0xff, 0xef, 0xff, 0xff, 0xff, 0xff,
    0xff, 0xff, 0xff, 0xff, 0xfe, 0xff, 0xff, 0xff,
    0xff, 0xff, 0xff, 0xff, 0xff, 0xff, 0xac, 0xcc,
    0xcc, 0xcc, 0xcc, 0xcc, 0xcc, 0xcc, 0xcc, 0xb0,
    0x0, 0x0, 0x0, 0x0, 0x0, 0x0, 0x0, 0x0,
    0x0, 0x0, 0x0, 0x0, 0x0, 0x0, 0x0, 0x0,
    0x0, 0x0, 0xa, 0xcc, 0xcc, 0xcc, 0xcc, 0xcc,
    0xcc, 0xcc, 0xcc, 0xcb, 0xef, 0xff, 0xff, 0xff,
    0xff, 0xff, 0xff, 0xff, 0xff, 0xfe, 0xff, 0xff,
    0xff, 0xff, 0xff, 0xff, 0xff, 0xff, 0xff, 0xef,
    0xff, 0xff, 0xff, 0xff, 0xff, 0xff, 0xff, 0xff,
    0xfe, 0xff, 0xff, 0xff, 0xff, 0xff, 0xff, 0xff,
    0xff, 0xff,

    /* U+003E ">" */
    0x40, 0x0, 0x0, 0x0, 0x0, 0x0, 0x0, 0x0,
    0xec, 0x20, 0x0, 0x0, 0x0, 0x0, 0x0, 0x0,
    0xef, 0xf9, 0x10, 0x0, 0x0, 0x0, 0x0, 0x0,
    0xef, 0xff, 0xe6, 0x0, 0x0, 0x0, 0x0, 0x0,
    0xef, 0xff, 0xff, 0xd4, 0x0, 0x0, 0x0, 0x0,
    0xdf, 0xff, 0xff, 0xff, 0xb2, 0x0, 0x0, 0x0,
    0x2b, 0xff, 0xff, 0xff, 0xff, 0x80, 0x0, 0x0,
    0x0, 0x4d, 0xff, 0xff, 0xff, 0xfe, 0x60, 0x0,
    0x0, 0x0, 0x7f, 0xff, 0xff, 0xff, 0xfc, 0x30,
    0x0, 0x0, 0x1, 0xaf, 0xff, 0xff, 0xff, 0xf3,
    0x0, 0x0, 0x0, 0x3, 0xcf, 0xff, 0xff, 0xf4,
    0x0, 0x0, 0x0, 0x0, 0x1d, 0xff, 0xff, 0xf4,
    0x0, 0x0, 0x0, 0x7, 0xff, 0xff, 0xff, 0xf4,
    0x0, 0x0, 0x5, 0xdf, 0xff, 0xff, 0xff, 0xe2,
    0x0, 0x2, 0xbf, 0xff, 0xff, 0xff, 0xf8, 0x0,
    0x0, 0x8f, 0xff, 0xff, 0xff, 0xfb, 0x20, 0x0,
    0x5e, 0xff, 0xff, 0xff, 0xfd, 0x40, 0x0, 0x0,
    0xef, 0xff, 0xff, 0xff, 0x70, 0x0, 0x0, 0x0,
    0xef, 0xff, 0xff, 0x91, 0x0, 0x0, 0x0, 0x0,
    0xef, 0xff, 0xc3, 0x0, 0x0, 0x0, 0x0, 0x0,
    0xef, 0xe5, 0x0, 0x0, 0x0, 0x0, 0x0, 0x0,
    0xd8, 0x0, 0x0, 0x0, 0x0, 0x0, 0x0, 0x0,
    0x10, 0x0, 0x0, 0x0, 0x0, 0x0, 0x0, 0x0,

    /* U+003F "?" */
    0xef, 0xff, 0xff, 0xff, 0xff, 0xff, 0xff, 0xff,
    0xff, 0xea, 0x20, 0xe, 0xff, 0xff, 0xff, 0xff,
    0xff, 0xff, 0xff, 0xff, 0xff, 0xff, 0x40, 0xef,
    0xff, 0xff, 0xff, 0xff, 0xff, 0xff, 0xff, 0xff,
    0xff, 0xfe, 0x1e, 0xff, 0xff, 0xff, 0xff, 0xff,
    0xff, 0xff, 0xff, 0xff, 0xff, 0xf7, 0xbc, 0xcc,
    0xcc, 0xcc, 0xcc, 0xcc, 0xcc, 0xcc, 0xcd, 0xff,
    0xff, 0xa0, 0x0, 0x0, 0x0, 0x0, 0x0, 0x0,
    0x0, 0x0, 0xf, 0xff, 0xfb, 0x0, 0x0, 0x0,
    0x0, 0x0, 0x0, 0x0, 0x0, 0x0, 0xff, 0xff,
    0xb0, 0x0, 0x0, 0x0, 0x0, 0x0, 0x0, 0x0,
    0x0, 0xf, 0xff, 0xfb, 0x0, 0x0, 0x0, 0x0,
    0x0, 0x0, 0x0, 0x0, 0x0, 0xff, 0xff, 0xb0,
    0x0, 0x0, 0x0, 0x0, 0x0, 0x0, 0x0, 0x0,
    0xf, 0xff, 0xfb, 0x0, 0x0, 0x0, 0x0, 0x0,
    0x0, 0x0, 0x0, 0x0, 0xff, 0xff, 0xb0, 0x0,
    0x0, 0x2, 0x9c, 0xcc, 0xcc, 0xcc, 0xcc, 0xdf,
    0xff, 0xfa, 0x0, 0x0, 0x6, 0xff, 0xff, 0xff,
    0xff, 0xff, 0xff, 0xff, 0xff, 0x70, 0x0, 0x4,
    0xff, 0xff, 0xff, 0xff, 0xff, 0xff, 0xff, 0xff,
    0xe1, 0x0, 0x0, 0xcf, 0xff, 0xff, 0xff, 0xff,
    0xff, 0xff, 0xff, 0xf4, 0x0, 0x0, 0xf, 0xff,
    0xff, 0xff, 0xff, 0xff, 0xff, 0xfe, 0xa2, 0x0,
    0x0, 0x1, 0xff, 0xff, 0xa0, 0x0, 0x0, 0x0,
    0x0, 0x0, 0x0, 0x0, 0x0, 0x1f, 0xff, 0xf9,
    0x0, 0x0, 0x0, 0x0, 0x0, 0x0, 0x0, 0x0,
    0x1, 0xcc, 0xcc, 0x70, 0x0, 0x0, 0x0, 0x0,
    0x0, 0x0, 0x0, 0x0, 0x0, 0x0, 0x0, 0x0,
    0x0, 0x0, 0x0, 0x0, 0x0, 0x0, 0x0, 0x0,
    0x0, 0x0, 0x0, 0x0, 0x0, 0x0, 0x0, 0x0,
    0x0, 0x0, 0x0, 0x1c, 0xcc, 0xc7, 0x0, 0x0,
    0x0, 0x0, 0x0, 0x0, 0x0, 0x0, 0x1, 0xff,
    0xff, 0x90, 0x0, 0x0, 0x0, 0x0, 0x0, 0x0,
    0x0, 0x0, 0x1f, 0xff, 0xf9, 0x0, 0x0, 0x0,
    0x0, 0x0, 0x0, 0x0, 0x0, 0x1, 0xff, 0xff,
    0x90, 0x0, 0x0, 0x0, 0x0, 0x0, 0x0, 0x0,
    0x0, 0x1f, 0xff, 0xf9, 0x0, 0x0, 0x0, 0x0,
    0x0, 0x0, 0x0,

    /* U+0040 "@" */
    0x0, 0x5, 0xcf, 0xff, 0xff, 0xff, 0xff, 0xff,
    0xff, 0xff, 0xff, 0xea, 0x20, 0x0, 0x9, 0xff,
    0xff, 0xff, 0xff, 0xff, 0xff, 0xff, 0xff, 0xff,
    0xff, 0xff, 0x30, 0x6, 0xff, 0xff, 0xff, 0xff,
    0xff, 0xff, 0xff, 0xff, 0xff, 0xff, 0xff, 0xfe,
    0x0, 0xdf, 0xff, 0xff, 0xff, 0xff, 0xff, 0xff,
    0xff, 0xff, 0xff, 0xff, 0xff, 0xf6, 0xf, 0xff,
    0xff, 0xcc, 0xcc, 0xcc, 0xcc, 0xcc, 0xcc, 0xcc,
    0xcd, 0xff, 0xff, 0x91, 0xff, 0xff, 0xa0, 0x0,
    0x0, 0x0, 0x0, 0x0, 0x0, 0x0, 0x1f, 0xff,
    0xf9, 0x1f, 0xff, 0xfa, 0x0, 0x0, 0x0, 0x0,
    0x0, 0x0, 0x0, 0x1, 0xff, 0xff, 0x91, 0xff,
    0xff, 0xa0, 0x0, 0x19, 0xef, 0xff, 0xfc, 0x60,
    0x0, 0x1f, 0xff, 0xf9, 0x1f, 0xff, 0xfa, 0x0,
    0x1e, 0xff, 0xff, 0xff, 0xff, 0x80, 0x1, 0xff,
    0xff, 0x91, 0xff, 0xff, 0xa0, 0x9, 0xff, 0xff,
    0xff, 0xff, 0xff, 0x20, 0x1f, 0xff, 0xf9, 0x1f,
    0xff, 0xfa, 0x0, 0xef, 0xf9, 0x55, 0x55, 0xef,
    0xf7, 0x1, 0xff, 0xff, 0x91, 0xff, 0xff, 0xa0,
    0xf, 0xff, 0x50, 0x0, 0xc, 0xff, 0x80, 0x1f,
    0xff, 0xf9, 0x1f, 0xff, 0xfa, 0x0, 0xff, 0xf5,
    0x0, 0x0, 0xcf, 0xf9, 0x1, 0xff, 0xff, 0x91,
    0xff, 0xff, 0xa0, 0xf, 0xff, 0x50, 0x0, 0xc,
    0xff, 0x90, 0x1f, 0xff, 0xf9, 0x1f, 0xff, 0xfa,
    0x0, 0xff, 0xf5, 0x0, 0x0, 0xcf, 0xf9, 0x1,
    0xff, 0xff, 0x91, 0xff, 0xff, 0xa0, 0xc, 0xff,
    0xff, 0xff, 0xff, 0xff, 0xff, 0xff, 0xff, 0xf9,
    0x1f, 0xff, 0xfa, 0x0, 0x6f, 0xff, 0xff, 0xff,
    0xff, 0xff, 0xff, 0xff, 0xff, 0x91, 0xff, 0xff,
    0xa0, 0x0, 0x8f, 0xff, 0xff, 0xff, 0xff, 0xff,
    0xff, 0xff, 0xf9, 0x1f, 0xff, 0xfa, 0x0, 0x0,
    0x27, 0x89, 0x99, 0x99, 0x99, 0x99, 0x99, 0x99,
    0x51, 0xff, 0xff, 0xa0, 0x0, 0x0, 0x0, 0x0,
    0x0, 0x0, 0x0, 0x0, 0x0, 0x0, 0x1f, 0xff,
    0xfa, 0x0, 0x0, 0x0, 0x0, 0x0, 0x0, 0x0,
    0x0, 0x0, 0x0, 0x0, 0xff, 0xff, 0xfc, 0xcc,
    0xcc, 0xcc, 0xcc, 0xcc, 0xcc, 0xcc, 0xcc, 0xcc,
    0xc7, 0xd, 0xff, 0xff, 0xff, 0xff, 0xff, 0xff,
    0xff, 0xff, 0xff, 0xff, 0xff, 0xff, 0x90, 0x5f,
    0xff, 0xff, 0xff, 0xff, 0xff, 0xff, 0xff, 0xff,
    0xff, 0xff, 0xff, 0xf9, 0x0, 0x9f, 0xff, 0xff,
    0xff, 0xff, 0xff, 0xff, 0xff, 0xff, 0xff, 0xff,
    0xff, 0x90, 0x0, 0x5c, 0xff, 0xff, 0xff, 0xff,
    0xff, 0xff, 0xff, 0xff, 0xff, 0xff, 0xf9,

    /* U+0041 "A" */
    0x0, 0x3b, 0xff, 0xff, 0xff, 0xff, 0xff, 0xff,
    0xff, 0xff, 0xff, 0xb4, 0x0, 0x0, 0x6f, 0xff,
    0xff, 0xff, 0xff, 0xff, 0xff, 0xff, 0xff, 0xff,
    0xff, 0xf8, 0x0, 0x3f, 0xff, 0xff, 0xff, 0xff,
    0xff, 0xff, 0xff, 0xff, 0xff, 0xff, 0xff, 0xf4,
    0xa, 0xff, 0xff, 0xff, 0xff, 0xff, 0xff, 0xff,
    0xff, 0xff, 0xff, 0xff, 0xff, 0xc0, 0xdf, 0xff,
    0xfd, 0xdd, 0xdd, 0xdd, 0xdd, 0xdd, 0xdd, 0xdd,
    0xdf, 0xff, 0xff, 0xe, 0xff, 0xfd, 0x0, 0x0,
    0x0, 0x0, 0x0, 0x0, 0x0, 0x0, 0xcf, 0xff,
    0xf0, 0xef, 0xff, 0xd0, 0x0, 0x0, 0x0, 0x0,
    0x0, 0x0, 0x0, 0xc, 0xff, 0xff, 0xe, 0xff,
    0xfd, 0x0, 0x0, 0x0, 0x0, 0x0, 0x0, 0x0,
    0x0, 0xcf, 0xff, 0xf0, 0xef, 0xff, 0xd0, 0x0,
    0x0, 0x0, 0x0, 0x0, 0x0, 0x0, 0xc, 0xff,
    0xff, 0xe, 0xff, 0xfd, 0x0, 0x0, 0x0, 0x0,
    0x0, 0x0, 0x0, 0x0, 0xcf, 0xff, 0xf0, 0xef,
    0xff, 0xd0, 0x0, 0x0, 0x0, 0x0, 0x0, 0x0,
    0x0, 0xc, 0xff, 0xff, 0xe, 0xff, 0xfd, 0x0,
    0x0, 0x0, 0x0, 0x0, 0x0, 0x0, 0x0, 0xcf,
    0xff, 0xf0, 0xef, 0xff, 0xfc, 0xcc, 0xcc, 0xcc,
    0xcc, 0xcc, 0xcc, 0xcc, 0xcf, 0xff, 0xff, 0xe,
    0xff, 0xff, 0xff, 0xff, 0xff, 0xff, 0xff, 0xff,
    0xff, 0xff, 0xff, 0xff, 0xf0, 0xef, 0xff, 0xff,
    0xff, 0xff, 0xff, 0xff, 0xff, 0xff, 0xff, 0xff,
    0xff, 0xff, 0xe, 0xff, 0xff, 0xff, 0xff, 0xff,
    0xff, 0xff, 0xff, 0xff, 0xff, 0xff, 0xff, 0xf0,
    0xef, 0xff, 0xff, 0xff, 0xff, 0xff, 0xff, 0xff,
    0xff, 0xff, 0xff, 0xff, 0xff, 0xe, 0xff, 0xfd,
    0x0, 0x0, 0x0, 0x0, 0x0, 0x0, 0x0, 0x0,
    0xcf, 0xff, 0xf0, 0xef, 0xff, 0xd0, 0x0, 0x0,
    0x0, 0x0, 0x0, 0x0, 0x0, 0xc, 0xff, 0xff,
    0xe, 0xff, 0xfd, 0x0, 0x0, 0x0, 0x0, 0x0,
    0x0, 0x0, 0x0, 0xcf, 0xff, 0xf0, 0xef, 0xff,
    0xd0, 0x0, 0x0, 0x0, 0x0, 0x0, 0x0, 0x0,
    0xc, 0xff, 0xff, 0xe, 0xff, 0xfd, 0x0, 0x0,
    0x0, 0x0, 0x0, 0x0, 0x0, 0x0, 0xcf, 0xff,
    0xf0, 0xef, 0xff, 0xd0, 0x0, 0x0, 0x0, 0x0,
    0x0, 0x0, 0x0, 0xc, 0xff, 0xff, 0xe, 0xff,
    0xfd, 0x0, 0x0, 0x0, 0x0, 0x0, 0x0, 0x0,
    0x0, 0xcf, 0xff, 0xf0, 0xef, 0xff, 0xd0, 0x0,
    0x0, 0x0, 0x0, 0x0, 0x0, 0x0, 0xc, 0xff,
    0xff, 0xe, 0xff, 0xfd, 0x0, 0x0, 0x0, 0x0,
    0x0, 0x0, 0x0, 0x0, 0xcf, 0xff, 0xf0,

    /* U+0042 "B" */
    0xef, 0xff, 0xff, 0xff, 0xff, 0xff, 0xff, 0xff,
    0xff, 0xff, 0xfc, 0x40, 0x0, 0xe, 0xff, 0xff,
    0xff, 0xff, 0xff, 0xff, 0xff, 0xff, 0xff, 0xff,
    0xff, 0x80, 0x0, 0xef, 0xff, 0xff, 0xff, 0xff,
    0xff, 0xff, 0xff, 0xff, 0xff, 0xff, 0xff, 0x40,
    0xe, 0xff, 0xff, 0xff, 0xff, 0xff, 0xff, 0xff,
    0xff, 0xff, 0xff, 0xff, 0xfc, 0x0, 0xef, 0xff,
    0xfd, 0xdd, 0xdd, 0xdd, 0xdd, 0xdd, 0xdd, 0xdd,
    0xff, 0xff, 0xf0, 0xe, 0xff, 0xfe, 0x0, 0x0,
    0x0, 0x0, 0x0, 0x0, 0x0, 0xd, 0xff, 0xff,
    0x0, 0xef, 0xff, 0xe0, 0x0, 0x0, 0x0, 0x0,
    0x0, 0x0, 0x0, 0xdf, 0xff, 0xf0, 0xe, 0xff,
    0xfe, 0x0, 0x0, 0x0, 0x0, 0x0, 0x0, 0x0,
    0xd, 0xff, 0xff, 0x0, 0xef, 0xff, 0xe0, 0x0,
    0x0, 0x0, 0x0, 0x0, 0x0, 0x0, 0xdf, 0xff,
    0xf0, 0xe, 0xff, 0xfe, 0x0, 0x0, 0x0, 0x0,
    0x0, 0x0, 0x0, 0xd, 0xff, 0xff, 0x0, 0xef,
    0xff, 0xfd, 0xdd, 0xdd, 0xdd, 0xdd, 0xdd, 0xdd,
    0xdd, 0xff, 0xff, 0xf0, 0xe, 0xff, 0xff, 0xff,
    0xff, 0xff, 0xff, 0xff, 0xff, 0xff, 0xff, 0xff,
    0xfc, 0x0, 0xef, 0xff, 0xff, 0xff, 0xff, 0xff,
    0xff, 0xff, 0xff, 0xff, 0xff, 0xff, 0xf3, 0xe,
    0xff, 0xff, 0xff, 0xff, 0xff, 0xff, 0xff, 0xff,
    0xff, 0xff, 0xff, 0xff, 0xa0, 0xef, 0xff, 0xff,
    0xff, 0xff, 0xff, 0xff, 0xff, 0xff, 0xff, 0xff,
    0xff, 0xff, 0xe, 0xff, 0xfe, 0x0, 0x0, 0x0,
    0x0, 0x0, 0x0, 0x0, 0x0, 0xcf, 0xff, 0xf0,
    0xef, 0xff, 0xe0, 0x0, 0x0, 0x0, 0x0, 0x0,
    0x0, 0x0, 0xc, 0xff, 0xff, 0xe, 0xff, 0xfe,
    0x0, 0x0, 0x0, 0x0, 0x0, 0x0, 0x0, 0x0,
    0xcf, 0xff, 0xf0, 0xef, 0xff, 0xe0, 0x0, 0x0,
    0x0, 0x0, 0x0, 0x0, 0x0, 0xc, 0xff, 0xff,
    0xe, 0xff, 0xfe, 0x0, 0x0, 0x0, 0x0, 0x0,
    0x0, 0x0, 0x0, 0xcf, 0xff, 0xf0, 0xef, 0xff,
    0xe0, 0x0, 0x0, 0x0, 0x0, 0x0, 0x0, 0x0,
    0xc, 0xff, 0xff, 0xe, 0xff, 0xff, 0xdd, 0xdd,
    0xdd, 0xdd, 0xdd, 0xdd, 0xdd, 0xdd, 0xff, 0xff,
    0xf0, 0xef, 0xff, 0xff, 0xff, 0xff, 0xff, 0xff,
    0xff, 0xff, 0xff, 0xff, 0xff, 0xfc, 0xe, 0xff,
    0xff, 0xff, 0xff, 0xff, 0xff, 0xff, 0xff, 0xff,
    0xff, 0xff, 0xff, 0x50, 0xef, 0xff, 0xff, 0xff,
    0xff, 0xff, 0xff, 0xff, 0xff, 0xff, 0xff, 0xff,
    0x80, 0xe, 0xff, 0xff, 0xff, 0xff, 0xff, 0xff,
    0xff, 0xff, 0xff, 0xff, 0xfc, 0x40, 0x0,

    /* U+0043 "C" */
    0x0, 0x4b, 0xff, 0xff, 0xff, 0xff, 0xff, 0xff,
    0xff, 0xff, 0xff, 0xff, 0xfd, 0x7, 0xff, 0xff,
    0xff, 0xff, 0xff, 0xff, 0xff, 0xff, 0xff, 0xff,
    0xff, 0xfd, 0x4f, 0xff, 0xff, 0xff, 0xff, 0xff,
    0xff, 0xff, 0xff, 0xff, 0xff, 0xff, 0xfd, 0xbf,
    0xff, 0xff, 0xff, 0xff, 0xff, 0xff, 0xff, 0xff,
    0xff, 0xff, 0xff, 0xfd, 0xff, 0xff, 0xfe, 0xdd,
    0xdd, 0xdd, 0xdd, 0xdd, 0xdd, 0xdd, 0xdd, 0xdd,
    0xdb, 0xff, 0xff, 0xe0, 0x0, 0x0, 0x0, 0x0,
    0x0, 0x0, 0x0, 0x0, 0x0, 0x0, 0xff, 0xff,
    0xc0, 0x0, 0x0, 0x0, 0x0, 0x0, 0x0, 0x0,
    0x0, 0x0, 0x0, 0xff, 0xff, 0xc0, 0x0, 0x0,
    0x0, 0x0, 0x0, 0x0, 0x0, 0x0, 0x0, 0x0,
    0xff, 0xff, 0xc0, 0x0, 0x0, 0x0, 0x0, 0x0,
    0x0, 0x0, 0x0, 0x0, 0x0, 0xff, 0xff, 0xc0,
    0x0, 0x0, 0x0, 0x0, 0x0, 0x0, 0x0, 0x0,
    0x0, 0x0, 0xff, 0xff, 0xc0, 0x0, 0x0, 0x0,
    0x0, 0x0, 0x0, 0x0, 0x0, 0x0, 0x0, 0xff,
    0xff, 0xc0, 0x0, 0x0, 0x0, 0x0, 0x0, 0x0,
    0x0, 0x0, 0x0, 0x0, 0xff, 0xff, 0xc0, 0x0,
    0x0, 0x0, 0x0, 0x0, 0x0, 0x0, 0x0, 0x0,
    0x0, 0xff, 0xff, 0xc0, 0x0, 0x0, 0x0, 0x0,
    0x0, 0x0, 0x0, 0x0, 0x0, 0x0, 0xff, 0xff,
    0xc0, 0x0, 0x0, 0x0, 0x0, 0x0, 0x0, 0x0,
    0x0, 0x0, 0x0, 0xff, 0xff, 0xc0, 0x0, 0x0,
    0x0, 0x0, 0x0, 0x0, 0x0, 0x0, 0x0, 0x0,
    0xff, 0xff, 0xc0, 0x0, 0x0, 0x0, 0x0, 0x0,
    0x0, 0x0, 0x0, 0x0, 0x0, 0xff, 0xff, 0xc0,
    0x0, 0x0, 0x0, 0x0, 0x0, 0x0, 0x0, 0x0,
    0x0, 0x0, 0xff, 0xff, 0xc0, 0x0, 0x0, 0x0,
    0x0, 0x0, 0x0, 0x0, 0x0, 0x0, 0x0, 0xff,
    0xff, 0xc0, 0x0, 0x0, 0x0, 0x0, 0x0, 0x0,
    0x0, 0x0, 0x0, 0x0, 0xff, 0xff, 0xe0, 0x0,
    0x0, 0x0, 0x0, 0x0, 0x0, 0x0, 0x0, 0x0,
    0x0, 0xff, 0xff, 0xfe, 0xdd, 0xdd, 0xdd, 0xdd,
    0xdd, 0xdd, 0xdd, 0xdd, 0xdd, 0xdb, 0xbf, 0xff,
    0xff, 0xff, 0xff, 0xff, 0xff, 0xff, 0xff, 0xff,
    0xff, 0xff, 0xfd, 0x4f, 0xff, 0xff, 0xff, 0xff,
    0xff, 0xff, 0xff, 0xff, 0xff, 0xff, 0xff, 0xfd,
    0x7, 0xff, 0xff, 0xff, 0xff, 0xff, 0xff, 0xff,
    0xff, 0xff, 0xff, 0xff, 0xfd, 0x0, 0x4b, 0xff,
    0xff, 0xff, 0xff, 0xff, 0xff, 0xff, 0xff, 0xff,
    0xff, 0xfd,

    /* U+0044 "D" */
    0xef, 0xff, 0xff, 0xff, 0xff, 0xff, 0xff, 0xff,
    0xff, 0xff, 0xff, 0xb4, 0x0, 0xe, 0xff, 0xff,
    0xff, 0xff, 0xff, 0xff, 0xff, 0xff, 0xff, 0xff,
    0xff, 0xf8, 0x0, 0xef, 0xff, 0xff, 0xff, 0xff,
    0xff, 0xff, 0xff, 0xff, 0xff, 0xff, 0xff, 0xf4,
    0xe, 0xff, 0xff, 0xff, 0xff, 0xff, 0xff, 0xff,
    0xff, 0xff, 0xff, 0xff, 0xff, 0xc0, 0xef, 0xff,
    0xfd, 0xdd, 0xdd, 0xdd, 0xdd, 0xdd, 0xdd, 0xdd,
    0xdf, 0xff, 0xff, 0xe, 0xff, 0xfc, 0x0, 0x0,
    0x0, 0x0, 0x0, 0x0, 0x0, 0x0, 0xcf, 0xff,
    0xf0, 0xef, 0xff, 0xc0, 0x0, 0x0, 0x0, 0x0,
    0x0, 0x0, 0x0, 0xc, 0xff, 0xff, 0xe, 0xff,
    0xfc, 0x0, 0x0, 0x0, 0x0, 0x0, 0x0, 0x0,
    0x0, 0xcf, 0xff, 0xf0, 0xef, 0xff, 0xc0, 0x0,
    0x0, 0x0, 0x0, 0x0, 0x0, 0x0, 0xc, 0xff,
    0xff, 0xe, 0xff, 0xfc, 0x0, 0x0, 0x0, 0x0,
    0x0, 0x0, 0x0, 0x0, 0xcf, 0xff, 0xf0, 0xef,
    0xff, 0xc0, 0x0, 0x0, 0x0, 0x0, 0x0, 0x0,
    0x0, 0xc, 0xff, 0xff, 0xe, 0xff, 0xfc, 0x0,
    0x0, 0x0, 0x0, 0x0, 0x0, 0x0, 0x0, 0xcf,
    0xff, 0xf0, 0xef, 0xff, 0xc0, 0x0, 0x0, 0x0,
    0x0, 0x0, 0x0, 0x0, 0xc, 0xff, 0xff, 0xe,
    0xff, 0xfc, 0x0, 0x0, 0x0, 0x0, 0x0, 0x0,
    0x0, 0x0, 0xcf, 0xff, 0xf0, 0xef, 0xff, 0xc0,
    0x0, 0x0, 0x0, 0x0, 0x0, 0x0, 0x0, 0xc,
    0xff, 0xff, 0xe, 0xff, 0xfc, 0x0, 0x0, 0x0,
    0x0, 0x0, 0x0, 0x0, 0x0, 0xcf, 0xff, 0xf0,
    0xef, 0xff, 0xc0, 0x0, 0x0, 0x0, 0x0, 0x0,
    0x0, 0x0, 0xc, 0xff, 0xff, 0xe, 0xff, 0xfc,
    0x0, 0x0, 0x0, 0x0, 0x0, 0x0, 0x0, 0x0,
    0xcf, 0xff, 0xf0, 0xef, 0xff, 0xc0, 0x0, 0x0,
    0x0, 0x0, 0x0, 0x0, 0x0, 0xc, 0xff, 0xff,
    0xe, 0xff, 0xfc, 0x0, 0x0, 0x0, 0x0, 0x0,
    0x0, 0x0, 0x0, 0xcf, 0xff, 0xf0, 0xef, 0xff,
    0xc0, 0x0, 0x0, 0x0, 0x0, 0x0, 0x0, 0x0,
    0xc, 0xff, 0xff, 0xe, 0xff, 0xff, 0xdd, 0xdd,
    0xdd, 0xdd, 0xdd, 0xdd, 0xdd, 0xdd, 0xff, 0xff,
    0xf0, 0xef, 0xff, 0xff, 0xff, 0xff, 0xff, 0xff,
    0xff, 0xff, 0xff, 0xff, 0xff, 0xfc, 0xe, 0xff,
    0xff, 0xff, 0xff, 0xff, 0xff, 0xff, 0xff, 0xff,
    0xff, 0xff, 0xff, 0x40, 0xef, 0xff, 0xff, 0xff,
    0xff, 0xff, 0xff, 0xff, 0xff, 0xff, 0xff, 0xff,
    0x80, 0xe, 0xff, 0xff, 0xff, 0xff, 0xff, 0xff,
    0xff, 0xff, 0xff, 0xff, 0xfb, 0x40, 0x0,

    /* U+0045 "E" */
    0xef, 0xff, 0xff, 0xff, 0xff, 0xff, 0xff, 0xff,
    0xff, 0xff, 0xff, 0xff, 0xef, 0xff, 0xff, 0xff,
    0xff, 0xff, 0xff, 0xff, 0xff, 0xff, 0xff, 0xff,
    0xef, 0xff, 0xff, 0xff, 0xff, 0xff, 0xff, 0xff,
    0xff, 0xff, 0xff, 0xff, 0xef, 0xff, 0xff, 0xff,
    0xff, 0xff, 0xff, 0xff, 0xff, 0xff, 0xff, 0xff,
    0xef, 0xff, 0xfd, 0xdd, 0xdd, 0xdd, 0xdd, 0xdd,
    0xdd, 0xdd, 0xdd, 0xdc, 0xef, 0xff, 0xe0, 0x0,
    0x0, 0x0, 0x0, 0x0, 0x0, 0x0, 0x0, 0x0,
    0xef, 0xff, 0xe0, 0x0, 0x0, 0x0, 0x0, 0x0,
    0x0, 0x0, 0x0, 0x0, 0xef, 0xff, 0xe0, 0x0,
    0x0, 0x0, 0x0, 0x0, 0x0, 0x0, 0x0, 0x0,
    0xef, 0xff, 0xe0, 0x0, 0x0, 0x0, 0x0, 0x0,
    0x0, 0x0, 0x0, 0x0, 0xef, 0xff, 0xe0, 0x0,
    0x0, 0x0, 0x0, 0x0, 0x0, 0x0, 0x0, 0x0,
    0xef, 0xff, 0xfd, 0xdd, 0xdd, 0xdd, 0xdd, 0xdd,
    0xdd, 0xdd, 0x30, 0x0, 0xef, 0xff, 0xff, 0xff,
    0xff, 0xff, 0xff, 0xff, 0xff, 0xff, 0x30, 0x0,
    0xef, 0xff, 0xff, 0xff, 0xff, 0xff, 0xff, 0xff,
    0xff, 0xff, 0x30, 0x0, 0xef, 0xff, 0xff, 0xff,
    0xff, 0xff, 0xff, 0xff, 0xff, 0xff, 0x30, 0x0,
    0xef, 0xff, 0xff, 0xff, 0xff, 0xff, 0xff, 0xff,
    0xff, 0xff, 0x30, 0x0, 0xef, 0xff, 0xe0, 0x0,
    0x0, 0x0, 0x0, 0x0, 0x0, 0x0, 0x0, 0x0,
    0xef, 0xff, 0xe0, 0x0, 0x0, 0x0, 0x0, 0x0,
    0x0, 0x0, 0x0, 0x0, 0xef, 0xff, 0xe0, 0x0,
    0x0, 0x0, 0x0, 0x0, 0x0, 0x0, 0x0, 0x0,
    0xef, 0xff, 0xe0, 0x0, 0x0, 0x0, 0x0, 0x0,
    0x0, 0x0, 0x0, 0x0, 0xef, 0xff, 0xe0, 0x0,
    0x0, 0x0, 0x0, 0x0, 0x0, 0x0, 0x0, 0x0,
    0xef, 0xff, 0xe0, 0x0, 0x0, 0x0, 0x0, 0x0,
    0x0, 0x0, 0x0, 0x0, 0xef, 0xff, 0xfd, 0xdd,
    0xdd, 0xdd, 0xdd, 0xdd, 0xdd, 0xdd, 0xdd, 0xdc,
    0xef, 0xff, 0xff, 0xff, 0xff, 0xff, 0xff, 0xff,
    0xff, 0xff, 0xff, 0xff, 0xef, 0xff, 0xff, 0xff,
    0xff, 0xff, 0xff, 0xff, 0xff, 0xff, 0xff, 0xff,
    0xef, 0xff, 0xff, 0xff, 0xff, 0xff, 0xff, 0xff,
    0xff, 0xff, 0xff, 0xff, 0xef, 0xff, 0xff, 0xff,
    0xff, 0xff, 0xff, 0xff, 0xff, 0xff, 0xff, 0xff,

    /* U+0046 "F" */
    0xef, 0xff, 0xff, 0xff, 0xff, 0xff, 0xff, 0xff,
    0xff, 0xff, 0xff, 0xff, 0xef, 0xff, 0xff, 0xff,
    0xff, 0xff, 0xff, 0xff, 0xff, 0xff, 0xff, 0xff,
    0xef, 0xff, 0xff, 0xff, 0xff, 0xff, 0xff, 0xff,
    0xff, 0xff, 0xff, 0xff, 0xef, 0xff, 0xff, 0xff,
    0xff, 0xff, 0xff, 0xff, 0xff, 0xff, 0xff, 0xff,
    0xef, 0xff, 0xfd, 0xdd, 0xdd, 0xdd, 0xdd, 0xdd,
    0xdd, 0xdd, 0xdd, 0xdc, 0xef, 0xff, 0xe0, 0x0,
    0x0, 0x0, 0x0, 0x0, 0x0, 0x0, 0x0, 0x0,
    0xef, 0xff, 0xe0, 0x0, 0x0, 0x0, 0x0, 0x0,
    0x0, 0x0, 0x0, 0x0, 0xef, 0xff, 0xe0, 0x0,
    0x0, 0x0, 0x0, 0x0, 0x0, 0x0, 0x0, 0x0,
    0xef, 0xff, 0xe0, 0x0, 0x0, 0x0, 0x0, 0x0,
    0x0, 0x0, 0x0, 0x0, 0xef, 0xff, 0xe0, 0x0,
    0x0, 0x0, 0x0, 0x0, 0x0, 0x0, 0x0, 0x0,
    0xef, 0xff, 0xfd, 0xdd, 0xdd, 0xdd, 0xdd, 0xdd,
    0xdd, 0xdd, 0x30, 0x0, 0xef, 0xff, 0xff, 0xff,
    0xff, 0xff, 0xff, 0xff, 0xff, 0xff, 0x30, 0x0,
    0xef, 0xff, 0xff, 0xff, 0xff, 0xff, 0xff, 0xff,
    0xff, 0xff, 0x30, 0x0, 0xef, 0xff, 0xff, 0xff,
    0xff, 0xff, 0xff, 0xff, 0xff, 0xff, 0x30, 0x0,
    0xef, 0xff, 0xff, 0xff, 0xff, 0xff, 0xff, 0xff,
    0xff, 0xff, 0x30, 0x0, 0xef, 0xff, 0xe0, 0x0,
    0x0, 0x0, 0x0, 0x0, 0x0, 0x0, 0x0, 0x0,
    0xef, 0xff, 0xe0, 0x0, 0x0, 0x0, 0x0, 0x0,
    0x0, 0x0, 0x0, 0x0, 0xef, 0xff, 0xe0, 0x0,
    0x0, 0x0, 0x0, 0x0, 0x0, 0x0, 0x0, 0x0,
    0xef, 0xff, 0xe0, 0x0, 0x0, 0x0, 0x0, 0x0,
    0x0, 0x0, 0x0, 0x0, 0xef, 0xff, 0xe0, 0x0,
    0x0, 0x0, 0x0, 0x0, 0x0, 0x0, 0x0, 0x0,
    0xef, 0xff, 0xe0, 0x0, 0x0, 0x0, 0x0, 0x0,
    0x0, 0x0, 0x0, 0x0, 0xef, 0xff, 0xe0, 0x0,
    0x0, 0x0, 0x0, 0x0, 0x0, 0x0, 0x0, 0x0,
    0xef, 0xff, 0xe0, 0x0, 0x0, 0x0, 0x0, 0x0,
    0x0, 0x0, 0x0, 0x0, 0xef, 0xff, 0xe0, 0x0,
    0x0, 0x0, 0x0, 0x0, 0x0, 0x0, 0x0, 0x0,
    0xef, 0xff, 0xe0, 0x0, 0x0, 0x0, 0x0, 0x0,
    0x0, 0x0, 0x0, 0x0, 0xef, 0xff, 0xe0, 0x0,
    0x0, 0x0, 0x0, 0x0, 0x0, 0x0, 0x0, 0x0,

    /* U+0047 "G" */
    0x0, 0x4b, 0xff, 0xff, 0xff, 0xff, 0xff, 0xff,
    0xff, 0xff, 0xff, 0xb4, 0x0, 0x7, 0xff, 0xff,
    0xff, 0xff, 0xff, 0xff, 0xff, 0xff, 0xff, 0xff,
    0xff, 0x70, 0x4f, 0xff, 0xff, 0xff, 0xff, 0xff,
    0xff, 0xff, 0xff, 0xff, 0xff, 0xff, 0xf3, 0xbf,
    0xff, 0xff, 0xff, 0xff, 0xff, 0xff, 0xff, 0xff,
    0xff, 0xff, 0xff, 0xfb, 0xff, 0xff, 0xfd, 0xdd,
    0xdd, 0xdd, 0xdd, 0xdd, 0xdd, 0xdd, 0xdf, 0xff,
    0xfe, 0xff, 0xff, 0xc0, 0x0, 0x0, 0x0, 0x0,
    0x0, 0x0, 0x0, 0xd, 0xff, 0xff, 0xff, 0xff,
    0xc0, 0x0, 0x0, 0x0, 0x0, 0x0, 0x0, 0x0,
    0xd, 0xff, 0xff, 0xff, 0xff, 0xc0, 0x0, 0x0,
    0x0, 0x0, 0x0, 0x0, 0x0, 0x0, 0x0, 0x0,
    0xff, 0xff, 0xc0, 0x0, 0x0, 0x0, 0x0, 0x0,
    0x0, 0x0, 0x0, 0x0, 0x0, 0xff, 0xff, 0xc0,
    0x0, 0x0, 0x0, 0x0, 0x0, 0x0, 0x0, 0x0,
    0x0, 0x0, 0xff, 0xff, 0xc0, 0x0, 0x0, 0x0,
    0x0, 0x0, 0x0, 0x0, 0x0, 0x0, 0x0, 0xff,
    0xff, 0xc0, 0x0, 0x0, 0x0, 0x0, 0x9, 0xdd,
    0xdd, 0xdd, 0xdd, 0xdc, 0xff, 0xff, 0xc0, 0x0,
    0x0, 0x0, 0x0, 0xb, 0xff, 0xff, 0xff, 0xff,
    0xff, 0xff, 0xff, 0xc0, 0x0, 0x0, 0x0, 0x0,
    0xb, 0xff, 0xff, 0xff, 0xff, 0xff, 0xff, 0xff,
    0xc0, 0x0, 0x0, 0x0, 0x0, 0xb, 0xff, 0xff,
    0xff, 0xff, 0xff, 0xff, 0xff, 0xc0, 0x0, 0x0,
    0x0, 0x0, 0xb, 0xff, 0xff, 0xff, 0xff, 0xff,
    0xff, 0xff, 0xc0, 0x0, 0x0, 0x0, 0x0, 0x0,
    0x0, 0x0, 0xd, 0xff, 0xff, 0xff, 0xff, 0xc0,
    0x0, 0x0, 0x0, 0x0, 0x0, 0x0, 0x0, 0xd,
    0xff, 0xff, 0xff, 0xff, 0xc0, 0x0, 0x0, 0x0,
    0x0, 0x0, 0x0, 0x0, 0xd, 0xff, 0xff, 0xff,
    0xff, 0xc0, 0x0, 0x0, 0x0, 0x0, 0x0, 0x0,
    0x0, 0xd, 0xff, 0xff, 0xff, 0xff, 0xc0, 0x0,
    0x0, 0x0, 0x0, 0x0, 0x0, 0x0, 0xd, 0xff,
    0xff, 0xff, 0xff, 0xfd, 0xdd, 0xdd, 0xdd, 0xdd,
    0xdd, 0xdd, 0xdd, 0xdf, 0xff, 0xfe, 0xbf, 0xff,
    0xff, 0xff, 0xff, 0xff, 0xff, 0xff, 0xff, 0xff,
    0xff, 0xff, 0xfa, 0x4f, 0xff, 0xff, 0xff, 0xff,
    0xff, 0xff, 0xff, 0xff, 0xff, 0xff, 0xff, 0xf3,
    0x7, 0xff, 0xff, 0xff, 0xff, 0xff, 0xff, 0xff,
    0xff, 0xff, 0xff, 0xff, 0x60, 0x0, 0x4b, 0xff,
    0xff, 0xff, 0xff, 0xff, 0xff, 0xff, 0xff, 0xff,
    0xb3, 0x0,

    /* U+0048 "H" */
    0xff, 0xff, 0xc0, 0x0, 0x0, 0x0, 0x0, 0x0,
    0x0, 0x0, 0x3, 0xff, 0xff, 0x8f, 0xff, 0xfc,
    0x0, 0x0, 0x0, 0x0, 0x0, 0x0, 0x0, 0x0,
    0x3f, 0xff, 0xf8, 0xff, 0xff, 0xc0, 0x0, 0x0,
    0x0, 0x0, 0x0, 0x0, 0x0, 0x3, 0xff, 0xff,
    0x8f, 0xff, 0xfc, 0x0, 0x0, 0x0, 0x0, 0x0,
    0x0, 0x0, 0x0, 0x3f, 0xff, 0xf8, 0xff, 0xff,
    0xc0, 0x0, 0x0, 0x0, 0x0, 0x0, 0x0, 0x0,
    0x3, 0xff, 0xff, 0x8f, 0xff, 0xfc, 0x0, 0x0,
    0x0, 0x0, 0x0, 0x0, 0x0, 0x0, 0x3f, 0xff,
    0xf8, 0xff, 0xff, 0xc0, 0x0, 0x0, 0x0, 0x0,
    0x0, 0x0, 0x0, 0x3, 0xff, 0xff, 0x8f, 0xff,
    0xfc, 0x0, 0x0, 0x0, 0x0, 0x0, 0x0, 0x0,
    0x0, 0x3f, 0xff, 0xf8, 0xff, 0xff, 0xc0, 0x0,
    0x0, 0x0, 0x0, 0x0, 0x0, 0x0, 0x3, 0xff,
    0xff, 0x8f, 0xff, 0xfc, 0x0, 0x0, 0x0, 0x0,
    0x0, 0x0, 0x0, 0x0, 0x3f, 0xff, 0xf8, 0xff,
    0xff, 0xfd, 0xdd, 0xdd, 0xdd, 0xdd, 0xdd, 0xdd,
    0xdd, 0xde, 0xff, 0xff, 0x8f, 0xff, 0xff, 0xff,
    0xff, 0xff, 0xff, 0xff, 0xff, 0xff, 0xff, 0xff,
    0xff, 0xf8, 0xff, 0xff, 0xff, 0xff, 0xff, 0xff,
    0xff, 0xff, 0xff, 0xff, 0xff, 0xff, 0xff, 0x8f,
    0xff, 0xff, 0xff, 0xff, 0xff, 0xff, 0xff, 0xff,
    0xff, 0xff, 0xff, 0xff, 0xf8, 0xff, 0xff, 0xff,
    0xff, 0xff, 0xff, 0xff, 0xff, 0xff, 0xff, 0xff,
    0xff, 0xff, 0x8f, 0xff, 0xfc, 0x0, 0x0, 0x0,
    0x0, 0x0, 0x0, 0x0, 0x0, 0x3f, 0xff, 0xf8,
    0xff, 0xff, 0xc0, 0x0, 0x0, 0x0, 0x0, 0x0,
    0x0, 0x0, 0x3, 0xff, 0xff, 0x8f, 0xff, 0xfc,
    0x0, 0x0, 0x0, 0x0, 0x0, 0x0, 0x0, 0x0,
    0x3f, 0xff, 0xf8, 0xff, 0xff, 0xc0, 0x0, 0x0,
    0x0, 0x0, 0x0, 0x0, 0x0, 0x3, 0xff, 0xff,
    0x8f, 0xff, 0xfc, 0x0, 0x0, 0x0, 0x0, 0x0,
    0x0, 0x0, 0x0, 0x3f, 0xff, 0xf8, 0xff, 0xff,
    0xc0, 0x0, 0x0, 0x0, 0x0, 0x0, 0x0, 0x0,
    0x3, 0xff, 0xff, 0x8f, 0xff, 0xfc, 0x0, 0x0,
    0x0, 0x0, 0x0, 0x0, 0x0, 0x0, 0x3f, 0xff,
    0xf8, 0xff, 0xff, 0xc0, 0x0, 0x0, 0x0, 0x0,
    0x0, 0x0, 0x0, 0x3, 0xff, 0xff, 0x8f, 0xff,
    0xfc, 0x0, 0x0, 0x0, 0x0, 0x0, 0x0, 0x0,
    0x0, 0x3f, 0xff, 0xf8, 0xff, 0xff, 0xc0, 0x0,
    0x0, 0x0, 0x0, 0x0, 0x0, 0x0, 0x3, 0xff,
    0xff, 0x8f, 0xff, 0xfc, 0x0, 0x0, 0x0, 0x0,
    0x0, 0x0, 0x0, 0x0, 0x3f, 0xff, 0xf8,

    /* U+0049 "I" */
    0x7f, 0xff, 0xf3, 0x7f, 0xff, 0xf3, 0x7f, 0xff,
    0xf3, 0x7f, 0xff, 0xf3, 0x7f, 0xff, 0xf3, 0x7f,
    0xff, 0xf3, 0x7f, 0xff, 0xf3, 0x7f, 0xff, 0xf3,
    0x7f, 0xff, 0xf3, 0x7f, 0xff, 0xf3, 0x7f, 0xff,
    0xf3, 0x7f, 0xff, 0xf3, 0x7f, 0xff, 0xf3, 0x7f,
    0xff, 0xf3, 0x7f, 0xff, 0xf3, 0x7f, 0xff, 0xf3,
    0x7f, 0xff, 0xf3, 0x7f, 0xff, 0xf3, 0x7f, 0xff,
    0xf3, 0x7f, 0xff, 0xf3, 0x7f, 0xff, 0xf3, 0x7f,
    0xff, 0xf3, 0x7f, 0xff, 0xf3, 0x7f, 0xff, 0xf3,
    0x7f, 0xff, 0xf3, 0x7f, 0xff, 0xf3,

    /* U+004A "J" */
    0x0, 0x0, 0x0, 0x0, 0x0, 0x0, 0x0, 0x0,
    0x0, 0x0, 0xb, 0xff, 0xff, 0x10, 0x0, 0x0,
    0x0, 0x0, 0x0, 0x0, 0x0, 0x0, 0x0, 0x0,
    0xbf, 0xff, 0xf1, 0x0, 0x0, 0x0, 0x0, 0x0,
    0x0, 0x0, 0x0, 0x0, 0x0, 0xb, 0xff, 0xff,
    0x10, 0x0, 0x0, 0x0, 0x0, 0x0, 0x0, 0x0,
    0x0, 0x0, 0x0, 0xbf, 0xff, 0xf1, 0x0, 0x0,
    0x0, 0x0, 0x0, 0x0, 0x0, 0x0, 0x0, 0x0,
    0xb, 0xff, 0xff, 0x10, 0x0, 0x0, 0x0, 0x0,
    0x0, 0x0, 0x0, 0x0, 0x0, 0x0, 0xbf, 0xff,
    0xf1, 0x0, 0x0, 0x0, 0x0, 0x0, 0x0, 0x0,
    0x0, 0x0, 0x0, 0xb, 0xff, 0xff, 0x10, 0x0,
    0x0, 0x0, 0x0, 0x0, 0x0, 0x0, 0x0, 0x0,
    0x0, 0xbf, 0xff, 0xf1, 0x0, 0x0, 0x0, 0x0,
    0x0, 0x0, 0x0, 0x0, 0x0, 0x0, 0xb, 0xff,
    0xff, 0x10, 0x0, 0x0, 0x0, 0x0, 0x0, 0x0,
    0x0, 0x0, 0x0, 0x0, 0xbf, 0xff, 0xf1, 0x0,
    0x0, 0x0, 0x0, 0x0, 0x0, 0x0, 0x0, 0x0,
    0x0, 0xb, 0xff, 0xff, 0x10, 0x0, 0x0, 0x0,
    0x0, 0x0, 0x0, 0x0, 0x0, 0x0, 0x0, 0xbf,
    0xff, 0xf1, 0x0, 0x0, 0x0, 0x0, 0x0, 0x0,
    0x0, 0x0, 0x0, 0x0, 0xb, 0xff, 0xff, 0x10,
    0x0, 0x0, 0x0, 0x0, 0x0, 0x0, 0x0, 0x0,
    0x0, 0x0, 0xbf, 0xff, 0xf1, 0x0, 0x0, 0x0,
    0x0, 0x0, 0x0, 0x0, 0x0, 0x0, 0x0, 0xb,
    0xff, 0xff, 0x10, 0x0, 0x0, 0x0, 0x0, 0x0,
    0x0, 0x0, 0x0, 0x0, 0x0, 0xbf, 0xff, 0xf1,
    0x0, 0x0, 0x0, 0x0, 0x0, 0x0, 0x0, 0x0,
    0x0, 0x0, 0xb, 0xff, 0xff, 0x10, 0x0, 0x0,
    0x0, 0x0, 0x0, 0x0, 0x0, 0x0, 0x0, 0x0,
    0xbf, 0xff, 0xf1, 0xdf, 0xff, 0xe0, 0x0, 0x0,
    0x0, 0x0, 0x0, 0x0, 0x0, 0xb, 0xff, 0xff,
    0x1d, 0xff, 0xfe, 0x0, 0x0, 0x0, 0x0, 0x0,
    0x0, 0x0, 0x0, 0xbf, 0xff, 0xf1, 0xdf, 0xff,
    0xe0, 0x0, 0x0, 0x0, 0x0, 0x0, 0x0, 0x0,
    0xb, 0xff, 0xff, 0x1d, 0xff, 0xff, 0xdd, 0xdd,
    0xdd, 0xdd, 0xdd, 0xdd, 0xdd, 0xdd, 0xff, 0xff,
    0xf0, 0x9f, 0xff, 0xff, 0xff, 0xff, 0xff, 0xff,
    0xff, 0xff, 0xff, 0xff, 0xff, 0xfd, 0x2, 0xff,
    0xff, 0xff, 0xff, 0xff, 0xff, 0xff, 0xff, 0xff,
    0xff, 0xff, 0xff, 0x50, 0x5, 0xff, 0xff, 0xff,
    0xff, 0xff, 0xff, 0xff, 0xff, 0xff, 0xff, 0xff,
    0x90, 0x0, 0x3, 0xbf, 0xff, 0xff, 0xff, 0xff,
    0xff, 0xff, 0xff, 0xff, 0xfc, 0x50, 0x0,

    /* U+004B "K" */
    0xff, 0xff, 0xd0, 0x0, 0x0, 0x0, 0x0, 0x0,
    0x0, 0xa, 0xff, 0xff, 0xff, 0xff, 0xfd, 0x0,
    0x0, 0x0, 0x0, 0x0, 0x0, 0x8, 0xff, 0xff,
    0xfc, 0xff, 0xff, 0xd0, 0x0, 0x0, 0x0, 0x0,
    0x0, 0x6, 0xff, 0xff, 0xfd, 0x1f, 0xff, 0xfd,
    0x0, 0x0, 0x0, 0x0, 0x0, 0x4, 0xff, 0xff,
    0xfe, 0x20, 0xff, 0xff, 0xd0, 0x0, 0x0, 0x0,
    0x0, 0x3, 0xff, 0xff, 0xff, 0x30, 0xf, 0xff,
    0xfd, 0x0, 0x0, 0x0, 0x0, 0x1, 0xef, 0xff,
    0xff, 0x50, 0x0, 0xff, 0xff, 0xd0, 0x0, 0x0,
    0x0, 0x1, 0xdf, 0xff, 0xff, 0x80, 0x0, 0xf,
    0xff, 0xfd, 0x0, 0x0, 0x0, 0x0, 0xbf, 0xff,
    0xff, 0xa0, 0x0, 0x0, 0xff, 0xff, 0xd0, 0x0,
    0x0, 0x0, 0xaf, 0xff, 0xff, 0xb0, 0x0, 0x0,
    0xf, 0xff, 0xfd, 0x0, 0x0, 0x0, 0x8f, 0xff,
    0xff, 0xd1, 0x0, 0x0, 0x0, 0xff, 0xff, 0xfd,
    0xdd, 0xdd, 0xdf, 0xff, 0xff, 0xe2, 0x0, 0x0,
    0x0, 0xf, 0xff, 0xff, 0xff, 0xff, 0xff, 0xff,
    0xff, 0xf3, 0x0, 0x0, 0x0, 0x0, 0xff, 0xff,
    0xff, 0xff, 0xff, 0xff, 0xff, 0xf7, 0x0, 0x0,
    0x0, 0x0, 0xf, 0xff, 0xff, 0xff, 0xff, 0xff,
    0xff, 0xff, 0xe1, 0x0, 0x0, 0x0, 0x0, 0xff,
    0xff, 0xff, 0xff, 0xff, 0xff, 0xff, 0xff, 0xc0,
    0x0, 0x0, 0x0, 0xf, 0xff, 0xfd, 0x0, 0x0,
    0x0, 0xaf, 0xff, 0xff, 0x90, 0x0, 0x0, 0x0,
    0xff, 0xff, 0xd0, 0x0, 0x0, 0x0, 0xdf, 0xff,
    0xff, 0x60, 0x0, 0x0, 0xf, 0xff, 0xfd, 0x0,
    0x0, 0x0, 0x2, 0xef, 0xff, 0xff, 0x40, 0x0,
    0x0, 0xff, 0xff, 0xd0, 0x0, 0x0, 0x0, 0x4,
    0xff, 0xff, 0xfe, 0x20, 0x0, 0xf, 0xff, 0xfd,
    0x0, 0x0, 0x0, 0x0, 0x7, 0xff, 0xff, 0xfd,
    0x0, 0x0, 0xff, 0xff, 0xd0, 0x0, 0x0, 0x0,
    0x0, 0xa, 0xff, 0xff, 0xfa, 0x0, 0xf, 0xff,
    0xfd, 0x0, 0x0, 0x0, 0x0, 0x0, 0xc, 0xff,
    0xff, 0xf7, 0x0, 0xff, 0xff, 0xd0, 0x0, 0x0,
    0x0, 0x0, 0x0, 0x1e, 0xff, 0xff, 0xf5, 0xf,
    0xff, 0xfd, 0x0, 0x0, 0x0, 0x0, 0x0, 0x0,
    0x3f, 0xff, 0xff, 0xf2, 0xff, 0xff, 0xd0, 0x0,
    0x0, 0x0, 0x0, 0x0, 0x0, 0x6f, 0xff, 0xff,
    0xdf, 0xff, 0xfd, 0x0, 0x0, 0x0, 0x0, 0x0,
    0x0, 0x0, 0x9f, 0xff, 0xff,

    /* U+004C "L" */
    0xff, 0xff, 0xc0, 0x0, 0x0, 0x0, 0x0, 0x0,
    0x0, 0x0, 0x0, 0x0, 0x0, 0xff, 0xff, 0xc0,
    0x0, 0x0, 0x0, 0x0, 0x0, 0x0, 0x0, 0x0,
    0x0, 0x0, 0xff, 0xff, 0xc0, 0x0, 0x0, 0x0,
    0x0, 0x0, 0x0, 0x0, 0x0, 0x0, 0x0, 0xff,
    0xff, 0xc0, 0x0, 0x0, 0x0, 0x0, 0x0, 0x0,
    0x0, 0x0, 0x0, 0x0, 0xff, 0xff, 0xc0, 0x0,
    0x0, 0x0, 0x0, 0x0, 0x0, 0x0, 0x0, 0x0,
    0x0, 0xff, 0xff, 0xc0, 0x0, 0x0, 0x0, 0x0,
    0x0, 0x0, 0x0, 0x0, 0x0, 0x0, 0xff, 0xff,
    0xc0, 0x0, 0x0, 0x0, 0x0, 0x0, 0x0, 0x0,
    0x0, 0x0, 0x0, 0xff, 0xff, 0xc0, 0x0, 0x0,
    0x0, 0x0, 0x0, 0x0, 0x0, 0x0, 0x0, 0x0,
    0xff, 0xff, 0xc0, 0x0, 0x0, 0x0, 0x0, 0x0,
    0x0, 0x0, 0x0, 0x0, 0x0, 0xff, 0xff, 0xc0,
    0x0, 0x0, 0x0, 0x0, 0x0, 0x0, 0x0, 0x0,
    0x0, 0x0, 0xff, 0xff, 0xc0, 0x0, 0x0, 0x0,
    0x0, 0x0, 0x0, 0x0, 0x0, 0x0, 0x0, 0xff,
    0xff, 0xc0, 0x0, 0x0, 0x0, 0x0, 0x0, 0x0,
    0x0, 0x0, 0x0, 0x0, 0xff, 0xff, 0xc0, 0x0,
    0x0, 0x0, 0x0, 0x0, 0x0, 0x0, 0x0, 0x0,
    0x0, 0xff, 0xff, 0xc0, 0x0, 0x0, 0x0, 0x0,
    0x0, 0x0, 0x0, 0x0, 0x0, 0x0, 0xff, 0xff,
    0xc0, 0x0, 0x0, 0x0, 0x0, 0x0, 0x0, 0x0,
    0x0, 0x0, 0x0, 0xff, 0xff, 0xc0, 0x0, 0x0,
    0x0, 0x0, 0x0, 0x0, 0x0, 0x0, 0x0, 0x0,
    0xff, 0xff, 0xc0, 0x0, 0x0, 0x0, 0x0, 0x0,
    0x0, 0x0, 0x0, 0x0, 0x0, 0xff, 0xff, 0xc0,
    0x0, 0x0, 0x0, 0x0, 0x0, 0x0, 0x0, 0x0,
    0x0, 0x0, 0xff, 0xff, 0xc0, 0x0, 0x0, 0x0,
    0x0, 0x0, 0x0, 0x0, 0x0, 0x0, 0x0, 0xff,
    0xff, 0xc0, 0x0, 0x0, 0x0, 0x0, 0x0, 0x0,
    0x0, 0x0, 0x0, 0x0, 0xff, 0xff, 0xc0, 0x0,
    0x0, 0x0, 0x0, 0x0, 0x0, 0x0, 0x0, 0x0,
    0x0, 0xff, 0xff, 0xfd, 0xdd, 0xdd, 0xdd, 0xdd,
    0xdd, 0xdd, 0xdd, 0xdd, 0xdd, 0xdc, 0xff, 0xff,
    0xff, 0xff, 0xff, 0xff, 0xff, 0xff, 0xff, 0xff,
    0xff, 0xff, 0xff, 0xff, 0xff, 0xff, 0xff, 0xff,
    0xff, 0xff, 0xff, 0xff, 0xff, 0xff, 0xff, 0xff,
    0xff, 0xff, 0xff, 0xff, 0xff, 0xff, 0xff, 0xff,
    0xff, 0xff, 0xff, 0xff, 0xff, 0xff, 0xff, 0xff,
    0xff, 0xff, 0xff, 0xff, 0xff, 0xff, 0xff, 0xff,
    0xff, 0xff,

    /* U+004D "M" */
    0xff, 0xff, 0xfa, 0x0, 0x0, 0x0, 0x0, 0x0,
    0x0, 0x0, 0x0, 0x6, 0xff, 0xff, 0xf4, 0xff,
    0xff, 0xff, 0x70, 0x0, 0x0, 0x0, 0x0, 0x0,
    0x0, 0x0, 0x4f, 0xff, 0xff, 0xf4, 0xff, 0xff,
    0xff, 0xf5, 0x0, 0x0, 0x0, 0x0, 0x0, 0x0,
    0x2, 0xff, 0xff, 0xff, 0xf4, 0xff, 0xff, 0xff,
    0xff, 0x30, 0x0, 0x0, 0x0, 0x0, 0x0, 0x1d,
    0xff, 0xff, 0xff, 0xf4, 0xff, 0xff, 0xff, 0xff,
    0xe1, 0x0, 0x0, 0x0, 0x0, 0x0, 0xbf, 0xff,
    0xff, 0xff, 0xf4, 0xff, 0xff, 0xff, 0xff, 0xfc,
    0x0, 0x0, 0x0, 0x0, 0x9, 0xff, 0xff, 0xff,
    0xff, 0xf4, 0xff, 0xff, 0xff, 0xff, 0xff, 0xa0,
    0x0, 0x0, 0x0, 0x6f, 0xff, 0xff, 0xff, 0xff,
    0xf4, 0xff, 0xff, 0xcc, 0xff, 0xff, 0xf8, 0x0,
    0x0, 0x4, 0xff, 0xff, 0xfe, 0xaf, 0xff, 0xf4,
    0xff, 0xff, 0xc1, 0xdf, 0xff, 0xff, 0x50, 0x0,
    0x2f, 0xff, 0xff, 0xf3, 0x8f, 0xff, 0xf4, 0xff,
    0xff, 0xc0, 0x2f, 0xff, 0xff, 0xf3, 0x1, 0xdf,
    0xff, 0xff, 0x40, 0x8f, 0xff, 0xf4, 0xff, 0xff,
    0xc0, 0x4, 0xff, 0xff, 0xfe, 0x2b, 0xff, 0xff,
    0xf7, 0x0, 0x8f, 0xff, 0xf4, 0xff, 0xff, 0xc0,
    0x0, 0x6f, 0xff, 0xff, 0xff, 0xff, 0xff, 0xa0,
    0x0, 0x8f, 0xff, 0xf4, 0xff, 0xff, 0xc0, 0x0,
    0x9, 0xff, 0xff, 0xff, 0xff, 0xfc, 0x0, 0x0,
    0x8f, 0xff, 0xf4, 0xff, 0xff, 0xc0, 0x0, 0x0,
    0xbf, 0xff, 0xff, 0xff, 0xe1, 0x0, 0x0, 0x8f,
    0xff, 0xf4, 0xff, 0xff, 0xc0, 0x0, 0x0, 0x1d,
    0xff, 0xff, 0xff, 0x20, 0x0, 0x0, 0x8f, 0xff,
    0xf4, 0xff, 0xff, 0xc0, 0x0, 0x0, 0x2, 0xef,
    0xff, 0xf4, 0x0, 0x0, 0x0, 0x8f, 0xff, 0xf4,
    0xff, 0xff, 0xc0, 0x0, 0x0, 0x0, 0x3f, 0xff,
    0x70, 0x0, 0x0, 0x0, 0x8f, 0xff, 0xf4, 0xff,
    0xff, 0xc0, 0x0, 0x0, 0x0, 0x5, 0xf9, 0x0,
    0x0, 0x0, 0x0, 0x8f, 0xff, 0xf4, 0xff, 0xff,
    0xc0, 0x0, 0x0, 0x0, 0x0, 0x50, 0x0, 0x0,
    0x0, 0x0, 0x8f, 0xff, 0xf4, 0xff, 0xff, 0xc0,
    0x0, 0x0, 0x0, 0x0, 0x0, 0x0, 0x0, 0x0,
    0x0, 0x8f, 0xff, 0xf4, 0xff, 0xff, 0xc0, 0x0,
    0x0, 0x0, 0x0, 0x0, 0x0, 0x0, 0x0, 0x0,
    0x8f, 0xff, 0xf4, 0xff, 0xff, 0xc0, 0x0, 0x0,
    0x0, 0x0, 0x0, 0x0, 0x0, 0x0, 0x0, 0x8f,
    0xff, 0xf4, 0xff, 0xff, 0xc0, 0x0, 0x0, 0x0,
    0x0, 0x0, 0x0, 0x0, 0x0, 0x0, 0x8f, 0xff,
    0xf4, 0xff, 0xff, 0xc0, 0x0, 0x0, 0x0, 0x0,
    0x0, 0x0, 0x0, 0x0, 0x0, 0x8f, 0xff, 0xf4,
    0xff, 0xff, 0xc0, 0x0, 0x0, 0x0, 0x0, 0x0,
    0x0, 0x0, 0x0, 0x0, 0x8f, 0xff, 0xf4, 0xff,
    0xff, 0xc0, 0x0, 0x0, 0x0, 0x0, 0x0, 0x0,
    0x0, 0x0, 0x0, 0x8f, 0xff, 0xf4,

    /* U+004E "N" */
    0xff, 0xff, 0xfa, 0x0, 0x0, 0x0, 0x0, 0x0,
    0x0, 0x0, 0xd, 0xff, 0xff, 0xff, 0xff, 0xff,
    0x70, 0x0, 0x0, 0x0, 0x0, 0x0, 0x0, 0xd,
    0xff, 0xff, 0xff, 0xff, 0xff, 0xf5, 0x0, 0x0,
    0x0, 0x0, 0x0, 0x0, 0xd, 0xff, 0xff, 0xff,
    0xff, 0xff, 0xff, 0x30, 0x0, 0x0, 0x0, 0x0,
    0x0, 0xd, 0xff, 0xff, 0xff, 0xff, 0xff, 0xff,
    0xe1, 0x0, 0x0, 0x0, 0x0, 0x0, 0xd, 0xff,
    0xff, 0xff, 0xff, 0xff, 0xff, 0xfc, 0x0, 0x0,
    0x0, 0x0, 0x0, 0xd, 0xff, 0xff, 0xff, 0xff,
    0xff, 0xff, 0xff, 0xa0, 0x0, 0x0, 0x0, 0x0,
    0xd, 0xff, 0xff, 0xff, 0xff, 0xcc, 0xff, 0xff,
    0xf8, 0x0, 0x0, 0x0, 0x0, 0xd, 0xff, 0xff,
    0xff, 0xff, 0xc1, 0xdf, 0xff, 0xff, 0x50, 0x0,
    0x0, 0x0, 0xd, 0xff, 0xff, 0xff, 0xff, 0xc0,
    0x2f, 0xff, 0xff, 0xf3, 0x0, 0x0, 0x0, 0xd,
    0xff, 0xff, 0xff, 0xff, 0xc0, 0x4, 0xff, 0xff,
    0xfe, 0x10, 0x0, 0x0, 0xd, 0xff, 0xff, 0xff,
    0xff, 0xc0, 0x0, 0x6f, 0xff, 0xff, 0xd0, 0x0,
    0x0, 0xd, 0xff, 0xff, 0xff, 0xff, 0xc0, 0x0,
    0x9, 0xff, 0xff, 0xfb, 0x0, 0x0, 0xd, 0xff,
    0xff, 0xff, 0xff, 0xc0, 0x0, 0x0, 0xbf, 0xff,
    0xff, 0x80, 0x0, 0xd, 0xff, 0xff, 0xff, 0xff,
    0xc0, 0x0, 0x0, 0x1d, 0xff, 0xff, 0xf6, 0x0,
    0xd, 0xff, 0xff, 0xff, 0xff, 0xc0, 0x0, 0x0,
    0x2, 0xef, 0xff, 0xff, 0x30, 0xd, 0xff, 0xff,
    0xff, 0xff, 0xc0, 0x0, 0x0, 0x0, 0x4f, 0xff,
    0xff, 0xe2, 0xd, 0xff, 0xff, 0xff, 0xff, 0xc0,
    0x0, 0x0, 0x0, 0x6, 0xff, 0xff, 0xfd, 0xd,
    0xff, 0xff, 0xff, 0xff, 0xc0, 0x0, 0x0, 0x0,
    0x0, 0x9f, 0xff, 0xff, 0xbd, 0xff, 0xff, 0xff,
    0xff, 0xc0, 0x0, 0x0, 0x0, 0x0, 0xb, 0xff,
    0xff, 0xff, 0xff, 0xff, 0xff, 0xff, 0xc0, 0x0,
    0x0, 0x0, 0x0, 0x1, 0xdf, 0xff, 0xff, 0xff,
    0xff, 0xff, 0xff, 0xc0, 0x0, 0x0, 0x0, 0x0,
    0x0, 0x2e, 0xff, 0xff, 0xff, 0xff, 0xff, 0xff,
    0xc0, 0x0, 0x0, 0x0, 0x0, 0x0, 0x3, 0xff,
    0xff, 0xff, 0xff, 0xff, 0xff, 0xc0, 0x0, 0x0,
    0x0, 0x0, 0x0, 0x0, 0x6f, 0xff, 0xff, 0xff,
    0xff, 0xff, 0xc0, 0x0, 0x0, 0x0, 0x0, 0x0,
    0x0, 0x8, 0xff, 0xff, 0xff, 0xff, 0xff, 0xc0,
    0x0, 0x0, 0x0, 0x0, 0x0, 0x0, 0x0, 0xbf,
    0xff, 0xff,

    /* U+004F "O" */
    0x0, 0x5, 0xcf, 0xff, 0xff, 0xff, 0xff, 0xff,
    0xff, 0xff, 0xff, 0xfb, 0x30, 0x0, 0x8, 0xff,
    0xff, 0xff, 0xff, 0xff, 0xff, 0xff, 0xff, 0xff,
    0xff, 0xff, 0x60, 0x5, 0xff, 0xff, 0xff, 0xff,
    0xff, 0xff, 0xff, 0xff, 0xff, 0xff, 0xff, 0xff,
    0x20, 0xdf, 0xff, 0xff, 0xff, 0xff, 0xff, 0xff,
    0xff, 0xff, 0xff, 0xff, 0xff, 0xf9, 0xf, 0xff,
    0xff, 0xdd, 0xdd, 0xdd, 0xdd, 0xdd, 0xdd, 0xdd,
    0xdd, 0xff, 0xff, 0xd1, 0xff, 0xff, 0xb0, 0x0,
    0x0, 0x0, 0x0, 0x0, 0x0, 0x0, 0xe, 0xff,
    0xfd, 0x1f, 0xff, 0xfb, 0x0, 0x0, 0x0, 0x0,
    0x0, 0x0, 0x0, 0x0, 0xef, 0xff, 0xd1, 0xff,
    0xff, 0xb0, 0x0, 0x0, 0x0, 0x0, 0x0, 0x0,
    0x0, 0xe, 0xff, 0xfd, 0x1f, 0xff, 0xfb, 0x0,
    0x0, 0x0, 0x0, 0x0, 0x0, 0x0, 0x0, 0xef,
    0xff, 0xd1, 0xff, 0xff, 0xb0, 0x0, 0x0, 0x0,
    0x0, 0x0, 0x0, 0x0, 0xe, 0xff, 0xfd, 0x1f,
    0xff, 0xfb, 0x0, 0x0, 0x0, 0x0, 0x0, 0x0,
    0x0, 0x0, 0xef, 0xff, 0xd1, 0xff, 0xff, 0xb0,
    0x0, 0x0, 0x0, 0x0, 0x0, 0x0, 0x0, 0xe,
    0xff, 0xfd, 0x1f, 0xff, 0xfb, 0x0, 0x0, 0x0,
    0x0, 0x0, 0x0, 0x0, 0x0, 0xef, 0xff, 0xd1,
    0xff, 0xff, 0xb0, 0x0, 0x0, 0x0, 0x0, 0x0,
    0x0, 0x0, 0xe, 0xff, 0xfd, 0x1f, 0xff, 0xfb,
    0x0, 0x0, 0x0, 0x0, 0x0, 0x0, 0x0, 0x0,
    0xef, 0xff, 0xd1, 0xff, 0xff, 0xb0, 0x0, 0x0,
    0x0, 0x0, 0x0, 0x0, 0x0, 0xe, 0xff, 0xfd,
    0x1f, 0xff, 0xfb, 0x0, 0x0, 0x0, 0x0, 0x0,
    0x0, 0x0, 0x0, 0xef, 0xff, 0xd1, 0xff, 0xff,
    0xb0, 0x0, 0x0, 0x0, 0x0, 0x0, 0x0, 0x0,
    0xe, 0xff, 0xfd, 0x1f, 0xff, 0xfb, 0x0, 0x0,
    0x0, 0x0, 0x0, 0x0, 0x0, 0x0, 0xef, 0xff,
    0xd1, 0xff, 0xff, 0xb0, 0x0, 0x0, 0x0, 0x0,
    0x0, 0x0, 0x0, 0xe, 0xff, 0xfd, 0x1f, 0xff,
    0xfb, 0x0, 0x0, 0x0, 0x0, 0x0, 0x0, 0x0,
    0x0, 0xef, 0xff, 0xd0, 0xff, 0xff, 0xfd, 0xdd,
    0xdd, 0xdd, 0xdd, 0xdd, 0xdd, 0xdd, 0xdf, 0xff,
    0xfd, 0xd, 0xff, 0xff, 0xff, 0xff, 0xff, 0xff,
    0xff, 0xff, 0xff, 0xff, 0xff, 0xff, 0x90, 0x5f,
    0xff, 0xff, 0xff, 0xff, 0xff, 0xff, 0xff, 0xff,
    0xff, 0xff, 0xff, 0xf2, 0x0, 0x8f, 0xff, 0xff,
    0xff, 0xff, 0xff, 0xff, 0xff, 0xff, 0xff, 0xff,
    0xf6, 0x0, 0x0, 0x5c, 0xff, 0xff, 0xff, 0xff,
    0xff, 0xff, 0xff, 0xff, 0xff, 0xb3, 0x0,

    /* U+0050 "P" */
    0xff, 0xff, 0xff, 0xff, 0xff, 0xff, 0xff, 0xff,
    0xff, 0xff, 0xff, 0xb3, 0x0, 0xff, 0xff, 0xff,
    0xff, 0xff, 0xff, 0xff, 0xff, 0xff, 0xff, 0xff,
    0xff, 0x60, 0xff, 0xff, 0xff, 0xff, 0xff, 0xff,
    0xff, 0xff, 0xff, 0xff, 0xff, 0xff, 0xf3, 0xff,
    0xff, 0xff, 0xff, 0xff, 0xff, 0xff, 0xff, 0xff,
    0xff, 0xff, 0xff, 0xfb, 0xff, 0xff, 0xfc, 0xcc,
    0xcc, 0xcc, 0xcc, 0xcc, 0xcc, 0xcc, 0xcf, 0xff,
    0xfe, 0xff, 0xff, 0xc0, 0x0, 0x0, 0x0, 0x0,
    0x0, 0x0, 0x0, 0xd, 0xff, 0xff, 0xff, 0xff,
    0xc0, 0x0, 0x0, 0x0, 0x0, 0x0, 0x0, 0x0,
    0xd, 0xff, 0xff, 0xff, 0xff, 0xc0, 0x0, 0x0,
    0x0, 0x0, 0x0, 0x0, 0x0, 0xd, 0xff, 0xff,
    0xff, 0xff, 0xc0, 0x0, 0x0, 0x0, 0x0, 0x0,
    0x0, 0x0, 0xd, 0xff, 0xff, 0xff, 0xff, 0xc0,
    0x0, 0x0, 0x0, 0x0, 0x0, 0x0, 0x0, 0xd,
    0xff, 0xff, 0xff, 0xff, 0xc0, 0x0, 0x0, 0x0,
    0x0, 0x0, 0x0, 0x0, 0xd, 0xff, 0xff, 0xff,
    0xff, 0xc0, 0x0, 0x0, 0x0, 0x0, 0x0, 0x0,
    0x0, 0xd, 0xff, 0xff, 0xff, 0xff, 0xfd, 0xdd,
    0xdd, 0xdd, 0xdd, 0xdd, 0xdd, 0xdd, 0xdf, 0xff,
    0xfe, 0xff, 0xff, 0xff, 0xff, 0xff, 0xff, 0xff,
    0xff, 0xff, 0xff, 0xff, 0xff, 0xfb, 0xff, 0xff,
    0xff, 0xff, 0xff, 0xff, 0xff, 0xff, 0xff, 0xff,
    0xff, 0xff, 0xf3, 0xff, 0xff, 0xff, 0xff, 0xff,
    0xff, 0xff, 0xff, 0xff, 0xff, 0xff, 0xff, 0x70,
    0xff, 0xff, 0xff, 0xff, 0xff, 0xff, 0xff, 0xff,
    0xff, 0xff, 0xff, 0xb4, 0x0, 0xff, 0xff, 0xc0,
    0x0, 0x0, 0x0, 0x0, 0x0, 0x0, 0x0, 0x0,
    0x0, 0x0, 0xff, 0xff, 0xc0, 0x0, 0x0, 0x0,
    0x0, 0x0, 0x0, 0x0, 0x0, 0x0, 0x0, 0xff,
    0xff, 0xc0, 0x0, 0x0, 0x0, 0x0, 0x0, 0x0,
    0x0, 0x0, 0x0, 0x0, 0xff, 0xff, 0xc0, 0x0,
    0x0, 0x0, 0x0, 0x0, 0x0, 0x0, 0x0, 0x0,
    0x0, 0xff, 0xff, 0xc0, 0x0, 0x0, 0x0, 0x0,
    0x0, 0x0, 0x0, 0x0, 0x0, 0x0, 0xff, 0xff,
    0xc0, 0x0, 0x0, 0x0, 0x0, 0x0, 0x0, 0x0,
    0x0, 0x0, 0x0, 0xff, 0xff, 0xc0, 0x0, 0x0,
    0x0, 0x0, 0x0, 0x0, 0x0, 0x0, 0x0, 0x0,
    0xff, 0xff, 0xc0, 0x0, 0x0, 0x0, 0x0, 0x0,
    0x0, 0x0, 0x0, 0x0, 0x0, 0xff, 0xff, 0xc0,
    0x0, 0x0, 0x0, 0x0, 0x0, 0x0, 0x0, 0x0,
    0x0, 0x0,

    /* U+0051 "Q" */
    0x0, 0x5, 0xcf, 0xff, 0xff, 0xff, 0xff, 0xff,
    0xff, 0xff, 0xff, 0xfb, 0x30, 0x0, 0x0, 0x0,
    0x8f, 0xff, 0xff, 0xff, 0xff, 0xff, 0xff, 0xff,
    0xff, 0xff, 0xff, 0xf6, 0x0, 0x0, 0x5, 0xff,
    0xff, 0xff, 0xff, 0xff, 0xff, 0xff, 0xff, 0xff,
    0xff, 0xff, 0xff, 0x20, 0x0, 0xd, 0xff, 0xff,
    0xff, 0xff, 0xff, 0xff, 0xff, 0xff, 0xff, 0xff,
    0xff, 0xff, 0x90, 0x0, 0xf, 0xff, 0xff, 0xdd,
    0xdd, 0xdd, 0xdd, 0xdd, 0xdd, 0xdd, 0xdd, 0xff,
    0xff, 0xd0, 0x0, 0x1f, 0xff, 0xfb, 0x0, 0x0,
    0x0, 0x0, 0x0, 0x0, 0x0, 0x0, 0xef, 0xff,
    0xd0, 0x0, 0x1f, 0xff, 0xfb, 0x0, 0x0, 0x0,
    0x0, 0x0, 0x0, 0x0, 0x0, 0xef, 0xff, 0xd0,
    0x0, 0x1f, 0xff, 0xfb, 0x0, 0x0, 0x0, 0x0,
    0x0, 0x0, 0x0, 0x0, 0xef, 0xff, 0xd0, 0x0,
    0x1f, 0xff, 0xfb, 0x0, 0x0, 0x0, 0x0, 0x0,
    0x0, 0x0, 0x0, 0xef, 0xff, 0xd0, 0x0, 0x1f,
    0xff, 0xfb, 0x0, 0x0, 0x0, 0x0, 0x0, 0x0,
    0x0, 0x0, 0xef, 0xff, 0xd0, 0x0, 0x1f, 0xff,
    0xfb, 0x0, 0x0, 0x0, 0x0, 0x0, 0x0, 0x0,
    0x0, 0xef, 0xff, 0xd0, 0x0, 0x1f, 0xff, 0xfb,
    0x0, 0x0, 0x0, 0x0, 0x0, 0x0, 0x0, 0x0,
    0xef, 0xff, 0xd0, 0x0, 0x1f, 0xff, 0xfb, 0x0,
    0x0, 0x0, 0x0, 0x0, 0x0, 0x0, 0x0, 0xef,
    0xff, 0xd0, 0x0, 0x1f, 0xff, 0xfb, 0x0, 0x0,
    0x0, 0x0, 0x0, 0x0, 0x0, 0x0, 0xef, 0xff,
    0xd0, 0x0, 0x1f, 0xff, 0xfb, 0x0, 0x0, 0x0,
    0x0, 0x0, 0x0, 0x0, 0x0, 0xef, 0xff, 0xd0,
    0x0, 0x1f, 0xff, 0xfb, 0x0, 0x0, 0x0, 0x0,
    0x0, 0x0, 0x0, 0x0, 0xef, 0xff, 0xd0, 0x0,
    0x1f, 0xff, 0xfb, 0x0, 0x0, 0x0, 0x0, 0x0,
    0x0, 0x0, 0x0, 0xef, 0xff, 0xd0, 0x0, 0x1f,
    0xff, 0xfb, 0x0, 0x0, 0x0, 0x0, 0x0, 0x0,
    0x0, 0x0, 0xef, 0xff, 0xd0, 0x0, 0x1f, 0xff,
    0xfb, 0x0, 0x0, 0x0, 0x0, 0x0, 0x0, 0x0,
    0x0, 0xef, 0xff, 0xd0, 0x0, 0x1f, 0xff, 0xfb,
    0x0, 0x0, 0x0, 0x0, 0x0, 0x0, 0x0, 0x0,
    0xef, 0xff, 0xd0, 0x0, 0x1f, 0xff, 0xfb, 0x0,
    0x0, 0x0, 0x0, 0x0, 0x0, 0x0, 0x0, 0xef,
    0xff, 0xe0, 0x0, 0xf, 0xff, 0xff, 0xdd, 0xdd,
    0xdd, 0xdd, 0xdd, 0xdd, 0xdd, 0xdd, 0xff, 0xff,
    0xfd, 0xdc, 0xd, 0xff, 0xff, 0xff, 0xff, 0xff,
    0xff, 0xff, 0xff, 0xff, 0xff, 0xff, 0xff, 0xff,
    0xff, 0x5, 0xff, 0xff, 0xff, 0xff, 0xff, 0xff,
    0xff, 0xff, 0xff, 0xff, 0xff, 0xff, 0xff, 0xff,
    0x0, 0x8f, 0xff, 0xff, 0xff, 0xff, 0xff, 0xff,
    0xff, 0xff, 0xff, 0xff, 0xff, 0xff, 0xff, 0x0,
    0x5, 0xcf, 0xff, 0xff, 0xff, 0xff, 0xff, 0xff,
    0xff, 0xff, 0xff, 0xff, 0xff, 0xff,

    /* U+0052 "R" */
    0xff, 0xff, 0xff, 0xff, 0xff, 0xff, 0xff, 0xff,
    0xff, 0xff, 0xff, 0xb3, 0x0, 0xff, 0xff, 0xff,
    0xff, 0xff, 0xff, 0xff, 0xff, 0xff, 0xff, 0xff,
    0xff, 0x60, 0xff, 0xff, 0xff, 0xff, 0xff, 0xff,
    0xff, 0xff, 0xff, 0xff, 0xff, 0xff, 0xf3, 0xff,
    0xff, 0xff, 0xff, 0xff, 0xff, 0xff, 0xff, 0xff,
    0xff, 0xff, 0xff, 0xfb, 0xff, 0xff, 0xfc, 0xcc,
    0xcc, 0xcc, 0xcc, 0xcc, 0xcc, 0xcc, 0xcf, 0xff,
    0xfe, 0xff, 0xff, 0xc0, 0x0, 0x0, 0x0, 0x0,
    0x0, 0x0, 0x0, 0xd, 0xff, 0xff, 0xff, 0xff,
    0xc0, 0x0, 0x0, 0x0, 0x0, 0x0, 0x0, 0x0,
    0xd, 0xff, 0xff, 0xff, 0xff, 0xc0, 0x0, 0x0,
    0x0, 0x0, 0x0, 0x0, 0x0, 0xd, 0xff, 0xff,
    0xff, 0xff, 0xc0, 0x0, 0x0, 0x0, 0x0, 0x0,
    0x0, 0x0, 0xd, 0xff, 0xff, 0xff, 0xff, 0xc0,
    0x0, 0x0, 0x0, 0x0, 0x0, 0x0, 0x0, 0xd,
    0xff, 0xff, 0xff, 0xff, 0xc0, 0x0, 0x0, 0x0,
    0x0, 0x0, 0x0, 0x0, 0xd, 0xff, 0xff, 0xff,
    0xff, 0xc0, 0x0, 0x0, 0x0, 0x0, 0x0, 0x0,
    0x0, 0xd, 0xff, 0xff, 0xff, 0xff, 0xfd, 0xdd,
    0xdd, 0xdd, 0xdd, 0xdd, 0xdd, 0xdd, 0xdf, 0xff,
    0xfe, 0xff, 0xff, 0xff, 0xff, 0xff, 0xff, 0xff,
    0xff, 0xff, 0xff, 0xff, 0xff, 0xfb, 0xff, 0xff,
    0xff, 0xff, 0xff, 0xff, 0xff, 0xff, 0xff, 0xff,
    0xff, 0xff, 0xf3, 0xff, 0xff, 0xff, 0xff, 0xff,
    0xff, 0xff, 0xff, 0xff, 0xff, 0xff, 0xff, 0x70,
    0xff, 0xff, 0xff, 0xff, 0xff, 0xff, 0xff, 0xff,
    0xff, 0xff, 0xff, 0xb4, 0x0, 0xff, 0xff, 0xc0,
    0x0, 0x0, 0x0, 0x5, 0xff, 0xff, 0xfd, 0x10,
    0x0, 0x0, 0xff, 0xff, 0xc0, 0x0, 0x0, 0x0,
    0x0, 0x8f, 0xff, 0xff, 0xb0, 0x0, 0x0, 0xff,
    0xff, 0xc0, 0x0, 0x0, 0x0, 0x0, 0xa, 0xff,
    0xff, 0xf9, 0x0, 0x0, 0xff, 0xff, 0xc0, 0x0,
    0x0, 0x0, 0x0, 0x0, 0xcf, 0xff, 0xff, 0x60,
    0x0, 0xff, 0xff, 0xc0, 0x0, 0x0, 0x0, 0x0,
    0x0, 0x1e, 0xff, 0xff, 0xf4, 0x0, 0xff, 0xff,
    0xc0, 0x0, 0x0, 0x0, 0x0, 0x0, 0x3, 0xff,
    0xff, 0xfe, 0x20, 0xff, 0xff, 0xc0, 0x0, 0x0,
    0x0, 0x0, 0x0, 0x0, 0x6f, 0xff, 0xff, 0xd1,
    0xff, 0xff, 0xc0, 0x0, 0x0, 0x0, 0x0, 0x0,
    0x0, 0x8, 0xff, 0xff, 0xfb, 0xff, 0xff, 0xc0,
    0x0, 0x0, 0x0, 0x0, 0x0, 0x0, 0x0, 0xbf,
    0xff, 0xfd,

    /* U+0053 "S" */
    0x0, 0x5, 0xcf, 0xff, 0xff, 0xff, 0xff, 0xff,
    0xff, 0xff, 0xff, 0xfb, 0x30, 0x0, 0xa, 0xff,
    0xff, 0xff, 0xff, 0xff, 0xff, 0xff, 0xff, 0xff,
    0xff, 0xff, 0x50, 0x6, 0xff, 0xff, 0xff, 0xff,
    0xff, 0xff, 0xff, 0xff, 0xff, 0xff, 0xff, 0xff,
    0x20, 0xef, 0xff, 0xff, 0xff, 0xff, 0xff, 0xff,
    0xff, 0xff, 0xff, 0xff, 0xff, 0xf9, 0x1f, 0xff,
    0xff, 0xdd, 0xdd, 0xdd, 0xdd, 0xdd, 0xdd, 0xdd,
    0xdd, 0xff, 0xff, 0xc1, 0xff, 0xff, 0xa0, 0x0,
    0x0, 0x0, 0x0, 0x0, 0x0, 0x0, 0xf, 0xff,
    0xfd, 0x1f, 0xff, 0xfa, 0x0, 0x0, 0x0, 0x0,
    0x0, 0x0, 0x0, 0x0, 0xdd, 0xdd, 0xb1, 0xff,
    0xff, 0xa0, 0x0, 0x0, 0x0, 0x0, 0x0, 0x0,
    0x0, 0x0, 0x0, 0x0, 0x1f, 0xff, 0xfa, 0x0,
    0x0, 0x0, 0x0, 0x0, 0x0, 0x0, 0x0, 0x0,
    0x0, 0x1, 0xff, 0xff, 0xa0, 0x0, 0x0, 0x0,
    0x0, 0x0, 0x0, 0x0, 0x0, 0x0, 0x0, 0x1f,
    0xff, 0xff, 0xdd, 0xdd, 0xdd, 0xdd, 0xdd, 0xdd,
    0xdd, 0xdd, 0xc8, 0x10, 0x0, 0xdf, 0xff, 0xff,
    0xff, 0xff, 0xff, 0xff, 0xff, 0xff, 0xff, 0xff,
    0xfe, 0x30, 0x6, 0xff, 0xff, 0xff, 0xff, 0xff,
    0xff, 0xff, 0xff, 0xff, 0xff, 0xff, 0xfe, 0x10,
    0xa, 0xff, 0xff, 0xff, 0xff, 0xff, 0xff, 0xff,
    0xff, 0xff, 0xff, 0xff, 0xf7, 0x0, 0x5, 0xcf,
    0xff, 0xff, 0xff, 0xff, 0xff, 0xff, 0xff, 0xff,
    0xff, 0xff, 0xc0, 0x0, 0x0, 0x0, 0x0, 0x0,
    0x0, 0x0, 0x0, 0x0, 0x0, 0xf, 0xff, 0xfd,
    0x0, 0x0, 0x0, 0x0, 0x0, 0x0, 0x0, 0x0,
    0x0, 0x0, 0x0, 0xff, 0xff, 0xd0, 0x0, 0x0,
    0x0, 0x0, 0x0, 0x0, 0x0, 0x0, 0x0, 0x0,
    0xf, 0xff, 0xfd, 0x3, 0x33, 0x32, 0x0, 0x0,
    0x0, 0x0, 0x0, 0x0, 0x0, 0x0, 0xff, 0xff,
    0xd1, 0xff, 0xff, 0xa0, 0x0, 0x0, 0x0, 0x0,
    0x0, 0x0, 0x0, 0xf, 0xff, 0xfd, 0x1f, 0xff,
    0xfa, 0x0, 0x0, 0x0, 0x0, 0x0, 0x0, 0x0,
    0x0, 0xff, 0xff, 0xd0, 0xff, 0xff, 0xfd, 0xdd,
    0xdd, 0xdd, 0xdd, 0xdd, 0xdd, 0xdd, 0xdf, 0xff,
    0xfc, 0xd, 0xff, 0xff, 0xff, 0xff, 0xff, 0xff,
    0xff, 0xff, 0xff, 0xff, 0xff, 0xff, 0x80, 0x5f,
    0xff, 0xff, 0xff, 0xff, 0xff, 0xff, 0xff, 0xff,
    0xff, 0xff, 0xff, 0xf1, 0x0, 0x8f, 0xff, 0xff,
    0xff, 0xff, 0xff, 0xff, 0xff, 0xff, 0xff, 0xff,
    0xf5, 0x0, 0x0, 0x5c, 0xff, 0xff, 0xff, 0xff,
    0xff, 0xff, 0xff, 0xff, 0xff, 0xa3, 0x0,

    /* U+0054 "T" */
    0x4f, 0xff, 0xff, 0xff, 0xff, 0xff, 0xff, 0xff,
    0xff, 0xff, 0xff, 0xff, 0xff, 0xa4, 0xff, 0xff,
    0xff, 0xff, 0xff, 0xff, 0xff, 0xff, 0xff, 0xff,
    0xff, 0xff, 0xfa, 0x4f, 0xff, 0xff, 0xff, 0xff,
    0xff, 0xff, 0xff, 0xff, 0xff, 0xff, 0xff, 0xff,
    0xa4, 0xff, 0xff, 0xff, 0xff, 0xff, 0xff, 0xff,
    0xff, 0xff, 0xff, 0xff, 0xff, 0xfa, 0x3d, 0xdd,
    0xdd, 0xdd, 0xdd, 0xdf, 0xff, 0xff, 0xdd, 0xdd,
    0xdd, 0xdd, 0xdd, 0x80, 0x0, 0x0, 0x0, 0x0,
    0x0, 0xbf, 0xff, 0xf1, 0x0, 0x0, 0x0, 0x0,
    0x0, 0x0, 0x0, 0x0, 0x0, 0x0, 0xb, 0xff,
    0xff, 0x10, 0x0, 0x0, 0x0, 0x0, 0x0, 0x0,
    0x0, 0x0, 0x0, 0x0, 0xbf, 0xff, 0xf1, 0x0,
    0x0, 0x0, 0x0, 0x0, 0x0, 0x0, 0x0, 0x0,
    0x0, 0xb, 0xff, 0xff, 0x10, 0x0, 0x0, 0x0,
    0x0, 0x0, 0x0, 0x0, 0x0, 0x0, 0x0, 0xbf,
    0xff, 0xf1, 0x0, 0x0, 0x0, 0x0, 0x0, 0x0,
    0x0, 0x0, 0x0, 0x0, 0xb, 0xff, 0xff, 0x10,
    0x0, 0x0, 0x0, 0x0, 0x0, 0x0, 0x0, 0x0,
    0x0, 0x0, 0xbf, 0xff, 0xf1, 0x0, 0x0, 0x0,
    0x0, 0x0, 0x0, 0x0, 0x0, 0x0, 0x0, 0xb,
    0xff, 0xff, 0x10, 0x0, 0x0, 0x0, 0x0, 0x0,
    0x0, 0x0, 0x0, 0x0, 0x0, 0xbf, 0xff, 0xf1,
    0x0, 0x0, 0x0, 0x0, 0x0, 0x0, 0x0, 0x0,
    0x0, 0x0, 0xb, 0xff, 0xff, 0x10, 0x0, 0x0,
    0x0, 0x0, 0x0, 0x0, 0x0, 0x0, 0x0, 0x0,
    0xbf, 0xff, 0xf1, 0x0, 0x0, 0x0, 0x0, 0x0,
    0x0, 0x0, 0x0, 0x0, 0x0, 0xb, 0xff, 0xff,
    0x10, 0x0, 0x0, 0x0, 0x0, 0x0, 0x0, 0x0,
    0x0, 0x0, 0x0, 0xbf, 0xff, 0xf1, 0x0, 0x0,
    0x0, 0x0, 0x0, 0x0, 0x0, 0x0, 0x0, 0x0,
    0xb, 0xff, 0xff, 0x10, 0x0, 0x0, 0x0, 0x0,
    0x0, 0x0, 0x0, 0x0, 0x0, 0x0, 0xbf, 0xff,
    0xf1, 0x0, 0x0, 0x0, 0x0, 0x0, 0x0, 0x0,
    0x0, 0x0, 0x0, 0xb, 0xff, 0xff, 0x10, 0x0,
    0x0, 0x0, 0x0, 0x0, 0x0, 0x0, 0x0, 0x0,
    0x0, 0xbf, 0xff, 0xf1, 0x0, 0x0, 0x0, 0x0,
    0x0, 0x0, 0x0, 0x0, 0x0, 0x0, 0xb, 0xff,
    0xff, 0x10, 0x0, 0x0, 0x0, 0x0, 0x0, 0x0,
    0x0, 0x0, 0x0, 0x0, 0xbf, 0xff, 0xf1, 0x0,
    0x0, 0x0, 0x0, 0x0, 0x0, 0x0, 0x0, 0x0,
    0x0, 0xb, 0xff, 0xff, 0x10, 0x0, 0x0, 0x0,
    0x0, 0x0, 0x0, 0x0, 0x0, 0x0, 0x0, 0xbf,
    0xff, 0xf1, 0x0, 0x0, 0x0, 0x0, 0x0,

    /* U+0055 "U" */
    0x1f, 0xff, 0xfb, 0x0, 0x0, 0x0, 0x0, 0x0,
    0x0, 0x0, 0x0, 0xef, 0xff, 0xd1, 0xff, 0xff,
    0xb0, 0x0, 0x0, 0x0, 0x0, 0x0, 0x0, 0x0,
    0xe, 0xff, 0xfd, 0x1f, 0xff, 0xfb, 0x0, 0x0,
    0x0, 0x0, 0x0, 0x0, 0x0, 0x0, 0xef, 0xff,
    0xd1, 0xff, 0xff, 0xb0, 0x0, 0x0, 0x0, 0x0,
    0x0, 0x0, 0x0, 0xe, 0xff, 0xfd, 0x1f, 0xff,
    0xfb, 0x0, 0x0, 0x0, 0x0, 0x0, 0x0, 0x0,
    0x0, 0xef, 0xff, 0xd1, 0xff, 0xff, 0xb0, 0x0,
    0x0, 0x0, 0x0, 0x0, 0x0, 0x0, 0xe, 0xff,
    0xfd, 0x1f, 0xff, 0xfb, 0x0, 0x0, 0x0, 0x0,
    0x0, 0x0, 0x0, 0x0, 0xef, 0xff, 0xd1, 0xff,
    0xff, 0xb0, 0x0, 0x0, 0x0, 0x0, 0x0, 0x0,
    0x0, 0xe, 0xff, 0xfd, 0x1f, 0xff, 0xfb, 0x0,
    0x0, 0x0, 0x0, 0x0, 0x0, 0x0, 0x0, 0xef,
    0xff, 0xd1, 0xff, 0xff, 0xb0, 0x0, 0x0, 0x0,
    0x0, 0x0, 0x0, 0x0, 0xe, 0xff, 0xfd, 0x1f,
    0xff, 0xfb, 0x0, 0x0, 0x0, 0x0, 0x0, 0x0,
    0x0, 0x0, 0xef, 0xff, 0xd1, 0xff, 0xff, 0xb0,
    0x0, 0x0, 0x0, 0x0, 0x0, 0x0, 0x0, 0xe,
    0xff, 0xfd, 0x1f, 0xff, 0xfb, 0x0, 0x0, 0x0,
    0x0, 0x0, 0x0, 0x0, 0x0, 0xef, 0xff, 0xd1,
    0xff, 0xff, 0xb0, 0x0, 0x0, 0x0, 0x0, 0x0,
    0x0, 0x0, 0xe, 0xff, 0xfd, 0x1f, 0xff, 0xfb,
    0x0, 0x0, 0x0, 0x0, 0x0, 0x0, 0x0, 0x0,
    0xef, 0xff, 0xd1, 0xff, 0xff, 0xb0, 0x0, 0x0,
    0x0, 0x0, 0x0, 0x0, 0x0, 0xe, 0xff, 0xfd,
    0x1f, 0xff, 0xfb, 0x0, 0x0, 0x0, 0x0, 0x0,
    0x0, 0x0, 0x0, 0xef, 0xff, 0xd1, 0xff, 0xff,
    0xb0, 0x0, 0x0, 0x0, 0x0, 0x0, 0x0, 0x0,
    0xe, 0xff, 0xfd, 0x1f, 0xff, 0xfb, 0x0, 0x0,
    0x0, 0x0, 0x0, 0x0, 0x0, 0x0, 0xef, 0xff,
    0xd1, 0xff, 0xff, 0xb0, 0x0, 0x0, 0x0, 0x0,
    0x0, 0x0, 0x0, 0xe, 0xff, 0xfd, 0x1f, 0xff,
    0xfb, 0x0, 0x0, 0x0, 0x0, 0x0, 0x0, 0x0,
    0x0, 0xef, 0xff, 0xd0, 0xff, 0xff, 0xfd, 0xdd,
    0xdd, 0xdd, 0xdd, 0xdd, 0xdd, 0xdd, 0xdf, 0xff,
    0xfd, 0xd, 0xff, 0xff, 0xff, 0xff, 0xff, 0xff,
    0xff, 0xff, 0xff, 0xff, 0xff, 0xff, 0x90, 0x5f,
    0xff, 0xff, 0xff, 0xff, 0xff, 0xff, 0xff, 0xff,
    0xff, 0xff, 0xff, 0xf2, 0x0, 0x8f, 0xff, 0xff,
    0xff, 0xff, 0xff, 0xff, 0xff, 0xff, 0xff, 0xff,
    0xf6, 0x0, 0x0, 0x5c, 0xff, 0xff, 0xff, 0xff,
    0xff, 0xff, 0xff, 0xff, 0xff, 0xb3, 0x0,

    /* U+0056 "V" */
    0x7f, 0xff, 0xff, 0x10, 0x0, 0x0, 0x0, 0x0,
    0x0, 0x0, 0x0, 0x0, 0x0, 0x0, 0x4f, 0xff,
    0xff, 0x30, 0xdf, 0xff, 0xfa, 0x0, 0x0, 0x0,
    0x0, 0x0, 0x0, 0x0, 0x0, 0x0, 0x0, 0xd,
    0xff, 0xff, 0xa0, 0x4, 0xff, 0xff, 0xf3, 0x0,
    0x0, 0x0, 0x0, 0x0, 0x0, 0x0, 0x0, 0x0,
    0x6, 0xff, 0xff, 0xf2, 0x0, 0xb, 0xff, 0xff,
    0xc0, 0x0, 0x0, 0x0, 0x0, 0x0, 0x0, 0x0,
    0x0, 0x1, 0xef, 0xff, 0xf8, 0x0, 0x0, 0x2f,
    0xff, 0xff, 0x60, 0x0, 0x0, 0x0, 0x0, 0x0,
    0x0, 0x0, 0x0, 0x8f, 0xff, 0xfe, 0x0, 0x0,
    0x0, 0x9f, 0xff, 0xfe, 0x0, 0x0, 0x0, 0x0,
    0x0, 0x0, 0x0, 0x0, 0x2f, 0xff, 0xff, 0x50,
    0x0, 0x0, 0x1, 0xef, 0xff, 0xf8, 0x0, 0x0,
    0x0, 0x0, 0x0, 0x0, 0x0, 0xb, 0xff, 0xff,
    0xc0, 0x0, 0x0, 0x0, 0x6, 0xff, 0xff, 0xf2,
    0x0, 0x0, 0x0, 0x0, 0x0, 0x0, 0x4, 0xff,
    0xff, 0xf3, 0x0, 0x0, 0x0, 0x0, 0xd, 0xff,
    0xff, 0xa0, 0x0, 0x0, 0x0, 0x0, 0x0, 0x0,
    0xdf, 0xff, 0xf9, 0x0, 0x0, 0x0, 0x0, 0x0,
    0x4f, 0xff, 0xff, 0x30, 0x0, 0x0, 0x0, 0x0,
    0x0, 0x7f, 0xff, 0xff, 0x10, 0x0, 0x0, 0x0,
    0x0, 0x0, 0xaf, 0xff, 0xfd, 0x0, 0x0, 0x0,
    0x0, 0x0, 0x1e, 0xff, 0xff, 0x70, 0x0, 0x0,
    0x0, 0x0, 0x0, 0x2, 0xff, 0xff, 0xf6, 0x0,
    0x0, 0x0, 0x0, 0x9, 0xff, 0xff, 0xd0, 0x0,
    0x0, 0x0, 0x0, 0x0, 0x0, 0x8, 0xff, 0xff,
    0xe0, 0x0, 0x0, 0x0, 0x2, 0xff, 0xff, 0xf5,
    0x0, 0x0, 0x0, 0x0, 0x0, 0x0, 0x0, 0xe,
    0xff, 0xff, 0x80, 0x0, 0x0, 0x0, 0xbf, 0xff,
    0xfb, 0x0, 0x0, 0x0, 0x0, 0x0, 0x0, 0x0,
    0x0, 0x5f, 0xff, 0xff, 0x20, 0x0, 0x0, 0x5f,
    0xff, 0xff, 0x20, 0x0, 0x0, 0x0, 0x0, 0x0,
    0x0, 0x0, 0x0, 0xcf, 0xff, 0xfa, 0x0, 0x0,
    0xd, 0xff, 0xff, 0x90, 0x0, 0x0, 0x0, 0x0,
    0x0, 0x0, 0x0, 0x0, 0x3, 0xff, 0xff, 0xf4,
    0x0, 0x7, 0xff, 0xff, 0xe1, 0x0, 0x0, 0x0,
    0x0, 0x0, 0x0, 0x0, 0x0, 0x0, 0xa, 0xff,
    0xff, 0xd0, 0x1, 0xff, 0xff, 0xf6, 0x0, 0x0,
    0x0, 0x0, 0x0, 0x0, 0x0, 0x0, 0x0, 0x0,
    0x1f, 0xff, 0xff, 0x60, 0x9f, 0xff, 0xfd, 0x0,
    0x0, 0x0, 0x0, 0x0, 0x0, 0x0, 0x0, 0x0,
    0x0, 0x0, 0x7f, 0xff, 0xfe, 0x4f, 0xff, 0xff,
    0x40, 0x0, 0x0, 0x0, 0x0, 0x0, 0x0, 0x0,
    0x0, 0x0, 0x0, 0x0, 0xef, 0xff, 0xff, 0xff,
    0xff, 0xb0, 0x0, 0x0, 0x0, 0x0, 0x0, 0x0,
    0x0, 0x0, 0x0, 0x0, 0x0, 0x5, 0xff, 0xff,
    0xff, 0xff, 0xf2, 0x0, 0x0, 0x0, 0x0, 0x0,
    0x0, 0x0, 0x0, 0x0, 0x0, 0x0, 0x0, 0xc,
    0xff, 0xff, 0xff, 0xf8, 0x0, 0x0, 0x0, 0x0,
    0x0, 0x0, 0x0, 0x0, 0x0, 0x0, 0x0, 0x0,
    0x0, 0x3f, 0xff, 0xff, 0xfe, 0x0, 0x0, 0x0,
    0x0, 0x0, 0x0, 0x0, 0x0, 0x0, 0x0, 0x0,
    0x0, 0x0, 0x0, 0x9f, 0xff, 0xff, 0x60, 0x0,
    0x0, 0x0, 0x0, 0x0, 0x0, 0x0, 0x0, 0x0,
    0x0, 0x0, 0x0, 0x0, 0x1, 0xff, 0xff, 0xc0,
    0x0, 0x0, 0x0, 0x0, 0x0, 0x0, 0x0,

    /* U+0057 "W" */
    0x8f, 0xff, 0xf7, 0x0, 0x0, 0x0, 0x0, 0x0,
    0x5, 0xff, 0xff, 0xa0, 0x0, 0x0, 0x0, 0x0,
    0x0, 0x3f, 0xff, 0xfd, 0x3, 0xff, 0xff, 0xd0,
    0x0, 0x0, 0x0, 0x0, 0x0, 0xbf, 0xff, 0xff,
    0x0, 0x0, 0x0, 0x0, 0x0, 0x9, 0xff, 0xff,
    0x80, 0xd, 0xff, 0xff, 0x30, 0x0, 0x0, 0x0,
    0x0, 0x1f, 0xff, 0xff, 0xf6, 0x0, 0x0, 0x0,
    0x0, 0x0, 0xef, 0xff, 0xf2, 0x0, 0x7f, 0xff,
    0xf9, 0x0, 0x0, 0x0, 0x0, 0x7, 0xff, 0xff,
    0xff, 0xc0, 0x0, 0x0, 0x0, 0x0, 0x4f, 0xff,
    0xfc, 0x0, 0x1, 0xff, 0xff, 0xe0, 0x0, 0x0,
    0x0, 0x0, 0xdf, 0xff, 0xff, 0xff, 0x10, 0x0,
    0x0, 0x0, 0xa, 0xff, 0xff, 0x60, 0x0, 0xb,
    0xff, 0xff, 0x40, 0x0, 0x0, 0x0, 0x2f, 0xff,
    0xff, 0xff, 0xf7, 0x0, 0x0, 0x0, 0x1, 0xff,
    0xff, 0xf1, 0x0, 0x0, 0x6f, 0xff, 0xfa, 0x0,
    0x0, 0x0, 0x8, 0xff, 0xff, 0xff, 0xff, 0xd0,
    0x0, 0x0, 0x0, 0x6f, 0xff, 0xfb, 0x0, 0x0,
    0x0, 0xff, 0xff, 0xf1, 0x0, 0x0, 0x0, 0xef,
    0xff, 0xff, 0xff, 0xff, 0x30, 0x0, 0x0, 0xc,
    0xff, 0xff, 0x50, 0x0, 0x0, 0xa, 0xff, 0xff,
    0x60, 0x0, 0x0, 0x4f, 0xff, 0xfc, 0x8f, 0xff,
    0xf9, 0x0, 0x0, 0x2, 0xff, 0xff, 0xe0, 0x0,
    0x0, 0x0, 0x4f, 0xff, 0xfc, 0x0, 0x0, 0xa,
    0xff, 0xff, 0x62, 0xff, 0xff, 0xe0, 0x0, 0x0,
    0x7f, 0xff, 0xf9, 0x0, 0x0, 0x0, 0x0, 0xef,
    0xff, 0xf2, 0x0, 0x0, 0xff, 0xff, 0xf1, 0xc,
    0xff, 0xff, 0x40, 0x0, 0xd, 0xff, 0xff, 0x30,
    0x0, 0x0, 0x0, 0x9, 0xff, 0xff, 0x80, 0x0,
    0x6f, 0xff, 0xfb, 0x0, 0x7f, 0xff, 0xfa, 0x0,
    0x3, 0xff, 0xff, 0xd0, 0x0, 0x0, 0x0, 0x0,
    0x3f, 0xff, 0xfd, 0x0, 0xb, 0xff, 0xff, 0x50,
    0x1, 0xff, 0xff, 0xf1, 0x0, 0x9f, 0xff, 0xf8,
    0x0, 0x0, 0x0, 0x0, 0x0, 0xdf, 0xff, 0xf3,
    0x1, 0xff, 0xff, 0xf0, 0x0, 0xb, 0xff, 0xff,
    0x60, 0xe, 0xff, 0xff, 0x20, 0x0, 0x0, 0x0,
    0x0, 0x7, 0xff, 0xff, 0x90, 0x7f, 0xff, 0xf9,
    0x0, 0x0, 0x5f, 0xff, 0xfc, 0x4, 0xff, 0xff,
    0xc0, 0x0, 0x0, 0x0, 0x0, 0x0, 0x1f, 0xff,
    0xfe, 0xd, 0xff, 0xff, 0x40, 0x0, 0x0, 0xff,
    0xff, 0xf2, 0xaf, 0xff, 0xf6, 0x0, 0x0, 0x0,
    0x0, 0x0, 0x0, 0xcf, 0xff, 0xf8, 0xff, 0xff,
    0xe0, 0x0, 0x0, 0x9, 0xff, 0xff, 0x8f, 0xff,
    0xff, 0x10, 0x0, 0x0, 0x0, 0x0, 0x0, 0x6,
    0xff, 0xff, 0xff, 0xff, 0xf8, 0x0, 0x0, 0x0,
    0x4f, 0xff, 0xff, 0xff, 0xff, 0xb0, 0x0, 0x0,
    0x0, 0x0, 0x0, 0x0, 0x1f, 0xff, 0xff, 0xff,
    0xff, 0x20, 0x0, 0x0, 0x0, 0xef, 0xff, 0xff,
    0xff, 0xf5, 0x0, 0x0, 0x0, 0x0, 0x0, 0x0,
    0x0, 0xaf, 0xff, 0xff, 0xff, 0xc0, 0x0, 0x0,
    0x0, 0x8, 0xff, 0xff, 0xff, 0xff, 0x0, 0x0,
    0x0, 0x0, 0x0, 0x0, 0x0, 0x4, 0xff, 0xff,
    0xff, 0xf6, 0x0, 0x0, 0x0, 0x0, 0x2f, 0xff,
    0xff, 0xff, 0x90, 0x0, 0x0, 0x0, 0x0, 0x0,
    0x0, 0x0, 0xe, 0xff, 0xff, 0xff, 0x10, 0x0,
    0x0, 0x0, 0x0, 0xcf, 0xff, 0xff, 0xf3, 0x0,
    0x0, 0x0, 0x0, 0x0, 0x0, 0x0, 0x0, 0x9f,
    0xff, 0xff, 0xb0, 0x0, 0x0, 0x0, 0x0, 0x6,
    0xff, 0xff, 0xfe, 0x0, 0x0, 0x0, 0x0, 0x0,
    0x0, 0x0, 0x0, 0x3, 0xff, 0xff, 0xf5, 0x0,
    0x0, 0x0, 0x0, 0x0, 0x1f, 0xff, 0xff, 0x80,
    0x0, 0x0, 0x0, 0x0, 0x0, 0x0, 0x0, 0x0,
    0xd, 0xff, 0xff, 0x0, 0x0, 0x0, 0x0, 0x0,
    0x0, 0xbf, 0xff, 0xf2, 0x0, 0x0, 0x0, 0x0,
    0x0, 0x0, 0x0, 0x0, 0x0, 0x7f, 0xff, 0x90,
    0x0, 0x0, 0x0, 0x0, 0x0, 0x5, 0xff, 0xfc,
    0x0, 0x0, 0x0, 0x0, 0x0,

    /* U+0058 "X" */
    0x5f, 0xff, 0xff, 0x30, 0x0, 0x0, 0x0, 0x0,
    0x0, 0x0, 0x2f, 0xff, 0xff, 0x73, 0xff, 0xff,
    0xfe, 0x20, 0x0, 0x0, 0x0, 0x0, 0x0, 0x1e,
    0xff, 0xff, 0xf4, 0x6, 0xff, 0xff, 0xfd, 0x10,
    0x0, 0x0, 0x0, 0x0, 0xc, 0xff, 0xff, 0xf7,
    0x0, 0x8, 0xff, 0xff, 0xfb, 0x0, 0x0, 0x0,
    0x0, 0xa, 0xff, 0xff, 0xfa, 0x0, 0x0, 0xb,
    0xff, 0xff, 0xf9, 0x0, 0x0, 0x0, 0x7, 0xff,
    0xff, 0xfc, 0x0, 0x0, 0x0, 0xd, 0xff, 0xff,
    0xf6, 0x0, 0x0, 0x4, 0xff, 0xff, 0xfe, 0x10,
    0x0, 0x0, 0x0, 0x1e, 0xff, 0xff, 0xf4, 0x0,
    0x2, 0xff, 0xff, 0xff, 0x20, 0x0, 0x0, 0x0,
    0x0, 0x3f, 0xff, 0xff, 0xf2, 0x1, 0xef, 0xff,
    0xff, 0x40, 0x0, 0x0, 0x0, 0x0, 0x0, 0x5f,
    0xff, 0xff, 0xd1, 0xcf, 0xff, 0xff, 0x70, 0x0,
    0x0, 0x0, 0x0, 0x0, 0x0, 0x8f, 0xff, 0xff,
    0xff, 0xff, 0xff, 0x90, 0x0, 0x0, 0x0, 0x0,
    0x0, 0x0, 0x0, 0xaf, 0xff, 0xff, 0xff, 0xff,
    0xc0, 0x0, 0x0, 0x0, 0x0, 0x0, 0x0, 0x0,
    0x0, 0xcf, 0xff, 0xff, 0xff, 0xd1, 0x0, 0x0,
    0x0, 0x0, 0x0, 0x0, 0x0, 0x0, 0x1, 0xef,
    0xff, 0xff, 0xf2, 0x0, 0x0, 0x0, 0x0, 0x0,
    0x0, 0x0, 0x0, 0x0, 0x1e, 0xff, 0xff, 0xff,
    0x20, 0x0, 0x0, 0x0, 0x0, 0x0, 0x0, 0x0,
    0x0, 0xc, 0xff, 0xff, 0xff, 0xfd, 0x10, 0x0,
    0x0, 0x0, 0x0, 0x0, 0x0, 0x0, 0xa, 0xff,
    0xff, 0xff, 0xff, 0xfc, 0x0, 0x0, 0x0, 0x0,
    0x0, 0x0, 0x0, 0x8, 0xff, 0xff, 0xff, 0xff,
    0xff, 0xf9, 0x0, 0x0, 0x0, 0x0, 0x0, 0x0,
    0x5, 0xff, 0xff, 0xfd, 0x2d, 0xff, 0xff, 0xf7,
    0x0, 0x0, 0x0, 0x0, 0x0, 0x3, 0xff, 0xff,
    0xff, 0x20, 0x1e, 0xff, 0xff, 0xf4, 0x0, 0x0,
    0x0, 0x0, 0x1, 0xef, 0xff, 0xff, 0x40, 0x0,
    0x3f, 0xff, 0xff, 0xf3, 0x0, 0x0, 0x0, 0x0,
    0xdf, 0xff, 0xff, 0x60, 0x0, 0x0, 0x5f, 0xff,
    0xff, 0xe1, 0x0, 0x0, 0x0, 0xbf, 0xff, 0xff,
    0x90, 0x0, 0x0, 0x0, 0x8f, 0xff, 0xff, 0xc0,
    0x0, 0x0, 0x8f, 0xff, 0xff, 0xb0, 0x0, 0x0,
    0x0, 0x0, 0xaf, 0xff, 0xff, 0xa0, 0x0, 0x6f,
    0xff, 0xff, 0xd1, 0x0, 0x0, 0x0, 0x0, 0x0,
    0xcf, 0xff, 0xff, 0x80, 0x3f, 0xff, 0xff, 0xe2,
    0x0, 0x0, 0x0, 0x0, 0x0, 0x1, 0xef, 0xff,
    0xff, 0x45, 0xff, 0xff, 0xf3, 0x0, 0x0, 0x0,
    0x0, 0x0, 0x0, 0x3, 0xff, 0xff, 0xf7,

    /* U+0059 "Y" */
    0x7f, 0xff, 0xff, 0x30, 0x0, 0x0, 0x0, 0x0,
    0x0, 0x0, 0x0, 0x4f, 0xff, 0xff, 0x80, 0xbf,
    0xff, 0xfe, 0x10, 0x0, 0x0, 0x0, 0x0, 0x0,
    0x0, 0x1e, 0xff, 0xff, 0xc0, 0x1, 0xef, 0xff,
    0xfb, 0x0, 0x0, 0x0, 0x0, 0x0, 0x0, 0xc,
    0xff, 0xff, 0xe1, 0x0, 0x4, 0xff, 0xff, 0xf8,
    0x0, 0x0, 0x0, 0x0, 0x0, 0x9, 0xff, 0xff,
    0xf4, 0x0, 0x0, 0x8, 0xff, 0xff, 0xf5, 0x0,
    0x0, 0x0, 0x0, 0x6, 0xff, 0xff, 0xf9, 0x0,
    0x0, 0x0, 0xc, 0xff, 0xff, 0xf2, 0x0, 0x0,
    0x0, 0x3, 0xff, 0xff, 0xfc, 0x0, 0x0, 0x0,
    0x0, 0x2f, 0xff, 0xff, 0xd1, 0x0, 0x0, 0x1,
    0xef, 0xff, 0xff, 0x20, 0x0, 0x0, 0x0, 0x0,
    0x5f, 0xff, 0xff, 0xb0, 0x0, 0x0, 0xbf, 0xff,
    0xff, 0x50, 0x0, 0x0, 0x0, 0x0, 0x0, 0x9f,
    0xff, 0xff, 0x80, 0x0, 0x8f, 0xff, 0xff, 0x90,
    0x0, 0x0, 0x0, 0x0, 0x0, 0x0, 0xdf, 0xff,
    0xff, 0x50, 0x4f, 0xff, 0xff, 0xd0, 0x0, 0x0,
    0x0, 0x0, 0x0, 0x0, 0x2, 0xff, 0xff, 0xff,
    0x4f, 0xff, 0xff, 0xf2, 0x0, 0x0, 0x0, 0x0,
    0x0, 0x0, 0x0, 0x6, 0xff, 0xff, 0xff, 0xff,
    0xff, 0xf6, 0x0, 0x0, 0x0, 0x0, 0x0, 0x0,
    0x0, 0x0, 0xa, 0xff, 0xff, 0xff, 0xff, 0xfa,
    0x0, 0x0, 0x0, 0x0, 0x0, 0x0, 0x0, 0x0,
    0x0, 0xd, 0xff, 0xff, 0xff, 0xfd, 0x10, 0x0,
    0x0, 0x0, 0x0, 0x0, 0x0, 0x0, 0x0, 0x0,
    0x3f, 0xff, 0xff, 0xff, 0x30, 0x0, 0x0, 0x0,
    0x0, 0x0, 0x0, 0x0, 0x0, 0x0, 0x0, 0x7f,
    0xff, 0xff, 0x70, 0x0, 0x0, 0x0, 0x0, 0x0,
    0x0, 0x0, 0x0, 0x0, 0x0, 0x0, 0xef, 0xff,
    0xe0, 0x0, 0x0, 0x0, 0x0, 0x0, 0x0, 0x0,
    0x0, 0x0, 0x0, 0x0, 0xe, 0xff, 0xfe, 0x0,
    0x0, 0x0, 0x0, 0x0, 0x0, 0x0, 0x0, 0x0,
    0x0, 0x0, 0x0, 0xef, 0xff, 0xe0, 0x0, 0x0,
    0x0, 0x0, 0x0, 0x0, 0x0, 0x0, 0x0, 0x0,
    0x0, 0xe, 0xff, 0xfe, 0x0, 0x0, 0x0, 0x0,
    0x0, 0x0, 0x0, 0x0, 0x0, 0x0, 0x0, 0x0,
    0xef, 0xff, 0xe0, 0x0, 0x0, 0x0, 0x0, 0x0,
    0x0, 0x0, 0x0, 0x0, 0x0, 0x0, 0xe, 0xff,
    0xfe, 0x0, 0x0, 0x0, 0x0, 0x0, 0x0, 0x0,
    0x0, 0x0, 0x0, 0x0, 0x0, 0xef, 0xff, 0xe0,
    0x0, 0x0, 0x0, 0x0, 0x0, 0x0, 0x0, 0x0,
    0x0, 0x0, 0x0, 0xe, 0xff, 0xfe, 0x0, 0x0,
    0x0, 0x0, 0x0, 0x0, 0x0, 0x0, 0x0, 0x0,
    0x0, 0x0, 0xef, 0xff, 0xe0, 0x0, 0x0, 0x0,
    0x0, 0x0, 0x0, 0x0, 0x0, 0x0, 0x0, 0x0,
    0xe, 0xff, 0xfe, 0x0, 0x0, 0x0, 0x0, 0x0,
    0x0,

    /* U+005A "Z" */
    0x2f, 0xff, 0xff, 0xff, 0xff, 0xff, 0xff, 0xff,
    0xff, 0xff, 0xff, 0xff, 0xff, 0xc2, 0xff, 0xff,
    0xff, 0xff, 0xff, 0xff, 0xff, 0xff, 0xff, 0xff,
    0xff, 0xff, 0xfc, 0x2f, 0xff, 0xff, 0xff, 0xff,
    0xff, 0xff, 0xff, 0xff, 0xff, 0xff, 0xff, 0xff,
    0xc2, 0xff, 0xff, 0xff, 0xff, 0xff, 0xff, 0xff,
    0xff, 0xff, 0xff, 0xff, 0xff, 0xfc, 0x2d, 0xdd,
    0xdd, 0xdd, 0xdd, 0xdd, 0xdd, 0xdd, 0xdd, 0xdd,
    0xff, 0xff, 0xff, 0xc0, 0x0, 0x0, 0x0, 0x0,
    0x0, 0x0, 0x0, 0x0, 0x2, 0xdf, 0xff, 0xff,
    0xf6, 0x0, 0x0, 0x0, 0x0, 0x0, 0x0, 0x0,
    0x0, 0x4, 0xef, 0xff, 0xff, 0xf4, 0x0, 0x0,
    0x0, 0x0, 0x0, 0x0, 0x0, 0x0, 0x6, 0xff,
    0xff, 0xff, 0xd2, 0x0, 0x0, 0x0, 0x0, 0x0,
    0x0, 0x0, 0x0, 0x8, 0xff, 0xff, 0xff, 0xc1,
    0x0, 0x0, 0x0, 0x0, 0x0, 0x0, 0x0, 0x0,
    0xb, 0xff, 0xff, 0xff, 0xa0, 0x0, 0x0, 0x0,
    0x0, 0x0, 0x0, 0x0, 0x0, 0x1d, 0xff, 0xff,
    0xff, 0x70, 0x0, 0x0, 0x0, 0x0, 0x0, 0x0,
    0x0, 0x0, 0x3e, 0xff, 0xff, 0xff, 0x50, 0x0,
    0x0, 0x0, 0x0, 0x0, 0x0, 0x0, 0x0, 0x5f,
    0xff, 0xff, 0xfe, 0x30, 0x0, 0x0, 0x0, 0x0,
    0x0, 0x0, 0x0, 0x0, 0x7f, 0xff, 0xff, 0xfc,
    0x10, 0x0, 0x0, 0x0, 0x0, 0x0, 0x0, 0x0,
    0x0, 0xaf, 0xff, 0xff, 0xfa, 0x0, 0x0, 0x0,
    0x0, 0x0, 0x0, 0x0, 0x0, 0x1, 0xcf, 0xff,
    0xff, 0xf8, 0x0, 0x0, 0x0, 0x0, 0x0, 0x0,
    0x0, 0x0, 0x2, 0xef, 0xff, 0xff, 0xf5, 0x0,
    0x0, 0x0, 0x0, 0x0, 0x0, 0x0, 0x0, 0x4,
    0xff, 0xff, 0xff, 0xe3, 0x0, 0x0, 0x0, 0x0,
    0x0, 0x0, 0x0, 0x0, 0x7, 0xff, 0xff, 0xff,
    0xd2, 0x0, 0x0, 0x0, 0x0, 0x0, 0x0, 0x0,
    0x0, 0x9, 0xff, 0xff, 0xff, 0xb1, 0x0, 0x0,
    0x0, 0x0, 0x0, 0x0, 0x0, 0x0, 0xb, 0xff,
    0xff, 0xff, 0x90, 0x0, 0x0, 0x0, 0x0, 0x0,
    0x0, 0x0, 0x0, 0x2, 0xff, 0xff, 0xff, 0xfd,
    0xdd, 0xdd, 0xdd, 0xdd, 0xdd, 0xdd, 0xdd, 0xdd,
    0xd9, 0x2f, 0xff, 0xff, 0xff, 0xff, 0xff, 0xff,
    0xff, 0xff, 0xff, 0xff, 0xff, 0xff, 0xc2, 0xff,
    0xff, 0xff, 0xff, 0xff, 0xff, 0xff, 0xff, 0xff,
    0xff, 0xff, 0xff, 0xfc, 0x2f, 0xff, 0xff, 0xff,
    0xff, 0xff, 0xff, 0xff, 0xff, 0xff, 0xff, 0xff,
    0xff, 0xc2, 0xff, 0xff, 0xff, 0xff, 0xff, 0xff,
    0xff, 0xff, 0xff, 0xff, 0xff, 0xff, 0xfc,

    /* U+005B "[" */
    0x1f, 0xff, 0xff, 0xfd, 0x1f, 0xff, 0xff, 0xfd,
    0x1f, 0xff, 0xff, 0xfd, 0x1f, 0xff, 0xff, 0xfd,
    0x1f, 0xff, 0xfe, 0xca, 0x1f, 0xff, 0xfa, 0x0,
    0x1f, 0xff, 0xfa, 0x0, 0x1f, 0xff, 0xfa, 0x0,
    0x1f, 0xff, 0xfa, 0x0, 0x1f, 0xff, 0xfa, 0x0,
    0x1f, 0xff, 0xfa, 0x0, 0x1f, 0xff, 0xfa, 0x0,
    0x1f, 0xff, 0xfa, 0x0, 0x1f, 0xff, 0xfa, 0x0,
    0x1f, 0xff, 0xfa, 0x0, 0x1f, 0xff, 0xfa, 0x0,
    0x1f, 0xff, 0xfa, 0x0, 0x1f, 0xff, 0xfa, 0x0,
    0x1f, 0xff, 0xfa, 0x0, 0x1f, 0xff, 0xfa, 0x0,
    0x1f, 0xff, 0xfa, 0x0, 0x1f, 0xff, 0xfe, 0xca,
    0x1f, 0xff, 0xff, 0xfd, 0x1f, 0xff, 0xff, 0xfd,
    0x1f, 0xff, 0xff, 0xfd, 0x1f, 0xff, 0xff, 0xfd,

    /* U+005C "\\" */
    0xde, 0x10, 0x0, 0x0, 0x0, 0x0, 0x0, 0x0,
    0x0, 0xd, 0xfc, 0x0, 0x0, 0x0, 0x0, 0x0,
    0x0, 0x0, 0x0, 0xdf, 0xfa, 0x0, 0x0, 0x0,
    0x0, 0x0, 0x0, 0x0, 0xd, 0xff, 0xf7, 0x0,
    0x0, 0x0, 0x0, 0x0, 0x0, 0x0, 0xdf, 0xff,
    0xf4, 0x0, 0x0, 0x0, 0x0, 0x0, 0x0, 0x5,
    0xff, 0xff, 0xf2, 0x0, 0x0, 0x0, 0x0, 0x0,
    0x0, 0x9, 0xff, 0xff, 0xd0, 0x0, 0x0, 0x0,
    0x0, 0x0, 0x0, 0xb, 0xff, 0xff, 0xb0, 0x0,
    0x0, 0x0, 0x0, 0x0, 0x0, 0x1d, 0xff, 0xff,
    0x80, 0x0, 0x0, 0x0, 0x0, 0x0, 0x0, 0x2f,
    0xff, 0xff, 0x50, 0x0, 0x0, 0x0, 0x0, 0x0,
    0x0, 0x5f, 0xff, 0xff, 0x20, 0x0, 0x0, 0x0,
    0x0, 0x0, 0x0, 0x8f, 0xff, 0xfd, 0x10, 0x0,
    0x0, 0x0, 0x0, 0x0, 0x0, 0xbf, 0xff, 0xfb,
    0x0, 0x0, 0x0, 0x0, 0x0, 0x0, 0x0, 0xdf,
    0xff, 0xf9, 0x0, 0x0, 0x0, 0x0, 0x0, 0x0,
    0x2, 0xef, 0xff, 0xf6, 0x0, 0x0, 0x0, 0x0,
    0x0, 0x0, 0x4, 0xff, 0xff, 0xf3, 0x0, 0x0,
    0x0, 0x0, 0x0, 0x0, 0x7, 0xff, 0xff, 0xe1,
    0x0, 0x0, 0x0, 0x0, 0x0, 0x0, 0xa, 0xff,
    0xff, 0xc0, 0x0, 0x0, 0x0, 0x0, 0x0, 0x0,
    0xc, 0xff, 0xff, 0xa0, 0x0, 0x0, 0x0, 0x0,
    0x0, 0x0, 0x1e, 0xff, 0xff, 0x60, 0x0, 0x0,
    0x0, 0x0, 0x0, 0x0, 0x3f, 0xff, 0xff, 0x40,
    0x0, 0x0, 0x0, 0x0, 0x0, 0x0, 0x6f, 0xff,
    0xfa, 0x0, 0x0, 0x0, 0x0, 0x0, 0x0, 0x0,
    0x9f, 0xff, 0xa0, 0x0, 0x0, 0x0, 0x0, 0x0,
    0x0, 0x0, 0xcf, 0xfa, 0x0, 0x0, 0x0, 0x0,
    0x0, 0x0, 0x0, 0x1, 0xef, 0xa0, 0x0, 0x0,
    0x0, 0x0, 0x0, 0x0, 0x0, 0x3, 0xfa,

    /* U+005D "]" */
    0x2f, 0xff, 0xff, 0xfc, 0x2f, 0xff, 0xff, 0xfc,
    0x2f, 0xff, 0xff, 0xfc, 0x2f, 0xff, 0xff, 0xfc,
    0x1c, 0xcf, 0xff, 0xfc, 0x0, 0xf, 0xff, 0xfc,
    0x0, 0xf, 0xff, 0xfc, 0x0, 0xf, 0xff, 0xfc,
    0x0, 0xf, 0xff, 0xfc, 0x0, 0xf, 0xff, 0xfc,
    0x0, 0xf, 0xff, 0xfc, 0x0, 0xf, 0xff, 0xfc,
    0x0, 0xf, 0xff, 0xfc, 0x0, 0xf, 0xff, 0xfc,
    0x0, 0xf, 0xff, 0xfc, 0x0, 0xf, 0xff, 0xfc,
    0x0, 0xf, 0xff, 0xfc, 0x0, 0xf, 0xff, 0xfc,
    0x0, 0xf, 0xff, 0xfc, 0x0, 0xf, 0xff, 0xfc,
    0x0, 0xf, 0xff, 0xfc, 0x1c, 0xcf, 0xff, 0xfc,
    0x2f, 0xff, 0xff, 0xfc, 0x2f, 0xff, 0xff, 0xfc,
    0x2f, 0xff, 0xff, 0xfc, 0x2f, 0xff, 0xff, 0xfc,

    /* U+005F "_" */
    0xc, 0xcc, 0xcc, 0xcc, 0xcc, 0xcc, 0xcc, 0xcc,
    0xcc, 0xcc, 0xcc, 0xcc, 0xcc, 0x71, 0xff, 0xff,
    0xff, 0xff, 0xff, 0xff, 0xff, 0xff, 0xff, 0xff,
    0xff, 0xff, 0xfa, 0x1f, 0xff, 0xff, 0xff, 0xff,
    0xff, 0xff, 0xff, 0xff, 0xff, 0xff, 0xff, 0xff,
    0xa1, 0xff, 0xff, 0xff, 0xff, 0xff, 0xff, 0xff,
    0xff, 0xff, 0xff, 0xff, 0xff, 0xfa, 0x1f, 0xff,
    0xff, 0xff, 0xff, 0xff, 0xff, 0xff, 0xff, 0xff,
    0xff, 0xff, 0xff, 0xa0,

    /* U+0060 "`" */
    0x8a, 0xaa, 0x90, 0xa, 0xff, 0xff, 0x30, 0x6f,
    0xff, 0xf7, 0x2, 0xff, 0xff, 0xb0, 0xe, 0xff,
    0xfe, 0x0, 0xaf, 0xff, 0xf3, 0x6, 0xff, 0xff,
    0x70,

    /* U+0061 "a" */
    0x2f, 0xff, 0xff, 0xff, 0xff, 0xff, 0xff, 0xff,
    0xff, 0xc5, 0x0, 0x2, 0xff, 0xff, 0xff, 0xff,
    0xff, 0xff, 0xff, 0xff, 0xff, 0xf9, 0x0, 0x2f,
    0xff, 0xff, 0xff, 0xff, 0xff, 0xff, 0xff, 0xff,
    0xff, 0xf6, 0x2, 0xff, 0xff, 0xff, 0xff, 0xff,
    0xff, 0xff, 0xff, 0xff, 0xff, 0xd0, 0x1b, 0xbb,
    0xbb, 0xbb, 0xbb, 0xbb, 0xbb, 0xbb, 0xbf, 0xff,
    0xff, 0x0, 0x0, 0x0, 0x0, 0x0, 0x0, 0x0,
    0x0, 0x0, 0xaf, 0xff, 0xf1, 0x0, 0x0, 0x0,
    0x0, 0x0, 0x0, 0x0, 0x0, 0xa, 0xff, 0xff,
    0x10, 0x0, 0x0, 0x0, 0x0, 0x0, 0x0, 0x0,
    0x0, 0xaf, 0xff, 0xf1, 0x2f, 0xff, 0xff, 0xff,
    0xff, 0xff, 0xff, 0xff, 0xff, 0xff, 0xff, 0x12,
    0xff, 0xff, 0xff, 0xff, 0xff, 0xff, 0xff, 0xff,
    0xff, 0xff, 0xf1, 0x2f, 0xff, 0xff, 0xff, 0xff,
    0xff, 0xff, 0xff, 0xff, 0xff, 0xff, 0x12, 0xff,
    0xff, 0xff, 0xff, 0xff, 0xff, 0xff, 0xff, 0xff,
    0xff, 0xf1, 0x2f, 0xff, 0xfb, 0x44, 0x44, 0x44,
    0x44, 0x44, 0x4b, 0xff, 0xff, 0x12, 0xff, 0xff,
    0x90, 0x0, 0x0, 0x0, 0x0, 0x0, 0xaf, 0xff,
    0xf1, 0x2f, 0xff, 0xf9, 0x0, 0x0, 0x0, 0x0,
    0x0, 0xa, 0xff, 0xff, 0x12, 0xff, 0xff, 0x90,
    0x0, 0x0, 0x0, 0x0, 0x0, 0xaf, 0xff, 0xf1,
    0x1f, 0xff, 0xff, 0xcc, 0xcc, 0xcc, 0xcc, 0xcc,
    0xce, 0xff, 0xff, 0x10, 0xef, 0xff, 0xff, 0xff,
    0xff, 0xff, 0xff, 0xff, 0xff, 0xff, 0xf1, 0x6,
    0xff, 0xff, 0xff, 0xff, 0xff, 0xff, 0xff, 0xff,
    0xff, 0xff, 0x10, 0xa, 0xff, 0xff, 0xff, 0xff,
    0xff, 0xff, 0xff, 0xff, 0xff, 0xf1, 0x0, 0x6,
    0xcf, 0xff, 0xff, 0xff, 0xff, 0xff, 0xff, 0xff,
    0xff, 0x10,

    /* U+0062 "b" */
    0x1f, 0xff, 0xfa, 0x0, 0x0, 0x0, 0x0, 0x0,
    0x0, 0x0, 0x0, 0x1, 0xff, 0xff, 0xa0, 0x0,
    0x0, 0x0, 0x0, 0x0, 0x0, 0x0, 0x0, 0x1f,
    0xff, 0xfa, 0x0, 0x0, 0x0, 0x0, 0x0, 0x0,
    0x0, 0x0, 0x1, 0xff, 0xff, 0xa0, 0x0, 0x0,
    0x0, 0x0, 0x0, 0x0, 0x0, 0x0, 0x1f, 0xff,
    0xfa, 0x0, 0x0, 0x0, 0x0, 0x0, 0x0, 0x0,
    0x0, 0x1, 0xff, 0xff, 0xa0, 0x0, 0x0, 0x0,
    0x0, 0x0, 0x0, 0x0, 0x0, 0x1f, 0xff, 0xfa,
    0x0, 0x0, 0x0, 0x0, 0x0, 0x0, 0x0, 0x0,
    0x1, 0xff, 0xff, 0xff, 0xff, 0xff, 0xff, 0xff,
    0xff, 0xfc, 0x60, 0x0, 0x1f, 0xff, 0xff, 0xff,
    0xff, 0xff, 0xff, 0xff, 0xff, 0xff, 0xa0, 0x1,
    0xff, 0xff, 0xff, 0xff, 0xff, 0xff, 0xff, 0xff,
    0xff, 0xff, 0x70, 0x1f, 0xff, 0xff, 0xff, 0xff,
    0xff, 0xff, 0xff, 0xff, 0xff, 0xfe, 0x1, 0xff,
    0xff, 0xfb, 0xbb, 0xbb, 0xbb, 0xbb, 0xbb, 0xef,
    0xff, 0xf1, 0x1f, 0xff, 0xfa, 0x0, 0x0, 0x0,
    0x0, 0x0, 0x9, 0xff, 0xff, 0x21, 0xff, 0xff,
    0xa0, 0x0, 0x0, 0x0, 0x0, 0x0, 0x9f, 0xff,
    0xf2, 0x1f, 0xff, 0xfa, 0x0, 0x0, 0x0, 0x0,
    0x0, 0x9, 0xff, 0xff, 0x21, 0xff, 0xff, 0xa0,
    0x0, 0x0, 0x0, 0x0, 0x0, 0x9f, 0xff, 0xf2,
    0x1f, 0xff, 0xfa, 0x0, 0x0, 0x0, 0x0, 0x0,
    0x9, 0xff, 0xff, 0x21, 0xff, 0xff, 0xa0, 0x0,
    0x0, 0x0, 0x0, 0x0, 0x9f, 0xff, 0xf2, 0x1f,
    0xff, 0xfa, 0x0, 0x0, 0x0, 0x0, 0x0, 0x9,
    0xff, 0xff, 0x21, 0xff, 0xff, 0xa0, 0x0, 0x0,
    0x0, 0x0, 0x0, 0x9f, 0xff, 0xf2, 0x1f, 0xff,
    0xfa, 0x0, 0x0, 0x0, 0x0, 0x0, 0x9, 0xff,
    0xff, 0x21, 0xff, 0xff, 0xa0, 0x0, 0x0, 0x0,
    0x0, 0x0, 0x9f, 0xff, 0xf2, 0x1f, 0xff, 0xfa,
    0x0, 0x0, 0x0, 0x0, 0x0, 0x9, 0xff, 0xff,
    0x21, 0xff, 0xff, 0xfc, 0xcc, 0xcc, 0xcc, 0xcc,
    0xcc, 0xef, 0xff, 0xf1, 0x1f, 0xff, 0xff, 0xff,
    0xff, 0xff, 0xff, 0xff, 0xff, 0xff, 0xfe, 0x1,
    0xff, 0xff, 0xff, 0xff, 0xff, 0xff, 0xff, 0xff,
    0xff, 0xff, 0x70, 0x1f, 0xff, 0xff, 0xff, 0xff,
    0xff, 0xff, 0xff, 0xff, 0xff, 0xa0, 0x1, 0xff,
    0xff, 0xff, 0xff, 0xff, 0xff, 0xff, 0xff, 0xfc,
    0x60, 0x0,

    /* U+0063 "c" */
    0x0, 0x6, 0xcf, 0xff, 0xff, 0xff, 0xff, 0xff,
    0xff, 0xff, 0xff, 0x0, 0xa, 0xff, 0xff, 0xff,
    0xff, 0xff, 0xff, 0xff, 0xff, 0xff, 0xf0, 0x7,
    0xff, 0xff, 0xff, 0xff, 0xff, 0xff, 0xff, 0xff,
    0xff, 0xff, 0x0, 0xef, 0xff, 0xff, 0xff, 0xff,
    0xff, 0xff, 0xff, 0xff, 0xff, 0xf0, 0x1f, 0xff,
    0xfe, 0xbb, 0xbb, 0xbb, 0xbb, 0xbb, 0xbb, 0xbb,
    0xbb, 0x2, 0xff, 0xff, 0x80, 0x0, 0x0, 0x0,
    0x0, 0x0, 0x0, 0x0, 0x0, 0x2f, 0xff, 0xf8,
    0x0, 0x0, 0x0, 0x0, 0x0, 0x0, 0x0, 0x0,
    0x2, 0xff, 0xff, 0x80, 0x0, 0x0, 0x0, 0x0,
    0x0, 0x0, 0x0, 0x0, 0x2f, 0xff, 0xf8, 0x0,
    0x0, 0x0, 0x0, 0x0, 0x0, 0x0, 0x0, 0x2,
    0xff, 0xff, 0x80, 0x0, 0x0, 0x0, 0x0, 0x0,
    0x0, 0x0, 0x0, 0x2f, 0xff, 0xf8, 0x0, 0x0,
    0x0, 0x0, 0x0, 0x0, 0x0, 0x0, 0x2, 0xff,
    0xff, 0x80, 0x0, 0x0, 0x0, 0x0, 0x0, 0x0,
    0x0, 0x0, 0x2f, 0xff, 0xf8, 0x0, 0x0, 0x0,
    0x0, 0x0, 0x0, 0x0, 0x0, 0x2, 0xff, 0xff,
    0x80, 0x0, 0x0, 0x0, 0x0, 0x0, 0x0, 0x0,
    0x0, 0x2f, 0xff, 0xf8, 0x0, 0x0, 0x0, 0x0,
    0x0, 0x0, 0x0, 0x0, 0x2, 0xff, 0xff, 0x80,
    0x0, 0x0, 0x0, 0x0, 0x0, 0x0, 0x0, 0x0,
    0x1f, 0xff, 0xfe, 0xcc, 0xcc, 0xcc, 0xcc, 0xcc,
    0xcc, 0xcc, 0xcc, 0x0, 0xef, 0xff, 0xff, 0xff,
    0xff, 0xff, 0xff, 0xff, 0xff, 0xff, 0xf0, 0x7,
    0xff, 0xff, 0xff, 0xff, 0xff, 0xff, 0xff, 0xff,
    0xff, 0xff, 0x0, 0xa, 0xff, 0xff, 0xff, 0xff,
    0xff, 0xff, 0xff, 0xff, 0xff, 0xf0, 0x0, 0x6,
    0xdf, 0xff, 0xff, 0xff, 0xff, 0xff, 0xff, 0xff,
    0xff, 0x0,

    /* U+0064 "d" */
    0x0, 0x0, 0x0, 0x0, 0x0, 0x0, 0x0, 0x0,
    0xa, 0xff, 0xff, 0x10, 0x0, 0x0, 0x0, 0x0,
    0x0, 0x0, 0x0, 0x0, 0xaf, 0xff, 0xf1, 0x0,
    0x0, 0x0, 0x0, 0x0, 0x0, 0x0, 0x0, 0xa,
    0xff, 0xff, 0x10, 0x0, 0x0, 0x0, 0x0, 0x0,
    0x0, 0x0, 0x0, 0xaf, 0xff, 0xf1, 0x0, 0x0,
    0x0, 0x0, 0x0, 0x0, 0x0, 0x0, 0xa, 0xff,
    0xff, 0x10, 0x0, 0x0, 0x0, 0x0, 0x0, 0x0,
    0x0, 0x0, 0xaf, 0xff, 0xf1, 0x0, 0x0, 0x0,
    0x0, 0x0, 0x0, 0x0, 0x0, 0xa, 0xff, 0xff,
    0x10, 0x0, 0x6d, 0xff, 0xff, 0xff, 0xff, 0xff,
    0xff, 0xff, 0xff, 0xf1, 0x0, 0xbf, 0xff, 0xff,
    0xff, 0xff, 0xff, 0xff, 0xff, 0xff, 0xff, 0x10,
    0x7f, 0xff, 0xff, 0xff, 0xff, 0xff, 0xff, 0xff,
    0xff, 0xff, 0xf1, 0xe, 0xff, 0xff, 0xff, 0xff,
    0xff, 0xff, 0xff, 0xff, 0xff, 0xff, 0x12, 0xff,
    0xff, 0xeb, 0xbb, 0xbb, 0xbb, 0xbb, 0xbb, 0xff,
    0xff, 0xf1, 0x2f, 0xff, 0xf9, 0x0, 0x0, 0x0,
    0x0, 0x0, 0xa, 0xff, 0xff, 0x12, 0xff, 0xff,
    0x90, 0x0, 0x0, 0x0, 0x0, 0x0, 0xaf, 0xff,
    0xf1, 0x2f, 0xff, 0xf9, 0x0, 0x0, 0x0, 0x0,
    0x0, 0xa, 0xff, 0xff, 0x12, 0xff, 0xff, 0x90,
    0x0, 0x0, 0x0, 0x0, 0x0, 0xaf, 0xff, 0xf1,
    0x2f, 0xff, 0xf9, 0x0, 0x0, 0x0, 0x0, 0x0,
    0xa, 0xff, 0xff, 0x12, 0xff, 0xff, 0x90, 0x0,
    0x0, 0x0, 0x0, 0x0, 0xaf, 0xff, 0xf1, 0x2f,
    0xff, 0xf9, 0x0, 0x0, 0x0, 0x0, 0x0, 0xa,
    0xff, 0xff, 0x12, 0xff, 0xff, 0x90, 0x0, 0x0,
    0x0, 0x0, 0x0, 0xaf, 0xff, 0xf1, 0x2f, 0xff,
    0xf9, 0x0, 0x0, 0x0, 0x0, 0x0, 0xa, 0xff,
    0xff, 0x12, 0xff, 0xff, 0x90, 0x0, 0x0, 0x0,
    0x0, 0x0, 0xaf, 0xff, 0xf1, 0x2f, 0xff, 0xf9,
    0x0, 0x0, 0x0, 0x0, 0x0, 0xa, 0xff, 0xff,
    0x12, 0xff, 0xff, 0xec, 0xcc, 0xcc, 0xcc, 0xcc,
    0xcc, 0xff, 0xff, 0xf1, 0xe, 0xff, 0xff, 0xff,
    0xff, 0xff, 0xff, 0xff, 0xff, 0xff, 0xff, 0x10,
    0x7f, 0xff, 0xff, 0xff, 0xff, 0xff, 0xff, 0xff,
    0xff, 0xff, 0xf1, 0x0, 0xbf, 0xff, 0xff, 0xff,
    0xff, 0xff, 0xff, 0xff, 0xff, 0xff, 0x10, 0x0,
    0x6d, 0xff, 0xff, 0xff, 0xff, 0xff, 0xff, 0xff,
    0xff, 0xf1,

    /* U+0065 "e" */
    0x0, 0x6, 0xcf, 0xff, 0xff, 0xff, 0xff, 0xff,
    0xff, 0xc5, 0x0, 0x0, 0xa, 0xff, 0xff, 0xff,
    0xff, 0xff, 0xff, 0xff, 0xff, 0xf8, 0x0, 0x7,
    0xff, 0xff, 0xff, 0xff, 0xff, 0xff, 0xff, 0xff,
    0xff, 0xf5, 0x0, 0xef, 0xff, 0xff, 0xff, 0xff,
    0xff, 0xff, 0xff, 0xff, 0xff, 0xc0, 0x1f, 0xff,
    0xfe, 0xbb, 0xbb, 0xbb, 0xbb, 0xbb, 0xbf, 0xff,
    0xff, 0x2, 0xff, 0xff, 0x80, 0x0, 0x0, 0x0,
    0x0, 0x0, 0xaf, 0xff, 0xf0, 0x2f, 0xff, 0xf8,
    0x0, 0x0, 0x0, 0x0, 0x0, 0xa, 0xff, 0xff,
    0x2, 0xff, 0xff, 0x80, 0x0, 0x0, 0x0, 0x0,
    0x0, 0xaf, 0xff, 0xf0, 0x2f, 0xff, 0xfa, 0x44,
    0x44, 0x44, 0x44, 0x44, 0x4c, 0xff, 0xff, 0x2,
    0xff, 0xff, 0xff, 0xff, 0xff, 0xff, 0xff, 0xff,
    0xff, 0xff, 0xf0, 0x2f, 0xff, 0xff, 0xff, 0xff,
    0xff, 0xff, 0xff, 0xff, 0xff, 0xff, 0x2, 0xff,
    0xff, 0xff, 0xff, 0xff, 0xff, 0xff, 0xff, 0xff,
    0xff, 0xf0, 0x2f, 0xff, 0xff, 0xff, 0xff, 0xff,
    0xff, 0xff, 0xff, 0xff, 0xff, 0x2, 0xff, 0xff,
    0x80, 0x0, 0x0, 0x0, 0x0, 0x0, 0x0, 0x0,
    0x0, 0x2f, 0xff, 0xf8, 0x0, 0x0, 0x0, 0x0,
    0x0, 0x0, 0x0, 0x0, 0x2, 0xff, 0xff, 0x80,
    0x0, 0x0, 0x0, 0x0, 0x0, 0x0, 0x0, 0x0,
    0x1f, 0xff, 0xfe, 0xcc, 0xcc, 0xcc, 0xcc, 0xcc,
    0xcc, 0xcc, 0xcc, 0x0, 0xef, 0xff, 0xff, 0xff,
    0xff, 0xff, 0xff, 0xff, 0xff, 0xff, 0xf0, 0x7,
    0xff, 0xff, 0xff, 0xff, 0xff, 0xff, 0xff, 0xff,
    0xff, 0xff, 0x0, 0xa, 0xff, 0xff, 0xff, 0xff,
    0xff, 0xff, 0xff, 0xff, 0xff, 0xf0, 0x0, 0x6,
    0xdf, 0xff, 0xff, 0xff, 0xff, 0xff, 0xff, 0xff,
    0xff, 0x0,

    /* U+0066 "f" */
    0x0, 0x5, 0xcf, 0xff, 0xff, 0xff, 0xfc, 0x0,
    0x9f, 0xff, 0xff, 0xff, 0xff, 0xfc, 0x6, 0xff,
    0xff, 0xff, 0xff, 0xff, 0xfc, 0xd, 0xff, 0xff,
    0xff, 0xff, 0xff, 0xfc, 0xf, 0xff, 0xff, 0xcc,
    0xcc, 0xcc, 0xc9, 0x1f, 0xff, 0xfa, 0x0, 0x0,
    0x0, 0x0, 0x1f, 0xff, 0xfa, 0x0, 0x0, 0x0,
    0x0, 0x1f, 0xff, 0xff, 0xff, 0xff, 0xff, 0xfc,
    0x1f, 0xff, 0xff, 0xff, 0xff, 0xff, 0xfc, 0x1f,
    0xff, 0xff, 0xff, 0xff, 0xff, 0xfc, 0x1f, 0xff,
    0xff, 0xff, 0xff, 0xff, 0xfc, 0x1f, 0xff, 0xfe,
    0xbb, 0xbb, 0xbb, 0xb9, 0x1f, 0xff, 0xfa, 0x0,
    0x0, 0x0, 0x0, 0x1f, 0xff, 0xfa, 0x0, 0x0,
    0x0, 0x0, 0x1f, 0xff, 0xfa, 0x0, 0x0, 0x0,
    0x0, 0x1f, 0xff, 0xfa, 0x0, 0x0, 0x0, 0x0,
    0x1f, 0xff, 0xfa, 0x0, 0x0, 0x0, 0x0, 0x1f,
    0xff, 0xfa, 0x0, 0x0, 0x0, 0x0, 0x1f, 0xff,
    0xfa, 0x0, 0x0, 0x0, 0x0, 0x1f, 0xff, 0xfa,
    0x0, 0x0, 0x0, 0x0, 0x1f, 0xff, 0xfa, 0x0,
    0x0, 0x0, 0x0, 0x1f, 0xff, 0xfa, 0x0, 0x0,
    0x0, 0x0, 0x1f, 0xff, 0xfa, 0x0, 0x0, 0x0,
    0x0, 0x1f, 0xff, 0xfa, 0x0, 0x0, 0x0, 0x0,
    0x1f, 0xff, 0xfa, 0x0, 0x0, 0x0, 0x0, 0x1f,
    0xff, 0xfa, 0x0, 0x0, 0x0, 0x0, 0x1f, 0xff,
    0xfa, 0x0, 0x0, 0x0, 0x0, 0x1f, 0xff, 0xfa,
    0x0, 0x0, 0x0, 0x0,

    /* U+0067 "g" */
    0x0, 0x19, 0xef, 0xff, 0xff, 0xff, 0xff, 0xff,
    0xfe, 0xa2, 0x0, 0x2, 0xef, 0xff, 0xff, 0xff,
    0xff, 0xff, 0xff, 0xff, 0xff, 0x40, 0xd, 0xff,
    0xff, 0xff, 0xff, 0xff, 0xff, 0xff, 0xff, 0xff,
    0xe1, 0x4f, 0xff, 0xff, 0xff, 0xff, 0xff, 0xff,
    0xff, 0xff, 0xff, 0xf7, 0x7f, 0xff, 0xfd, 0xbb,
    0xbb, 0xbb, 0xbb, 0xbb, 0xcf, 0xff, 0xfa, 0x8f,
    0xff, 0xf3, 0x0, 0x0, 0x0, 0x0, 0x0, 0xf,
    0xff, 0xfb, 0x8f, 0xff, 0xf3, 0x0, 0x0, 0x0,
    0x0, 0x0, 0xf, 0xff, 0xfb, 0x8f, 0xff, 0xf3,
    0x0, 0x0, 0x0, 0x0, 0x0, 0xf, 0xff, 0xfb,
    0x8f, 0xff, 0xf3, 0x0, 0x0, 0x0, 0x0, 0x0,
    0xf, 0xff, 0xfb, 0x8f, 0xff, 0xf3, 0x0, 0x0,
    0x0, 0x0, 0x0, 0xf, 0xff, 0xfb, 0x8f, 0xff,
    0xf3, 0x0, 0x0, 0x0, 0x0, 0x0, 0xf, 0xff,
    0xfb, 0x8f, 0xff, 0xf3, 0x0, 0x0, 0x0, 0x0,
    0x0, 0xf, 0xff, 0xfb, 0x8f, 0xff, 0xf3, 0x0,
    0x0, 0x0, 0x0, 0x0, 0xf, 0xff, 0xfb, 0x8f,
    0xff, 0xf3, 0x0, 0x0, 0x0, 0x0, 0x0, 0xf,
    0xff, 0xfb, 0x8f, 0xff, 0xf3, 0x0, 0x0, 0x0,
    0x0, 0x0, 0xf, 0xff, 0xfb, 0x8f, 0xff, 0xf3,
    0x0, 0x0, 0x0, 0x0, 0x0, 0xf, 0xff, 0xfb,
    0x7f, 0xff, 0xfd, 0xcc, 0xcc, 0xcc, 0xcc, 0xcc,
    0xcf, 0xff, 0xfb, 0x4f, 0xff, 0xff, 0xff, 0xff,
    0xff, 0xff, 0xff, 0xff, 0xff, 0xfb, 0xd, 0xff,
    0xff, 0xff, 0xff, 0xff, 0xff, 0xff, 0xff, 0xff,
    0xfb, 0x2, 0xef, 0xff, 0xff, 0xff, 0xff, 0xff,
    0xff, 0xff, 0xff, 0xfb, 0x0, 0x19, 0xef, 0xff,
    0xff, 0xff, 0xff, 0xff, 0xff, 0xff, 0xfb, 0x0,
    0x0, 0x0, 0x0, 0x0, 0x0, 0x0, 0x0, 0xf,
    0xff, 0xfb, 0x0, 0x0, 0x0, 0x0, 0x0, 0x0,
    0x0, 0x0, 0xf, 0xff, 0xfb, 0x0, 0x0, 0x0,
    0x0, 0x0, 0x0, 0x0, 0x0, 0xf, 0xff, 0xfb,
    0x0, 0x0, 0xcc, 0xcc, 0xcc, 0xcc, 0xcc, 0xcc,
    0xdf, 0xff, 0xfa, 0x0, 0x0, 0xff, 0xff, 0xff,
    0xff, 0xff, 0xff, 0xff, 0xff, 0xf7, 0x0, 0x0,
    0xff, 0xff, 0xff, 0xff, 0xff, 0xff, 0xff, 0xff,
    0xf1, 0x0, 0x0, 0xff, 0xff, 0xff, 0xff, 0xff,
    0xff, 0xff, 0xff, 0x50, 0x0, 0x0, 0xff, 0xff,
    0xff, 0xff, 0xff, 0xff, 0xfe, 0xa2, 0x0,

    /* U+0068 "h" */
    0x1f, 0xff, 0xfa, 0x0, 0x0, 0x0, 0x0, 0x0,
    0x0, 0x0, 0x0, 0x1, 0xff, 0xff, 0xa0, 0x0,
    0x0, 0x0, 0x0, 0x0, 0x0, 0x0, 0x0, 0x1f,
    0xff, 0xfa, 0x0, 0x0, 0x0, 0x0, 0x0, 0x0,
    0x0, 0x0, 0x1, 0xff, 0xff, 0xa0, 0x0, 0x0,
    0x0, 0x0, 0x0, 0x0, 0x0, 0x0, 0x1f, 0xff,
    0xfa, 0x0, 0x0, 0x0, 0x0, 0x0, 0x0, 0x0,
    0x0, 0x1, 0xff, 0xff, 0xa0, 0x0, 0x0, 0x0,
    0x0, 0x0, 0x0, 0x0, 0x0, 0x1f, 0xff, 0xfa,
    0x0, 0x0, 0x0, 0x0, 0x0, 0x0, 0x0, 0x0,
    0x1, 0xff, 0xff, 0xff, 0xff, 0xff, 0xff, 0xff,
    0xff, 0xfc, 0x60, 0x0, 0x1f, 0xff, 0xff, 0xff,
    0xff, 0xff, 0xff, 0xff, 0xff, 0xff, 0xa0, 0x1,
    0xff, 0xff, 0xff, 0xff, 0xff, 0xff, 0xff, 0xff,
    0xff, 0xff, 0x70, 0x1f, 0xff, 0xff, 0xff, 0xff,
    0xff, 0xff, 0xff, 0xff, 0xff, 0xfe, 0x1, 0xff,
    0xff, 0xfb, 0xbb, 0xbb, 0xbb, 0xbb, 0xbb, 0xef,
    0xff, 0xf1, 0x1f, 0xff, 0xfa, 0x0, 0x0, 0x0,
    0x0, 0x0, 0x9, 0xff, 0xff, 0x21, 0xff, 0xff,
    0xa0, 0x0, 0x0, 0x0, 0x0, 0x0, 0x9f, 0xff,
    0xf2, 0x1f, 0xff, 0xfa, 0x0, 0x0, 0x0, 0x0,
    0x0, 0x9, 0xff, 0xff, 0x21, 0xff, 0xff, 0xa0,
    0x0, 0x0, 0x0, 0x0, 0x0, 0x9f, 0xff, 0xf2,
    0x1f, 0xff, 0xfa, 0x0, 0x0, 0x0, 0x0, 0x0,
    0x9, 0xff, 0xff, 0x21, 0xff, 0xff, 0xa0, 0x0,
    0x0, 0x0, 0x0, 0x0, 0x9f, 0xff, 0xf2, 0x1f,
    0xff, 0xfa, 0x0, 0x0, 0x0, 0x0, 0x0, 0x9,
    0xff, 0xff, 0x21, 0xff, 0xff, 0xa0, 0x0, 0x0,
    0x0, 0x0, 0x0, 0x9f, 0xff, 0xf2, 0x1f, 0xff,
    0xfa, 0x0, 0x0, 0x0, 0x0, 0x0, 0x9, 0xff,
    0xff, 0x21, 0xff, 0xff, 0xa0, 0x0, 0x0, 0x0,
    0x0, 0x0, 0x9f, 0xff, 0xf2, 0x1f, 0xff, 0xfa,
    0x0, 0x0, 0x0, 0x0, 0x0, 0x9, 0xff, 0xff,
    0x21, 0xff, 0xff, 0xa0, 0x0, 0x0, 0x0, 0x0,
    0x0, 0x9f, 0xff, 0xf2, 0x1f, 0xff, 0xfa, 0x0,
    0x0, 0x0, 0x0, 0x0, 0x9, 0xff, 0xff, 0x21,
    0xff, 0xff, 0xa0, 0x0, 0x0, 0x0, 0x0, 0x0,
    0x9f, 0xff, 0xf2, 0x1f, 0xff, 0xfa, 0x0, 0x0,
    0x0, 0x0, 0x0, 0x9, 0xff, 0xff, 0x21, 0xff,
    0xff, 0xa0, 0x0, 0x0, 0x0, 0x0, 0x0, 0x9f,
    0xff, 0xf2,

    /* U+0069 "i" */
    0x2f, 0xff, 0xf9, 0x2f, 0xff, 0xf9, 0x2f, 0xff,
    0xf9, 0x2f, 0xff, 0xf9, 0x1c, 0xcc, 0xc7, 0x0,
    0x0, 0x0, 0x0, 0x0, 0x0, 0x2f, 0xff, 0xf9,
    0x2f, 0xff, 0xf9, 0x2f, 0xff, 0xf9, 0x2f, 0xff,
    0xf9, 0x2f, 0xff, 0xf9, 0x2f, 0xff, 0xf9, 0x2f,
    0xff, 0xf9, 0x2f, 0xff, 0xf9, 0x2f, 0xff, 0xf9,
    0x2f, 0xff, 0xf9, 0x2f, 0xff, 0xf9, 0x2f, 0xff,
    0xf9, 0x2f, 0xff, 0xf9, 0x2f, 0xff, 0xf9, 0x2f,
    0xff, 0xf9, 0x2f, 0xff, 0xf9, 0x2f, 0xff, 0xf9,
    0x2f, 0xff, 0xf9, 0x2f, 0xff, 0xf9, 0x2f, 0xff,
    0xf9, 0x2f, 0xff, 0xf9,

    /* U+006A "j" */
    0x0, 0x0, 0x0, 0x0, 0x7, 0xff, 0xff, 0x30,
    0x0, 0x0, 0x0, 0x0, 0x7f, 0xff, 0xf3, 0x0,
    0x0, 0x0, 0x0, 0x7, 0xff, 0xff, 0x30, 0x0,
    0x0, 0x0, 0x0, 0x7f, 0xff, 0xf3, 0x0, 0x0,
    0x0, 0x0, 0x6, 0xcc, 0xcc, 0x20, 0x0, 0x0,
    0x0, 0x0, 0x0, 0x0, 0x0, 0x0, 0x0, 0x0,
    0x0, 0x0, 0x0, 0x0, 0x0, 0x0, 0x0, 0x0,
    0x0, 0x7f, 0xff, 0xf3, 0x0, 0x0, 0x0, 0x0,
    0x7, 0xff, 0xff, 0x30, 0x0, 0x0, 0x0, 0x0,
    0x7f, 0xff, 0xf3, 0x0, 0x0, 0x0, 0x0, 0x7,
    0xff, 0xff, 0x30, 0x0, 0x0, 0x0, 0x0, 0x7f,
    0xff, 0xf3, 0x0, 0x0, 0x0, 0x0, 0x7, 0xff,
    0xff, 0x30, 0x0, 0x0, 0x0, 0x0, 0x7f, 0xff,
    0xf3, 0x0, 0x0, 0x0, 0x0, 0x7, 0xff, 0xff,
    0x30, 0x0, 0x0, 0x0, 0x0, 0x7f, 0xff, 0xf3,
    0x0, 0x0, 0x0, 0x0, 0x7, 0xff, 0xff, 0x30,
    0x0, 0x0, 0x0, 0x0, 0x7f, 0xff, 0xf3, 0x0,
    0x0, 0x0, 0x0, 0x7, 0xff, 0xff, 0x30, 0x0,
    0x0, 0x0, 0x0, 0x7f, 0xff, 0xf3, 0x0, 0x0,
    0x0, 0x0, 0x7, 0xff, 0xff, 0x30, 0x0, 0x0,
    0x0, 0x0, 0x7f, 0xff, 0xf3, 0x0, 0x0, 0x0,
    0x0, 0x7, 0xff, 0xff, 0x30, 0x0, 0x0, 0x0,
    0x0, 0x7f, 0xff, 0xf3, 0x0, 0x0, 0x0, 0x0,
    0x7, 0xff, 0xff, 0x30, 0x0, 0x0, 0x0, 0x0,
    0x7f, 0xff, 0xf3, 0x0, 0x0, 0x0, 0x0, 0x7,
    0xff, 0xff, 0x30, 0x0, 0x0, 0x0, 0x0, 0x7f,
    0xff, 0xf3, 0x0, 0x0, 0x0, 0x0, 0x7, 0xff,
    0xff, 0x30, 0x0, 0x0, 0x0, 0x0, 0x7f, 0xff,
    0xf3, 0x0, 0x0, 0x0, 0x0, 0x7, 0xff, 0xff,
    0x39, 0xcc, 0xcc, 0xcc, 0xcc, 0xef, 0xff, 0xf3,
    0xbf, 0xff, 0xff, 0xff, 0xff, 0xff, 0xff, 0xb,
    0xff, 0xff, 0xff, 0xff, 0xff, 0xff, 0x80, 0xbf,
    0xff, 0xff, 0xff, 0xff, 0xff, 0xc0, 0xb, 0xff,
    0xff, 0xff, 0xff, 0xfd, 0x70, 0x0,

    /* U+006B "k" */
    0x1f, 0xff, 0xfa, 0x0, 0x0, 0x0, 0x0, 0x0,
    0x0, 0x0, 0x0, 0x1f, 0xff, 0xfa, 0x0, 0x0,
    0x0, 0x0, 0x0, 0x0, 0x0, 0x0, 0x1f, 0xff,
    0xfa, 0x0, 0x0, 0x0, 0x0, 0x0, 0x0, 0x0,
    0x0, 0x1f, 0xff, 0xfa, 0x0, 0x0, 0x0, 0x0,
    0x0, 0x0, 0x0, 0x0, 0x1f, 0xff, 0xfa, 0x0,
    0x0, 0x0, 0x0, 0x0, 0x0, 0x0, 0x0, 0x1f,
    0xff, 0xfa, 0x0, 0x0, 0x0, 0x0, 0x0, 0x0,
    0x0, 0x0, 0x1f, 0xff, 0xfa, 0x0, 0x0, 0x0,
    0x0, 0x0, 0x0, 0x0, 0x0, 0x1f, 0xff, 0xfa,
    0x0, 0x0, 0x0, 0x0, 0x0, 0xaf, 0xff, 0xfd,
    0x1f, 0xff, 0xfa, 0x0, 0x0, 0x0, 0x0, 0x9,
    0xff, 0xff, 0xfa, 0x1f, 0xff, 0xfa, 0x0, 0x0,
    0x0, 0x0, 0x8f, 0xff, 0xff, 0xb0, 0x1f, 0xff,
    0xfa, 0x0, 0x0, 0x0, 0x7, 0xff, 0xff, 0xfc,
    0x0, 0x1f, 0xff, 0xfa, 0x0, 0x0, 0x0, 0x6f,
    0xff, 0xff, 0xd1, 0x0, 0x1f, 0xff, 0xfa, 0x0,
    0x0, 0x5, 0xff, 0xff, 0xfe, 0x10, 0x0, 0x1f,
    0xff, 0xfa, 0x0, 0x0, 0x4f, 0xff, 0xff, 0xe2,
    0x0, 0x0, 0x1f, 0xff, 0xfa, 0x0, 0x3, 0xff,
    0xff, 0xff, 0x30, 0x0, 0x0, 0x1f, 0xff, 0xff,
    0xff, 0xff, 0xff, 0xff, 0xf4, 0x0, 0x0, 0x0,
    0x1f, 0xff, 0xff, 0xff, 0xff, 0xff, 0xff, 0x50,
    0x0, 0x0, 0x0, 0x1f, 0xff, 0xff, 0xff, 0xff,
    0xff, 0xfc, 0x0, 0x0, 0x0, 0x0, 0x1f, 0xff,
    0xff, 0xff, 0xff, 0xff, 0xff, 0x80, 0x0, 0x0,
    0x0, 0x1f, 0xff, 0xfe, 0xcc, 0xce, 0xff, 0xff,
    0xf6, 0x0, 0x0, 0x0, 0x1f, 0xff, 0xfa, 0x0,
    0x1, 0xef, 0xff, 0xff, 0x50, 0x0, 0x0, 0x1f,
    0xff, 0xfa, 0x0, 0x0, 0x2e, 0xff, 0xff, 0xf3,
    0x0, 0x0, 0x1f, 0xff, 0xfa, 0x0, 0x0, 0x3,
    0xff, 0xff, 0xff, 0x20, 0x0, 0x1f, 0xff, 0xfa,
    0x0, 0x0, 0x0, 0x4f, 0xff, 0xff, 0xe1, 0x0,
    0x1f, 0xff, 0xfa, 0x0, 0x0, 0x0, 0x5, 0xff,
    0xff, 0xfd, 0x10, 0x1f, 0xff, 0xfa, 0x0, 0x0,
    0x0, 0x0, 0x7f, 0xff, 0xff, 0xc0, 0x1f, 0xff,
    0xfa, 0x0, 0x0, 0x0, 0x0, 0x8, 0xff, 0xff,
    0xfa, 0x1f, 0xff, 0xfa, 0x0, 0x0, 0x0, 0x0,
    0x0, 0xaf, 0xff, 0xfd,

    /* U+006C "l" */
    0x2f, 0xff, 0xfa, 0x0, 0x0, 0x2, 0xff, 0xff,
    0xa0, 0x0, 0x0, 0x2f, 0xff, 0xfa, 0x0, 0x0,
    0x2, 0xff, 0xff, 0xa0, 0x0, 0x0, 0x2f, 0xff,
    0xfa, 0x0, 0x0, 0x2, 0xff, 0xff, 0xa0, 0x0,
    0x0, 0x2f, 0xff, 0xfa, 0x0, 0x0, 0x2, 0xff,
    0xff, 0xa0, 0x0, 0x0, 0x2f, 0xff, 0xfa, 0x0,
    0x0, 0x2, 0xff, 0xff, 0xa0, 0x0, 0x0, 0x2f,
    0xff, 0xfa, 0x0, 0x0, 0x2, 0xff, 0xff, 0xa0,
    0x0, 0x0, 0x2f, 0xff, 0xfa, 0x0, 0x0, 0x2,
    0xff, 0xff, 0xa0, 0x0, 0x0, 0x2f, 0xff, 0xfa,
    0x0, 0x0, 0x2, 0xff, 0xff, 0xa0, 0x0, 0x0,
    0x2f, 0xff, 0xfa, 0x0, 0x0, 0x2, 0xff, 0xff,
    0xa0, 0x0, 0x0, 0x2f, 0xff, 0xfa, 0x0, 0x0,
    0x2, 0xff, 0xff, 0xa0, 0x0, 0x0, 0x2f, 0xff,
    0xfa, 0x0, 0x0, 0x2, 0xff, 0xff, 0xa0, 0x0,
    0x0, 0x2f, 0xff, 0xfa, 0x0, 0x0, 0x1, 0xff,
    0xff, 0xfc, 0xcc, 0xc0, 0xe, 0xff, 0xff, 0xff,
    0xff, 0x0, 0x6f, 0xff, 0xff, 0xff, 0xf0, 0x0,
    0xaf, 0xff, 0xff, 0xff, 0x0, 0x0, 0x6c, 0xff,
    0xff, 0xf0,

    /* U+006D "m" */
    0x1f, 0xff, 0xff, 0xff, 0xff, 0xff, 0xff, 0xff,
    0xff, 0xff, 0xff, 0xff, 0xff, 0xff, 0xb3, 0x0,
    0x1f, 0xff, 0xff, 0xff, 0xff, 0xff, 0xff, 0xff,
    0xff, 0xff, 0xff, 0xff, 0xff, 0xff, 0xff, 0x50,
    0x1f, 0xff, 0xff, 0xff, 0xff, 0xff, 0xff, 0xff,
    0xff, 0xff, 0xff, 0xff, 0xff, 0xff, 0xff, 0xf2,
    0x1f, 0xff, 0xff, 0xff, 0xff, 0xff, 0xff, 0xff,
    0xff, 0xff, 0xff, 0xff, 0xff, 0xff, 0xff, 0xf9,
    0x1f, 0xff, 0xff, 0xbb, 0xbb, 0xbb, 0xbc, 0xff,
    0xff, 0xfb, 0xbb, 0xbb, 0xbb, 0xcf, 0xff, 0xfc,
    0x1f, 0xff, 0xfa, 0x0, 0x0, 0x0, 0x0, 0xff,
    0xff, 0xc0, 0x0, 0x0, 0x0, 0xe, 0xff, 0xfc,
    0x1f, 0xff, 0xfa, 0x0, 0x0, 0x0, 0x0, 0xff,
    0xff, 0xc0, 0x0, 0x0, 0x0, 0xe, 0xff, 0xfc,
    0x1f, 0xff, 0xfa, 0x0, 0x0, 0x0, 0x0, 0xff,
    0xff, 0xc0, 0x0, 0x0, 0x0, 0xe, 0xff, 0xfc,
    0x1f, 0xff, 0xfa, 0x0, 0x0, 0x0, 0x0, 0xff,
    0xff, 0xc0, 0x0, 0x0, 0x0, 0xe, 0xff, 0xfc,
    0x1f, 0xff, 0xfa, 0x0, 0x0, 0x0, 0x0, 0xff,
    0xff, 0xc0, 0x0, 0x0, 0x0, 0xe, 0xff, 0xfc,
    0x1f, 0xff, 0xfa, 0x0, 0x0, 0x0, 0x0, 0xff,
    0xff, 0xc0, 0x0, 0x0, 0x0, 0xe, 0xff, 0xfc,
    0x1f, 0xff, 0xfa, 0x0, 0x0, 0x0, 0x0, 0xff,
    0xff, 0xc0, 0x0, 0x0, 0x0, 0xe, 0xff, 0xfc,
    0x1f, 0xff, 0xfa, 0x0, 0x0, 0x0, 0x0, 0xff,
    0xff, 0xc0, 0x0, 0x0, 0x0, 0xe, 0xff, 0xfc,
    0x1f, 0xff, 0xfa, 0x0, 0x0, 0x0, 0x0, 0xff,
    0xff, 0xc0, 0x0, 0x0, 0x0, 0xe, 0xff, 0xfc,
    0x1f, 0xff, 0xfa, 0x0, 0x0, 0x0, 0x0, 0xff,
    0xff, 0xc0, 0x0, 0x0, 0x0, 0xe, 0xff, 0xfc,
    0x1f, 0xff, 0xfa, 0x0, 0x0, 0x0, 0x0, 0xff,
    0xff, 0xc0, 0x0, 0x0, 0x0, 0xe, 0xff, 0xfc,
    0x1f, 0xff, 0xfa, 0x0, 0x0, 0x0, 0x0, 0xff,
    0xff, 0xc0, 0x0, 0x0, 0x0, 0xe, 0xff, 0xfc,
    0x1f, 0xff, 0xfa, 0x0, 0x0, 0x0, 0x0, 0xff,
    0xff, 0xc0, 0x0, 0x0, 0x0, 0xe, 0xff, 0xfc,
    0x1f, 0xff, 0xfa, 0x0, 0x0, 0x0, 0x0, 0xff,
    0xff, 0xc0, 0x0, 0x0, 0x0, 0xe, 0xff, 0xfc,
    0x1f, 0xff, 0xfa, 0x0, 0x0, 0x0, 0x0, 0xff,
    0xff, 0xc0, 0x0, 0x0, 0x0, 0xe, 0xff, 0xfc,
    0x1f, 0xff, 0xfa, 0x0, 0x0, 0x0, 0x0, 0xff,
    0xff, 0xc0, 0x0, 0x0, 0x0, 0xe, 0xff, 0xfc,

    /* U+006E "n" */
    0x1f, 0xff, 0xff, 0xff, 0xff, 0xff, 0xff, 0xff,
    0xff, 0xc6, 0x0, 0x1, 0xff, 0xff, 0xff, 0xff,
    0xff, 0xff, 0xff, 0xff, 0xff, 0xfa, 0x0, 0x1f,
    0xff, 0xff, 0xff, 0xff, 0xff, 0xff, 0xff, 0xff,
    0xff, 0xf7, 0x1, 0xff, 0xff, 0xff, 0xff, 0xff,
    0xff, 0xff, 0xff, 0xff, 0xff, 0xe0, 0x1f, 0xff,
    0xff, 0xbb, 0xbb, 0xbb, 0xbb, 0xbb, 0xbe, 0xff,
    0xff, 0x11, 0xff, 0xff, 0xa0, 0x0, 0x0, 0x0,
    0x0, 0x0, 0x9f, 0xff, 0xf2, 0x1f, 0xff, 0xfa,
    0x0, 0x0, 0x0, 0x0, 0x0, 0x9, 0xff, 0xff,
    0x21, 0xff, 0xff, 0xa0, 0x0, 0x0, 0x0, 0x0,
    0x0, 0x9f, 0xff, 0xf2, 0x1f, 0xff, 0xfa, 0x0,
    0x0, 0x0, 0x0, 0x0, 0x9, 0xff, 0xff, 0x21,
    0xff, 0xff, 0xa0, 0x0, 0x0, 0x0, 0x0, 0x0,
    0x9f, 0xff, 0xf2, 0x1f, 0xff, 0xfa, 0x0, 0x0,
    0x0, 0x0, 0x0, 0x9, 0xff, 0xff, 0x21, 0xff,
    0xff, 0xa0, 0x0, 0x0, 0x0, 0x0, 0x0, 0x9f,
    0xff, 0xf2, 0x1f, 0xff, 0xfa, 0x0, 0x0, 0x0,
    0x0, 0x0, 0x9, 0xff, 0xff, 0x21, 0xff, 0xff,
    0xa0, 0x0, 0x0, 0x0, 0x0, 0x0, 0x9f, 0xff,
    0xf2, 0x1f, 0xff, 0xfa, 0x0, 0x0, 0x0, 0x0,
    0x0, 0x9, 0xff, 0xff, 0x21, 0xff, 0xff, 0xa0,
    0x0, 0x0, 0x0, 0x0, 0x0, 0x9f, 0xff, 0xf2,
    0x1f, 0xff, 0xfa, 0x0, 0x0, 0x0, 0x0, 0x0,
    0x9, 0xff, 0xff, 0x21, 0xff, 0xff, 0xa0, 0x0,
    0x0, 0x0, 0x0, 0x0, 0x9f, 0xff, 0xf2, 0x1f,
    0xff, 0xfa, 0x0, 0x0, 0x0, 0x0, 0x0, 0x9,
    0xff, 0xff, 0x21, 0xff, 0xff, 0xa0, 0x0, 0x0,
    0x0, 0x0, 0x0, 0x9f, 0xff, 0xf2, 0x1f, 0xff,
    0xfa, 0x0, 0x0, 0x0, 0x0, 0x0, 0x9, 0xff,
    0xff, 0x20,

    /* U+006F "o" */
    0x0, 0x6, 0xcf, 0xff, 0xff, 0xff, 0xff, 0xff,
    0xff, 0xc5, 0x0, 0x0, 0xa, 0xff, 0xff, 0xff,
    0xff, 0xff, 0xff, 0xff, 0xff, 0xf9, 0x0, 0x7,
    0xff, 0xff, 0xff, 0xff, 0xff, 0xff, 0xff, 0xff,
    0xff, 0xf5, 0x0, 0xef, 0xff, 0xff, 0xff, 0xff,
    0xff, 0xff, 0xff, 0xff, 0xff, 0xd0, 0x1f, 0xff,
    0xfe, 0xbb, 0xbb, 0xbb, 0xbb, 0xbb, 0xbf, 0xff,
    0xff, 0x2, 0xff, 0xff, 0x80, 0x0, 0x0, 0x0,
    0x0, 0x0, 0xaf, 0xff, 0xf0, 0x2f, 0xff, 0xf8,
    0x0, 0x0, 0x0, 0x0, 0x0, 0xa, 0xff, 0xff,
    0x2, 0xff, 0xff, 0x80, 0x0, 0x0, 0x0, 0x0,
    0x0, 0xaf, 0xff, 0xf0, 0x2f, 0xff, 0xf8, 0x0,
    0x0, 0x0, 0x0, 0x0, 0xa, 0xff, 0xff, 0x2,
    0xff, 0xff, 0x80, 0x0, 0x0, 0x0, 0x0, 0x0,
    0xaf, 0xff, 0xf0, 0x2f, 0xff, 0xf8, 0x0, 0x0,
    0x0, 0x0, 0x0, 0xa, 0xff, 0xff, 0x2, 0xff,
    0xff, 0x80, 0x0, 0x0, 0x0, 0x0, 0x0, 0xaf,
    0xff, 0xf0, 0x2f, 0xff, 0xf8, 0x0, 0x0, 0x0,
    0x0, 0x0, 0xa, 0xff, 0xff, 0x2, 0xff, 0xff,
    0x80, 0x0, 0x0, 0x0, 0x0, 0x0, 0xaf, 0xff,
    0xf0, 0x2f, 0xff, 0xf8, 0x0, 0x0, 0x0, 0x0,
    0x0, 0xa, 0xff, 0xff, 0x2, 0xff, 0xff, 0x80,
    0x0, 0x0, 0x0, 0x0, 0x0, 0xaf, 0xff, 0xf0,
    0x1f, 0xff, 0xfe, 0xcc, 0xcc, 0xcc, 0xcc, 0xcc,
    0xcf, 0xff, 0xff, 0x0, 0xef, 0xff, 0xff, 0xff,
    0xff, 0xff, 0xff, 0xff, 0xff, 0xff, 0xd0, 0x7,
    0xff, 0xff, 0xff, 0xff, 0xff, 0xff, 0xff, 0xff,
    0xff, 0xf5, 0x0, 0xa, 0xff, 0xff, 0xff, 0xff,
    0xff, 0xff, 0xff, 0xff, 0xf9, 0x0, 0x0, 0x6,
    0xdf, 0xff, 0xff, 0xff, 0xff, 0xff, 0xff, 0xc5,
    0x0, 0x0,

    /* U+0070 "p" */
    0x1f, 0xff, 0xff, 0xff, 0xff, 0xff, 0xff, 0xff,
    0xff, 0xc6, 0x0, 0x1, 0xff, 0xff, 0xff, 0xff,
    0xff, 0xff, 0xff, 0xff, 0xff, 0xfa, 0x0, 0x1f,
    0xff, 0xff, 0xff, 0xff, 0xff, 0xff, 0xff, 0xff,
    0xff, 0xf7, 0x1, 0xff, 0xff, 0xff, 0xff, 0xff,
    0xff, 0xff, 0xff, 0xff, 0xff, 0xe0, 0x1f, 0xff,
    0xff, 0xbb, 0xbb, 0xbb, 0xbb, 0xbb, 0xbe, 0xff,
    0xff, 0x11, 0xff, 0xff, 0xa0, 0x0, 0x0, 0x0,
    0x0, 0x0, 0x9f, 0xff, 0xf2, 0x1f, 0xff, 0xfa,
    0x0, 0x0, 0x0, 0x0, 0x0, 0x9, 0xff, 0xff,
    0x21, 0xff, 0xff, 0xa0, 0x0, 0x0, 0x0, 0x0,
    0x0, 0x9f, 0xff, 0xf2, 0x1f, 0xff, 0xfa, 0x0,
    0x0, 0x0, 0x0, 0x0, 0x9, 0xff, 0xff, 0x21,
    0xff, 0xff, 0xa0, 0x0, 0x0, 0x0, 0x0, 0x0,
    0x9f, 0xff, 0xf2, 0x1f, 0xff, 0xfa, 0x0, 0x0,
    0x0, 0x0, 0x0, 0x9, 0xff, 0xff, 0x21, 0xff,
    0xff, 0xa0, 0x0, 0x0, 0x0, 0x0, 0x0, 0x9f,
    0xff, 0xf2, 0x1f, 0xff, 0xfa, 0x0, 0x0, 0x0,
    0x0, 0x0, 0x9, 0xff, 0xff, 0x21, 0xff, 0xff,
    0xa0, 0x0, 0x0, 0x0, 0x0, 0x0, 0x9f, 0xff,
    0xf2, 0x1f, 0xff, 0xfa, 0x0, 0x0, 0x0, 0x0,
    0x0, 0x9, 0xff, 0xff, 0x21, 0xff, 0xff, 0xa0,
    0x0, 0x0, 0x0, 0x0, 0x0, 0x9f, 0xff, 0xf2,
    0x1f, 0xff, 0xff, 0xcc, 0xcc, 0xcc, 0xcc, 0xcc,
    0xce, 0xff, 0xff, 0x11, 0xff, 0xff, 0xff, 0xff,
    0xff, 0xff, 0xff, 0xff, 0xff, 0xff, 0xe0, 0x1f,
    0xff, 0xff, 0xff, 0xff, 0xff, 0xff, 0xff, 0xff,
    0xff, 0xf7, 0x1, 0xff, 0xff, 0xff, 0xff, 0xff,
    0xff, 0xff, 0xff, 0xff, 0xfa, 0x0, 0x1f, 0xff,
    0xff, 0xff, 0xff, 0xff, 0xff, 0xff, 0xff, 0xc6,
    0x0, 0x1, 0xff, 0xff, 0xa0, 0x0, 0x0, 0x0,
    0x0, 0x0, 0x0, 0x0, 0x0, 0x1f, 0xff, 0xfa,
    0x0, 0x0, 0x0, 0x0, 0x0, 0x0, 0x0, 0x0,
    0x1, 0xff, 0xff, 0xa0, 0x0, 0x0, 0x0, 0x0,
    0x0, 0x0, 0x0, 0x0, 0x1f, 0xff, 0xfa, 0x0,
    0x0, 0x0, 0x0, 0x0, 0x0, 0x0, 0x0, 0x1,
    0xff, 0xff, 0xa0, 0x0, 0x0, 0x0, 0x0, 0x0,
    0x0, 0x0, 0x0, 0x1f, 0xff, 0xfa, 0x0, 0x0,
    0x0, 0x0, 0x0, 0x0, 0x0, 0x0, 0x1, 0xff,
    0xff, 0xa0, 0x0, 0x0, 0x0, 0x0, 0x0, 0x0,
    0x0, 0x0, 0x1f, 0xff, 0xfa, 0x0, 0x0, 0x0,
    0x0, 0x0, 0x0, 0x0, 0x0, 0x0,

    /* U+0071 "q" */
    0x0, 0x7, 0xdf, 0xff, 0xff, 0xff, 0xff, 0xff,
    0xff, 0xff, 0xff, 0x0, 0xcf, 0xff, 0xff, 0xff,
    0xff, 0xff, 0xff, 0xff, 0xff, 0xff, 0x9, 0xff,
    0xff, 0xff, 0xff, 0xff, 0xff, 0xff, 0xff, 0xff,
    0xff, 0x1f, 0xff, 0xff, 0xff, 0xff, 0xff, 0xff,
    0xff, 0xff, 0xff, 0xff, 0x3f, 0xff, 0xfe, 0xbb,
    0xbb, 0xbb, 0xbb, 0xbb, 0xbf, 0xff, 0xff, 0x4f,
    0xff, 0xf7, 0x0, 0x0, 0x0, 0x0, 0x0, 0xc,
    0xff, 0xff, 0x4f, 0xff, 0xf7, 0x0, 0x0, 0x0,
    0x0, 0x0, 0xc, 0xff, 0xff, 0x4f, 0xff, 0xf7,
    0x0, 0x0, 0x0, 0x0, 0x0, 0xc, 0xff, 0xff,
    0x4f, 0xff, 0xf7, 0x0, 0x0, 0x0, 0x0, 0x0,
    0xc, 0xff, 0xff, 0x4f, 0xff, 0xf7, 0x0, 0x0,
    0x0, 0x0, 0x0, 0xc, 0xff, 0xff, 0x4f, 0xff,
    0xf7, 0x0, 0x0, 0x0, 0x0, 0x0, 0xc, 0xff,
    0xff, 0x4f, 0xff, 0xf7, 0x0, 0x0, 0x0, 0x0,
    0x0, 0xc, 0xff, 0xff, 0x4f, 0xff, 0xf7, 0x0,
    0x0, 0x0, 0x0, 0x0, 0xc, 0xff, 0xff, 0x4f,
    0xff, 0xf7, 0x0, 0x0, 0x0, 0x0, 0x0, 0xc,
    0xff, 0xff, 0x4f, 0xff, 0xf7, 0x0, 0x0, 0x0,
    0x0, 0x0, 0xc, 0xff, 0xff, 0x4f, 0xff, 0xf7,
    0x0, 0x0, 0x0, 0x0, 0x0, 0xc, 0xff, 0xff,
    0x3f, 0xff, 0xfe, 0xcc, 0xcc, 0xcc, 0xcc, 0xcc,
    0xcf, 0xff, 0xff, 0x1f, 0xff, 0xff, 0xff, 0xff,
    0xff, 0xff, 0xff, 0xff, 0xff, 0xff, 0x9, 0xff,
    0xff, 0xff, 0xff, 0xff, 0xff, 0xff, 0xff, 0xff,
    0xff, 0x0, 0xcf, 0xff, 0xff, 0xff, 0xff, 0xff,
    0xff, 0xff, 0xff, 0xff, 0x0, 0x7, 0xdf, 0xff,
    0xff, 0xff, 0xff, 0xff, 0xff, 0xff, 0xff, 0x0,
    0x0, 0x0, 0x0, 0x0, 0x0, 0x0, 0x0, 0xc,
    0xff, 0xff, 0x0, 0x0, 0x0, 0x0, 0x0, 0x0,
    0x0, 0x0, 0xc, 0xff, 0xff, 0x0, 0x0, 0x0,
    0x0, 0x0, 0x0, 0x0, 0x0, 0xc, 0xff, 0xff,
    0x0, 0x0, 0x0, 0x0, 0x0, 0x0, 0x0, 0x0,
    0xc, 0xff, 0xff, 0x0, 0x0, 0x0, 0x0, 0x0,
    0x0, 0x0, 0x0, 0xc, 0xff, 0xff, 0x0, 0x0,
    0x0, 0x0, 0x0, 0x0, 0x0, 0x0, 0xc, 0xff,
    0xff, 0x0, 0x0, 0x0, 0x0, 0x0, 0x0, 0x0,
    0x0, 0xc, 0xff, 0xff, 0x0, 0x0, 0x0, 0x0,
    0x0, 0x0, 0x0, 0x0, 0xc, 0xff, 0xff,

    /* U+0072 "r" */
    0x0, 0x5, 0xcf, 0xff, 0xff, 0xff, 0xff, 0xff,
    0xf7, 0x0, 0xaf, 0xff, 0xff, 0xff, 0xff, 0xff,
    0xff, 0xf7, 0x6, 0xff, 0xff, 0xff, 0xff, 0xff,
    0xff, 0xff, 0xf7, 0xe, 0xff, 0xff, 0xff, 0xff,
    0xff, 0xff, 0xff, 0xf7, 0x1f, 0xff, 0xfe, 0xbb,
    0xbb, 0xbb, 0xbb, 0xbb, 0xb5, 0x2f, 0xff, 0xf9,
    0x0, 0x0, 0x0, 0x0, 0x0, 0x0, 0x2f, 0xff,
    0xf9, 0x0, 0x0, 0x0, 0x0, 0x0, 0x0, 0x2f,
    0xff, 0xf9, 0x0, 0x0, 0x0, 0x0, 0x0, 0x0,
    0x2f, 0xff, 0xf9, 0x0, 0x0, 0x0, 0x0, 0x0,
    0x0, 0x2f, 0xff, 0xf9, 0x0, 0x0, 0x0, 0x0,
    0x0, 0x0, 0x2f, 0xff, 0xf9, 0x0, 0x0, 0x0,
    0x0, 0x0, 0x0, 0x2f, 0xff, 0xf9, 0x0, 0x0,
    0x0, 0x0, 0x0, 0x0, 0x2f, 0xff, 0xf9, 0x0,
    0x0, 0x0, 0x0, 0x0, 0x0, 0x2f, 0xff, 0xf9,
    0x0, 0x0, 0x0, 0x0, 0x0, 0x0, 0x2f, 0xff,
    0xf9, 0x0, 0x0, 0x0, 0x0, 0x0, 0x0, 0x2f,
    0xff, 0xf9, 0x0, 0x0, 0x0, 0x0, 0x0, 0x0,
    0x2f, 0xff, 0xf9, 0x0, 0x0, 0x0, 0x0, 0x0,
    0x0, 0x2f, 0xff, 0xf9, 0x0, 0x0, 0x0, 0x0,
    0x0, 0x0, 0x2f, 0xff, 0xf9, 0x0, 0x0, 0x0,
    0x0, 0x0, 0x0, 0x2f, 0xff, 0xf9, 0x0, 0x0,
    0x0, 0x0, 0x0, 0x0, 0x2f, 0xff, 0xf9, 0x0,
    0x0, 0x0, 0x0, 0x0, 0x0,

    /* U+0073 "s" */
    0x0, 0x7, 0xdf, 0xff, 0xff, 0xff, 0xff, 0xff,
    0xff, 0xc4, 0x0, 0x0, 0xcf, 0xff, 0xff, 0xff,
    0xff, 0xff, 0xff, 0xff, 0xff, 0x70, 0x9, 0xff,
    0xff, 0xff, 0xff, 0xff, 0xff, 0xff, 0xff, 0xff,
    0xf4, 0xf, 0xff, 0xff, 0xff, 0xff, 0xff, 0xff,
    0xff, 0xff, 0xff, 0xfb, 0x3f, 0xff, 0xfe, 0xbb,
    0xbb, 0xbb, 0xbb, 0xbb, 0xbf, 0xff, 0xfe, 0x4f,
    0xff, 0xf7, 0x0, 0x0, 0x0, 0x0, 0x0, 0xa,
    0xcc, 0xcc, 0x4f, 0xff, 0xf7, 0x0, 0x0, 0x0,
    0x0, 0x0, 0x0, 0x0, 0x0, 0x4f, 0xff, 0xf7,
    0x0, 0x0, 0x0, 0x0, 0x0, 0x0, 0x0, 0x0,
    0x3f, 0xff, 0xff, 0xff, 0xff, 0xff, 0xff, 0xff,
    0xff, 0xb4, 0x0, 0xe, 0xff, 0xff, 0xff, 0xff,
    0xff, 0xff, 0xff, 0xff, 0xff, 0x70, 0x7, 0xff,
    0xff, 0xff, 0xff, 0xff, 0xff, 0xff, 0xff, 0xff,
    0xf3, 0x0, 0x9f, 0xff, 0xff, 0xff, 0xff, 0xff,
    0xff, 0xff, 0xff, 0xfb, 0x0, 0x3, 0x9c, 0xcc,
    0xcc, 0xcc, 0xcc, 0xcc, 0xcf, 0xff, 0xfe, 0x0,
    0x0, 0x0, 0x0, 0x0, 0x0, 0x0, 0x0, 0xc,
    0xff, 0xff, 0x0, 0x0, 0x0, 0x0, 0x0, 0x0,
    0x0, 0x0, 0xc, 0xff, 0xff, 0x3c, 0xcc, 0xc5,
    0x0, 0x0, 0x0, 0x0, 0x0, 0xc, 0xff, 0xff,
    0x3f, 0xff, 0xfe, 0xcc, 0xcc, 0xcc, 0xcc, 0xcc,
    0xcf, 0xff, 0xfe, 0xf, 0xff, 0xff, 0xff, 0xff,
    0xff, 0xff, 0xff, 0xff, 0xff, 0xfb, 0x9, 0xff,
    0xff, 0xff, 0xff, 0xff, 0xff, 0xff, 0xff, 0xff,
    0xf3, 0x0, 0xbf, 0xff, 0xff, 0xff, 0xff, 0xff,
    0xff, 0xff, 0xff, 0x70, 0x0, 0x7, 0xdf, 0xff,
    0xff, 0xff, 0xff, 0xff, 0xff, 0xb4, 0x0,

    /* U+0074 "t" */
    0x1f, 0xff, 0xfa, 0x0, 0x0, 0x0, 0x0, 0x1f,
    0xff, 0xfa, 0x0, 0x0, 0x0, 0x0, 0x1f, 0xff,
    0xfa, 0x0, 0x0, 0x0, 0x0, 0x1f, 0xff, 0xfa,
    0x0, 0x0, 0x0, 0x0, 0x1f, 0xff, 0xfa, 0x0,
    0x0, 0x0, 0x0, 0x1f, 0xff, 0xfa, 0x0, 0x0,
    0x0, 0x0, 0x1f, 0xff, 0xfa, 0x0, 0x0, 0x0,
    0x0, 0x1f, 0xff, 0xff, 0xff, 0xff, 0xff, 0xfc,
    0x1f, 0xff, 0xff, 0xff, 0xff, 0xff, 0xfc, 0x1f,
    0xff, 0xff, 0xff, 0xff, 0xff, 0xfc, 0x1f, 0xff,
    0xff, 0xff, 0xff, 0xff, 0xfc, 0x1f, 0xff, 0xfe,
    0xbb, 0xbb, 0xbb, 0xb9, 0x1f, 0xff, 0xfa, 0x0,
    0x0, 0x0, 0x0, 0x1f, 0xff, 0xfa, 0x0, 0x0,
    0x0, 0x0, 0x1f, 0xff, 0xfa, 0x0, 0x0, 0x0,
    0x0, 0x1f, 0xff, 0xfa, 0x0, 0x0, 0x0, 0x0,
    0x1f, 0xff, 0xfa, 0x0, 0x0, 0x0, 0x0, 0x1f,
    0xff, 0xfa, 0x0, 0x0, 0x0, 0x0, 0x1f, 0xff,
    0xfa, 0x0, 0x0, 0x0, 0x0, 0x1f, 0xff, 0xfa,
    0x0, 0x0, 0x0, 0x0, 0x1f, 0xff, 0xfa, 0x0,
    0x0, 0x0, 0x0, 0x1f, 0xff, 0xfa, 0x0, 0x0,
    0x0, 0x0, 0x1f, 0xff, 0xfa, 0x0, 0x0, 0x0,
    0x0, 0xf, 0xff, 0xff, 0xcc, 0xcc, 0xcc, 0xc9,
    0xd, 0xff, 0xff, 0xff, 0xff, 0xff, 0xfc, 0x5,
    0xff, 0xff, 0xff, 0xff, 0xff, 0xfc, 0x0, 0x9f,
    0xff, 0xff, 0xff, 0xff, 0xfc, 0x0, 0x5, 0xcf,
    0xff, 0xff, 0xff, 0xfc,

    /* U+0075 "u" */
    0x1f, 0xff, 0xfa, 0x0, 0x0, 0x0, 0x0, 0x0,
    0x9, 0xff, 0xff, 0x11, 0xff, 0xff, 0xa0, 0x0,
    0x0, 0x0, 0x0, 0x0, 0x9f, 0xff, 0xf1, 0x1f,
    0xff, 0xfa, 0x0, 0x0, 0x0, 0x0, 0x0, 0x9,
    0xff, 0xff, 0x11, 0xff, 0xff, 0xa0, 0x0, 0x0,
    0x0, 0x0, 0x0, 0x9f, 0xff, 0xf1, 0x1f, 0xff,
    0xfa, 0x0, 0x0, 0x0, 0x0, 0x0, 0x9, 0xff,
    0xff, 0x11, 0xff, 0xff, 0xa0, 0x0, 0x0, 0x0,
    0x0, 0x0, 0x9f, 0xff, 0xf1, 0x1f, 0xff, 0xfa,
    0x0, 0x0, 0x0, 0x0, 0x0, 0x9, 0xff, 0xff,
    0x11, 0xff, 0xff, 0xa0, 0x0, 0x0, 0x0, 0x0,
    0x0, 0x9f, 0xff, 0xf1, 0x1f, 0xff, 0xfa, 0x0,
    0x0, 0x0, 0x0, 0x0, 0x9, 0xff, 0xff, 0x11,
    0xff, 0xff, 0xa0, 0x0, 0x0, 0x0, 0x0, 0x0,
    0x9f, 0xff, 0xf1, 0x1f, 0xff, 0xfa, 0x0, 0x0,
    0x0, 0x0, 0x0, 0x9, 0xff, 0xff, 0x11, 0xff,
    0xff, 0xa0, 0x0, 0x0, 0x0, 0x0, 0x0, 0x9f,
    0xff, 0xf1, 0x1f, 0xff, 0xfa, 0x0, 0x0, 0x0,
    0x0, 0x0, 0x9, 0xff, 0xff, 0x11, 0xff, 0xff,
    0xa0, 0x0, 0x0, 0x0, 0x0, 0x0, 0x9f, 0xff,
    0xf1, 0x1f, 0xff, 0xfa, 0x0, 0x0, 0x0, 0x0,
    0x0, 0x9, 0xff, 0xff, 0x11, 0xff, 0xff, 0xa0,
    0x0, 0x0, 0x0, 0x0, 0x0, 0x9f, 0xff, 0xf1,
    0xf, 0xff, 0xff, 0xcc, 0xcc, 0xcc, 0xcc, 0xcc,
    0xcf, 0xff, 0xff, 0x10, 0xdf, 0xff, 0xff, 0xff,
    0xff, 0xff, 0xff, 0xff, 0xff, 0xff, 0xe0, 0x6,
    0xff, 0xff, 0xff, 0xff, 0xff, 0xff, 0xff, 0xff,
    0xff, 0xf6, 0x0, 0x9, 0xff, 0xff, 0xff, 0xff,
    0xff, 0xff, 0xff, 0xff, 0xfa, 0x0, 0x0, 0x5,
    0xcf, 0xff, 0xff, 0xff, 0xff, 0xff, 0xff, 0xc6,
    0x0, 0x0,

    /* U+0076 "v" */
    0xe, 0xff, 0xff, 0x70, 0x0, 0x0, 0x0, 0x0,
    0x0, 0x0, 0x0, 0xaf, 0xff, 0xfc, 0x0, 0x6f,
    0xff, 0xfe, 0x10, 0x0, 0x0, 0x0, 0x0, 0x0,
    0x0, 0x2f, 0xff, 0xff, 0x40, 0x0, 0xdf, 0xff,
    0xf8, 0x0, 0x0, 0x0, 0x0, 0x0, 0x0, 0xb,
    0xff, 0xff, 0xb0, 0x0, 0x5, 0xff, 0xff, 0xf1,
    0x0, 0x0, 0x0, 0x0, 0x0, 0x3, 0xff, 0xff,
    0xf2, 0x0, 0x0, 0xc, 0xff, 0xff, 0x90, 0x0,
    0x0, 0x0, 0x0, 0x0, 0xcf, 0xff, 0xf9, 0x0,
    0x0, 0x0, 0x3f, 0xff, 0xff, 0x20, 0x0, 0x0,
    0x0, 0x0, 0x5f, 0xff, 0xff, 0x10, 0x0, 0x0,
    0x0, 0xbf, 0xff, 0xfb, 0x0, 0x0, 0x0, 0x0,
    0xd, 0xff, 0xff, 0x80, 0x0, 0x0, 0x0, 0x2,
    0xff, 0xff, 0xf3, 0x0, 0x0, 0x0, 0x6, 0xff,
    0xff, 0xe0, 0x0, 0x0, 0x0, 0x0, 0x9, 0xff,
    0xff, 0xc0, 0x0, 0x0, 0x0, 0xef, 0xff, 0xf6,
    0x0, 0x0, 0x0, 0x0, 0x0, 0x1f, 0xff, 0xff,
    0x50, 0x0, 0x0, 0x7f, 0xff, 0xfd, 0x0, 0x0,
    0x0, 0x0, 0x0, 0x0, 0x8f, 0xff, 0xfd, 0x0,
    0x0, 0x1f, 0xff, 0xff, 0x50, 0x0, 0x0, 0x0,
    0x0, 0x0, 0x0, 0xef, 0xff, 0xf6, 0x0, 0x8,
    0xff, 0xff, 0xc0, 0x0, 0x0, 0x0, 0x0, 0x0,
    0x0, 0x6, 0xff, 0xff, 0xe0, 0x1, 0xff, 0xff,
    0xf3, 0x0, 0x0, 0x0, 0x0, 0x0, 0x0, 0x0,
    0xd, 0xff, 0xff, 0x70, 0xaf, 0xff, 0xfa, 0x0,
    0x0, 0x0, 0x0, 0x0, 0x0, 0x0, 0x0, 0x5f,
    0xff, 0xff, 0x4f, 0xff, 0xff, 0x20, 0x0, 0x0,
    0x0, 0x0, 0x0, 0x0, 0x0, 0x0, 0xcf, 0xff,
    0xff, 0xff, 0xff, 0x90, 0x0, 0x0, 0x0, 0x0,
    0x0, 0x0, 0x0, 0x0, 0x3, 0xff, 0xff, 0xff,
    0xff, 0xf1, 0x0, 0x0, 0x0, 0x0, 0x0, 0x0,
    0x0, 0x0, 0x0, 0xa, 0xff, 0xff, 0xff, 0xf7,
    0x0, 0x0, 0x0, 0x0, 0x0, 0x0, 0x0, 0x0,
    0x0, 0x0, 0x2f, 0xff, 0xff, 0xfe, 0x0, 0x0,
    0x0, 0x0, 0x0, 0x0, 0x0, 0x0, 0x0, 0x0,
    0x0, 0x9f, 0xff, 0xff, 0x60, 0x0, 0x0, 0x0,
    0x0, 0x0, 0x0, 0x0, 0x0, 0x0, 0x0, 0x1,
    0xff, 0xff, 0xd0, 0x0, 0x0, 0x0, 0x0, 0x0,
    0x0,

    /* U+0077 "w" */
    0x8f, 0xff, 0xf7, 0x0, 0x0, 0x0, 0x0, 0x8,
    0xff, 0xff, 0xc0, 0x0, 0x0, 0x0, 0x0, 0x3f,
    0xff, 0xfc, 0x2f, 0xff, 0xfd, 0x0, 0x0, 0x0,
    0x0, 0xe, 0xff, 0xff, 0xf3, 0x0, 0x0, 0x0,
    0x0, 0x9f, 0xff, 0xf6, 0xc, 0xff, 0xff, 0x40,
    0x0, 0x0, 0x0, 0x6f, 0xff, 0xff, 0xfb, 0x0,
    0x0, 0x0, 0x0, 0xff, 0xff, 0xf1, 0x5, 0xff,
    0xff, 0xb0, 0x0, 0x0, 0x0, 0xdf, 0xff, 0xff,
    0xff, 0x20, 0x0, 0x0, 0x5, 0xff, 0xff, 0xa0,
    0x0, 0xff, 0xff, 0xf1, 0x0, 0x0, 0x4, 0xff,
    0xff, 0xff, 0xff, 0x90, 0x0, 0x0, 0xb, 0xff,
    0xff, 0x40, 0x0, 0x9f, 0xff, 0xf8, 0x0, 0x0,
    0xb, 0xff, 0xff, 0xff, 0xff, 0xf1, 0x0, 0x0,
    0x1f, 0xff, 0xfe, 0x0, 0x0, 0x3f, 0xff, 0xfe,
    0x0, 0x0, 0x2f, 0xff, 0xff, 0xff, 0xff, 0xf8,
    0x0, 0x0, 0x8f, 0xff, 0xf8, 0x0, 0x0, 0xc,
    0xff, 0xff, 0x50, 0x0, 0x8f, 0xff, 0xfe, 0xaf,
    0xff, 0xff, 0x0, 0x0, 0xdf, 0xff, 0xf2, 0x0,
    0x0, 0x6, 0xff, 0xff, 0xc0, 0x0, 0xff, 0xff,
    0xf8, 0x2f, 0xff, 0xff, 0x70, 0x4, 0xff, 0xff,
    0xc0, 0x0, 0x0, 0x1, 0xff, 0xff, 0xf2, 0x6,
    0xff, 0xff, 0xf1, 0xb, 0xff, 0xff, 0xe0, 0xa,
    0xff, 0xff, 0x60, 0x0, 0x0, 0x0, 0xaf, 0xff,
    0xf9, 0xd, 0xff, 0xff, 0xa0, 0x4, 0xff, 0xff,
    0xf5, 0xf, 0xff, 0xff, 0x10, 0x0, 0x0, 0x0,
    0x3f, 0xff, 0xff, 0x5f, 0xff, 0xff, 0x30, 0x0,
    0xdf, 0xff, 0xfd, 0x6f, 0xff, 0xfa, 0x0, 0x0,
    0x0, 0x0, 0xd, 0xff, 0xff, 0xff, 0xff, 0xfc,
    0x0, 0x0, 0x5f, 0xff, 0xff, 0xef, 0xff, 0xf4,
    0x0, 0x0, 0x0, 0x0, 0x7, 0xff, 0xff, 0xff,
    0xff, 0xf5, 0x0, 0x0, 0xe, 0xff, 0xff, 0xff,
    0xff, 0xe0, 0x0, 0x0, 0x0, 0x0, 0x1, 0xff,
    0xff, 0xff, 0xff, 0xe0, 0x0, 0x0, 0x7, 0xff,
    0xff, 0xff, 0xff, 0x80, 0x0, 0x0, 0x0, 0x0,
    0x0, 0xaf, 0xff, 0xff, 0xff, 0x80, 0x0, 0x0,
    0x1, 0xff, 0xff, 0xff, 0xff, 0x20, 0x0, 0x0,
    0x0, 0x0, 0x0, 0x4f, 0xff, 0xff, 0xff, 0x10,
    0x0, 0x0, 0x0, 0x9f, 0xff, 0xff, 0xfd, 0x0,
    0x0, 0x0, 0x0, 0x0, 0x0, 0xe, 0xff, 0xff,
    0xfa, 0x0, 0x0, 0x0, 0x0, 0x2f, 0xff, 0xff,
    0xf6, 0x0, 0x0, 0x0, 0x0, 0x0, 0x0, 0x8,
    0xff, 0xff, 0xf3, 0x0, 0x0, 0x0, 0x0, 0xa,
    0xff, 0xff, 0xf1, 0x0, 0x0, 0x0, 0x0, 0x0,
    0x0, 0x2, 0xff, 0xff, 0xc0, 0x0, 0x0, 0x0,
    0x0, 0x3, 0xff, 0xff, 0xb0, 0x0, 0x0, 0x0,
    0x0, 0x0, 0x0, 0x0, 0xbf, 0xff, 0x50, 0x0,
    0x0, 0x0, 0x0, 0x0, 0xcf, 0xff, 0x50, 0x0,
    0x0, 0x0,

    /* U+0078 "x" */
    0x5f, 0xff, 0xff, 0x30, 0x0, 0x0, 0x0, 0x0,
    0x6f, 0xff, 0xff, 0x12, 0xff, 0xff, 0xfe, 0x10,
    0x0, 0x0, 0x0, 0x4f, 0xff, 0xff, 0xd0, 0x4,
    0xff, 0xff, 0xfd, 0x0, 0x0, 0x0, 0x2f, 0xff,
    0xff, 0xe2, 0x0, 0x7, 0xff, 0xff, 0xfb, 0x0,
    0x0, 0x1d, 0xff, 0xff, 0xf3, 0x0, 0x0, 0x9,
    0xff, 0xff, 0xf9, 0x0, 0xc, 0xff, 0xff, 0xf5,
    0x0, 0x0, 0x0, 0xb, 0xff, 0xff, 0xf6, 0xa,
    0xff, 0xff, 0xf8, 0x0, 0x0, 0x0, 0x0, 0x1d,
    0xff, 0xff, 0xfa, 0xff, 0xff, 0xfa, 0x0, 0x0,
    0x0, 0x0, 0x0, 0x2e, 0xff, 0xff, 0xff, 0xff,
    0xfc, 0x0, 0x0, 0x0, 0x0, 0x0, 0x0, 0x3f,
    0xff, 0xff, 0xff, 0xfe, 0x10, 0x0, 0x0, 0x0,
    0x0, 0x0, 0x0, 0x5f, 0xff, 0xff, 0xff, 0x20,
    0x0, 0x0, 0x0, 0x0, 0x0, 0x0, 0x0, 0xdf,
    0xff, 0xff, 0xa0, 0x0, 0x0, 0x0, 0x0, 0x0,
    0x0, 0x0, 0xaf, 0xff, 0xff, 0xff, 0x60, 0x0,
    0x0, 0x0, 0x0, 0x0, 0x0, 0x7f, 0xff, 0xff,
    0xff, 0xff, 0x30, 0x0, 0x0, 0x0, 0x0, 0x0,
    0x4f, 0xff, 0xff, 0xff, 0xff, 0xfe, 0x10, 0x0,
    0x0, 0x0, 0x0, 0x2f, 0xff, 0xff, 0xe5, 0xff,
    0xff, 0xfc, 0x0, 0x0, 0x0, 0x0, 0xd, 0xff,
    0xff, 0xf3, 0x6, 0xff, 0xff, 0xfa, 0x0, 0x0,
    0x0, 0xb, 0xff, 0xff, 0xf6, 0x0, 0x9, 0xff,
    0xff, 0xf7, 0x0, 0x0, 0x8, 0xff, 0xff, 0xf9,
    0x0, 0x0, 0xc, 0xff, 0xff, 0xf4, 0x0, 0x5,
    0xff, 0xff, 0xfc, 0x0, 0x0, 0x0, 0x1e, 0xff,
    0xff, 0xf2, 0x2, 0xff, 0xff, 0xfe, 0x10, 0x0,
    0x0, 0x0, 0x3f, 0xff, 0xff, 0xd0, 0x5f, 0xff,
    0xff, 0x30, 0x0, 0x0, 0x0, 0x0, 0x6f, 0xff,
    0xff, 0x10,

    /* U+0079 "y" */
    0x7f, 0xff, 0xf3, 0x0, 0x0, 0x0, 0x0, 0x0,
    0xf, 0xff, 0xfb, 0x7f, 0xff, 0xf3, 0x0, 0x0,
    0x0, 0x0, 0x0, 0xf, 0xff, 0xfb, 0x7f, 0xff,
    0xf3, 0x0, 0x0, 0x0, 0x0, 0x0, 0xf, 0xff,
    0xfb, 0x7f, 0xff, 0xf3, 0x0, 0x0, 0x0, 0x0,
    0x0, 0xf, 0xff, 0xfb, 0x7f, 0xff, 0xf3, 0x0,
    0x0, 0x0, 0x0, 0x0, 0xf, 0xff, 0xfb, 0x7f,
    0xff, 0xf3, 0x0, 0x0, 0x0, 0x0, 0x0, 0xf,
    0xff, 0xfb, 0x7f, 0xff, 0xf3, 0x0, 0x0, 0x0,
    0x0, 0x0, 0xf, 0xff, 0xfb, 0x7f, 0xff, 0xf3,
    0x0, 0x0, 0x0, 0x0, 0x0, 0xf, 0xff, 0xfb,
    0x7f, 0xff, 0xf3, 0x0, 0x0, 0x0, 0x0, 0x0,
    0xf, 0xff, 0xfb, 0x7f, 0xff, 0xf3, 0x0, 0x0,
    0x0, 0x0, 0x0, 0xf, 0xff, 0xfb, 0x7f, 0xff,
    0xf3, 0x0, 0x0, 0x0, 0x0, 0x0, 0xf, 0xff,
    0xfb, 0x7f, 0xff, 0xf3, 0x0, 0x0, 0x0, 0x0,
    0x0, 0xf, 0xff, 0xfb, 0x7f, 0xff, 0xf3, 0x0,
    0x0, 0x0, 0x0, 0x0, 0xf, 0xff, 0xfb, 0x7f,
    0xff, 0xf3, 0x0, 0x0, 0x0, 0x0, 0x0, 0xf,
    0xff, 0xfb, 0x7f, 0xff, 0xf3, 0x0, 0x0, 0x0,
    0x0, 0x0, 0xf, 0xff, 0xfb, 0x7f, 0xff, 0xf3,
    0x0, 0x0, 0x0, 0x0, 0x0, 0xf, 0xff, 0xfb,
    0x7f, 0xff, 0xfd, 0xcc, 0xcc, 0xcc, 0xcc, 0xcc,
    0xcf, 0xff, 0xfb, 0x3f, 0xff, 0xff, 0xff, 0xff,
    0xff, 0xff, 0xff, 0xff, 0xff, 0xfb, 0xc, 0xff,
    0xff, 0xff, 0xff, 0xff, 0xff, 0xff, 0xff, 0xff,
    0xfb, 0x2, 0xef, 0xff, 0xff, 0xff, 0xff, 0xff,
    0xff, 0xff, 0xff, 0xfb, 0x0, 0x18, 0xef, 0xff,
    0xff, 0xff, 0xff, 0xff, 0xff, 0xff, 0xfb, 0x0,
    0x0, 0x0, 0x0, 0x0, 0x0, 0x0, 0x0, 0xf,
    0xff, 0xfb, 0x0, 0x0, 0x0, 0x0, 0x0, 0x0,
    0x0, 0x0, 0xf, 0xff, 0xfb, 0x0, 0x0, 0x0,
    0x0, 0x0, 0x0, 0x0, 0x0, 0xf, 0xff, 0xfb,
    0x0, 0x0, 0xff, 0xff, 0xff, 0xff, 0xff, 0xff,
    0xff, 0xff, 0xfa, 0x0, 0x0, 0xff, 0xff, 0xff,
    0xff, 0xff, 0xff, 0xff, 0xff, 0xf6, 0x0, 0x0,
    0xff, 0xff, 0xff, 0xff, 0xff, 0xff, 0xff, 0xff,
    0xe0, 0x0, 0x0, 0xff, 0xff, 0xff, 0xff, 0xff,
    0xff, 0xff, 0xfe, 0x30, 0x0, 0x0, 0xcc, 0xcc,
    0xcc, 0xcc, 0xcc, 0xcc, 0xcb, 0x71, 0x0,

    /* U+007A "z" */
    0x1f, 0xff, 0xff, 0xff, 0xff, 0xff, 0xff, 0xff,
    0xff, 0xff, 0xff, 0x21, 0xff, 0xff, 0xff, 0xff,
    0xff, 0xff, 0xff, 0xff, 0xff, 0xff, 0xf2, 0x1f,
    0xff, 0xff, 0xff, 0xff, 0xff, 0xff, 0xff, 0xff,
    0xff, 0xff, 0x21, 0xff, 0xff, 0xff, 0xff, 0xff,
    0xff, 0xff, 0xff, 0xff, 0xff, 0xf2, 0xb, 0xbb,
    0xbb, 0xbb, 0xbb, 0xbb, 0xbb, 0xbf, 0xff, 0xff,
    0xff, 0x20, 0x0, 0x0, 0x0, 0x0, 0x0, 0x0,
    0x1b, 0xff, 0xff, 0xff, 0xa0, 0x0, 0x0, 0x0,
    0x0, 0x0, 0x0, 0x3d, 0xff, 0xff, 0xff, 0x70,
    0x0, 0x0, 0x0, 0x0, 0x0, 0x0, 0x6f, 0xff,
    0xff, 0xfe, 0x30, 0x0, 0x0, 0x0, 0x0, 0x0,
    0x0, 0x9f, 0xff, 0xff, 0xfc, 0x10, 0x0, 0x0,
    0x0, 0x0, 0x0, 0x2, 0xcf, 0xff, 0xff, 0xf8,
    0x0, 0x0, 0x0, 0x0, 0x0, 0x0, 0x4, 0xef,
    0xff, 0xff, 0xf5, 0x0, 0x0, 0x0, 0x0, 0x0,
    0x0, 0x8, 0xff, 0xff, 0xff, 0xd2, 0x0, 0x0,
    0x0, 0x0, 0x0, 0x0, 0x1b, 0xff, 0xff, 0xff,
    0xa0, 0x0, 0x0, 0x0, 0x0, 0x0, 0x0, 0x3e,
    0xff, 0xff, 0xff, 0x70, 0x0, 0x0, 0x0, 0x0,
    0x0, 0x0, 0x6f, 0xff, 0xff, 0xfe, 0x30, 0x0,
    0x0, 0x0, 0x0, 0x0, 0x0, 0xaf, 0xff, 0xff,
    0xfc, 0x10, 0x0, 0x0, 0x0, 0x0, 0x0, 0x0,
    0x1f, 0xff, 0xff, 0xff, 0xcc, 0xcc, 0xcc, 0xcc,
    0xcc, 0xcc, 0xcc, 0x11, 0xff, 0xff, 0xff, 0xff,
    0xff, 0xff, 0xff, 0xff, 0xff, 0xff, 0xf2, 0x1f,
    0xff, 0xff, 0xff, 0xff, 0xff, 0xff, 0xff, 0xff,
    0xff, 0xff, 0x21, 0xff, 0xff, 0xff, 0xff, 0xff,
    0xff, 0xff, 0xff, 0xff, 0xff, 0xf2, 0x1f, 0xff,
    0xff, 0xff, 0xff, 0xff, 0xff, 0xff, 0xff, 0xff,
    0xff, 0x20,

    /* U+007B "{" */
    0x0, 0x0, 0x2a, 0xef, 0xf4, 0x0, 0x3, 0xff,
    0xff, 0xf4, 0x0, 0x1e, 0xff, 0xff, 0xf4, 0x0,
    0x6f, 0xff, 0xff, 0xf4, 0x0, 0xaf, 0xff, 0xfc,
    0xc3, 0x0, 0xaf, 0xff, 0xf1, 0x0, 0x0, 0xaf,
    0xff, 0xf1, 0x0, 0x0, 0xaf, 0xff, 0xf1, 0x0,
    0x0, 0xaf, 0xff, 0xf1, 0x0, 0x0, 0xbf, 0xff,
    0xf1, 0x0, 0x1b, 0xff, 0xff, 0xf1, 0x0, 0x2f,
    0xff, 0xff, 0x80, 0x0, 0x2f, 0xff, 0xf6, 0x0,
    0x0, 0x2f, 0xff, 0xfc, 0x10, 0x0, 0x2f, 0xff,
    0xff, 0xe0, 0x0, 0x5, 0xef, 0xff, 0xf1, 0x0,
    0x0, 0xaf, 0xff, 0xf1, 0x0, 0x0, 0xaf, 0xff,
    0xf1, 0x0, 0x0, 0xaf, 0xff, 0xf1, 0x0, 0x0,
    0xaf, 0xff, 0xf1, 0x0, 0x0, 0xaf, 0xff, 0xf1,
    0x0, 0x0, 0x9f, 0xff, 0xfc, 0xc3, 0x0, 0x6f,
    0xff, 0xff, 0xf4, 0x0, 0xe, 0xff, 0xff, 0xf4,
    0x0, 0x3, 0xff, 0xff, 0xf4, 0x0, 0x0, 0x2a,
    0xef, 0xf4,

    /* U+007C "|" */
    0x5, 0x55, 0x53, 0x1f, 0xff, 0xfa, 0x1f, 0xff,
    0xfa, 0x1f, 0xff, 0xfa, 0x1f, 0xff, 0xfa, 0x1f,
    0xff, 0xfa, 0x1f, 0xff, 0xfa, 0x1f, 0xff, 0xfa,
    0x1f, 0xff, 0xfa, 0x1f, 0xff, 0xfa, 0x1f, 0xff,
    0xfa, 0x1f, 0xff, 0xfa, 0x1f, 0xff, 0xfa, 0x1f,
    0xff, 0xfa, 0x1f, 0xff, 0xfa, 0x1f, 0xff, 0xfa,
    0x1f, 0xff, 0xfa, 0x1f, 0xff, 0xfa, 0x1f, 0xff,
    0xfa, 0x1f, 0xff, 0xfa, 0x1f, 0xff, 0xfa, 0x1f,
    0xff, 0xfa, 0x1f, 0xff, 0xfa, 0x1f, 0xff, 0xfa,
    0x1f, 0xff, 0xfa, 0x1f, 0xff, 0xfa, 0x1f, 0xff,
    0xfa, 0x1f, 0xff, 0xfa, 0x1f, 0xff, 0xfa, 0x1f,
    0xff, 0xfa, 0x1f, 0xff, 0xfa, 0x1f, 0xff, 0xfa,
    0x1f, 0xff, 0xfa, 0x1f, 0xff, 0xfa,

    /* U+007D "}" */
    0x2f, 0xff, 0xa2, 0x0, 0x0, 0x2f, 0xff, 0xff,
    0x40, 0x0, 0x2f, 0xff, 0xff, 0xf1, 0x0, 0x2f,
    0xff, 0xff, 0xf8, 0x0, 0x1c, 0xcf, 0xff, 0xfb,
    0x0, 0x0, 0xf, 0xff, 0xfc, 0x0, 0x0, 0xf,
    0xff, 0xfc, 0x0, 0x0, 0xf, 0xff, 0xfc, 0x0,
    0x0, 0xf, 0xff, 0xfc, 0x0, 0x0, 0xf, 0xff,
    0xfc, 0x0, 0x0, 0xf, 0xff, 0xff, 0xc1, 0x0,
    0x8, 0xff, 0xff, 0xf4, 0x0, 0x0, 0x5f, 0xff,
    0xf4, 0x0, 0x0, 0xbf, 0xff, 0xf4, 0x0, 0xc,
    0xff, 0xff, 0xf4, 0x0, 0xf, 0xff, 0xff, 0x60,
    0x0, 0xf, 0xff, 0xfc, 0x0, 0x0, 0xf, 0xff,
    0xfc, 0x0, 0x0, 0xf, 0xff, 0xfc, 0x0, 0x0,
    0xf, 0xff, 0xfc, 0x0, 0x0, 0xf, 0xff, 0xfc,
    0x0, 0x1c, 0xcf, 0xff, 0xfb, 0x0, 0x2f, 0xff,
    0xff, 0xf8, 0x0, 0x2f, 0xff, 0xff, 0xf1, 0x0,
    0x2f, 0xff, 0xff, 0x40, 0x0, 0x2f, 0xfe, 0xa2,
    0x0, 0x0,

    /* U+007E "~" */
    0x0, 0x24, 0x41, 0x0, 0x0, 0x0, 0x0, 0x1e,
    0xff, 0xff, 0xc6, 0x0, 0x0, 0x0, 0x2f, 0xff,
    0xff, 0xff, 0xfa, 0x65, 0x9e, 0x2f, 0xff, 0xff,
    0xff, 0xff, 0xff, 0xff, 0x19, 0x30, 0x15, 0xaf,
    0xff, 0xff, 0xff, 0x0, 0x0, 0x0, 0x1, 0x7c,
    0xff, 0xc7
};


/*---------------------
 *  GLYPH DESCRIPTION
 *--------------------*/

static const lv_font_fmt_txt_glyph_dsc_t glyph_dsc[] = {
    {.bitmap_index = 0, .adv_w = 0, .box_w = 0, .box_h = 0, .ofs_x = 0, .ofs_y = 0} /* id = 0 reserved */,
    {.bitmap_index = 0, .adv_w = 176, .box_w = 0, .box_h = 0, .ofs_x = 0, .ofs_y = 0},
    {.bitmap_index = 0, .adv_w = 127, .box_w = 5, .box_h = 26, .ofs_x = 2, .ofs_y = 0},
    {.bitmap_index = 65, .adv_w = 224, .box_w = 12, .box_h = 7, .ofs_x = 1, .ofs_y = 19},
    {.bitmap_index = 107, .adv_w = 459, .box_w = 27, .box_h = 26, .ofs_x = 1, .ofs_y = 0},
    {.bitmap_index = 458, .adv_w = 454, .box_w = 26, .box_h = 34, .ofs_x = 1, .ofs_y = -4},
    {.bitmap_index = 900, .adv_w = 556, .box_w = 32, .box_h = 28, .ofs_x = 1, .ofs_y = -1},
    {.bitmap_index = 1348, .adv_w = 540, .box_w = 31, .box_h = 27, .ofs_x = 1, .ofs_y = -1},
    {.bitmap_index = 1767, .adv_w = 140, .box_w = 5, .box_h = 7, .ofs_x = 2, .ofs_y = 19},
    {.bitmap_index = 1785, .adv_w = 166, .box_w = 8, .box_h = 26, .ofs_x = 1, .ofs_y = 0},
    {.bitmap_index = 1889, .adv_w = 168, .box_w = 7, .box_h = 26, .ofs_x = 2, .ofs_y = 0},
    {.bitmap_index = 1980, .adv_w = 293, .box_w = 18, .box_h = 16, .ofs_x = 0, .ofs_y = 10},
    {.bitmap_index = 2124, .adv_w = 258, .box_w = 16, .box_h = 15, .ofs_x = 0, .ofs_y = 3},
    {.bitmap_index = 2244, .adv_w = 131, .box_w = 6, .box_h = 10, .ofs_x = 1, .ofs_y = -6},
    {.bitmap_index = 2274, .adv_w = 298, .box_w = 15, .box_h = 5, .ofs_x = 2, .ofs_y = 8},
    {.bitmap_index = 2312, .adv_w = 131, .box_w = 6, .box_h = 5, .ofs_x = 1, .ofs_y = 0},
    {.bitmap_index = 2327, .adv_w = 300, .box_w = 19, .box_h = 27, .ofs_x = 0, .ofs_y = -1},
    {.bitmap_index = 2584, .adv_w = 480, .box_w = 26, .box_h = 26, .ofs_x = 2, .ofs_y = 0},
    {.bitmap_index = 2922, .adv_w = 225, .box_w = 14, .box_h = 26, .ofs_x = 0, .ofs_y = 0},
    {.bitmap_index = 3104, .adv_w = 478, .box_w = 26, .box_h = 26, .ofs_x = 2, .ofs_y = 0},
    {.bitmap_index = 3442, .adv_w = 476, .box_w = 27, .box_h = 26, .ofs_x = 1, .ofs_y = 0},
    {.bitmap_index = 3793, .adv_w = 420, .box_w = 25, .box_h = 26, .ofs_x = 0, .ofs_y = 0},
    {.bitmap_index = 4118, .adv_w = 478, .box_w = 26, .box_h = 26, .ofs_x = 2, .ofs_y = 0},
    {.bitmap_index = 4456, .adv_w = 472, .box_w = 26, .box_h = 26, .ofs_x = 2, .ofs_y = 0},
    {.bitmap_index = 4794, .adv_w = 380, .box_w = 22, .box_h = 26, .ofs_x = 0, .ofs_y = 0},
    {.bitmap_index = 5080, .adv_w = 480, .box_w = 26, .box_h = 26, .ofs_x = 2, .ofs_y = 0},
    {.bitmap_index = 5418, .adv_w = 477, .box_w = 27, .box_h = 26, .ofs_x = 1, .ofs_y = 0},
    {.bitmap_index = 5769, .adv_w = 137, .box_w = 6, .box_h = 21, .ofs_x = 1, .ofs_y = 0},
    {.bitmap_index = 5832, .adv_w = 140, .box_w = 6, .box_h = 26, .ofs_x = 1, .ofs_y = -5},
    {.bitmap_index = 5910, .adv_w = 272, .box_w = 16, .box_h = 23, .ofs_x = 0, .ofs_y = -1},
    {.bitmap_index = 6094, .adv_w = 367, .box_w = 19, .box_h = 12, .ofs_x = 2, .ofs_y = 5},
    {.bitmap_index = 6208, .adv_w = 274, .box_w = 16, .box_h = 23, .ofs_x = 2, .ofs_y = -1},
    {.bitmap_index = 6392, .adv_w = 391, .box_w = 23, .box_h = 26, .ofs_x = 1, .ofs_y = 0},
    {.bitmap_index = 6691, .adv_w = 472, .box_w = 27, .box_h = 26, .ofs_x = 1, .ofs_y = 0},
    {.bitmap_index = 7042, .adv_w = 482, .box_w = 27, .box_h = 26, .ofs_x = 2, .ofs_y = 0},
    {.bitmap_index = 7393, .adv_w = 479, .box_w = 27, .box_h = 26, .ofs_x = 2, .ofs_y = 0},
    {.bitmap_index = 7744, .adv_w = 473, .box_w = 26, .box_h = 26, .ofs_x = 2, .ofs_y = 0},
    {.bitmap_index = 8082, .adv_w = 480, .box_w = 27, .box_h = 26, .ofs_x = 2, .ofs_y = 0},
    {.bitmap_index = 8433, .adv_w = 441, .box_w = 24, .box_h = 26, .ofs_x = 2, .ofs_y = 0},
    {.bitmap_index = 8745, .adv_w = 416, .box_w = 24, .box_h = 26, .ofs_x = 2, .ofs_y = 0},
    {.bitmap_index = 9057, .adv_w = 478, .box_w = 26, .box_h = 26, .ofs_x = 2, .ofs_y = 0},
    {.bitmap_index = 9395, .adv_w = 490, .box_w = 27, .box_h = 26, .ofs_x = 2, .ofs_y = 0},
    {.bitmap_index = 9746, .adv_w = 123, .box_w = 6, .box_h = 26, .ofs_x = 1, .ofs_y = 0},
    {.bitmap_index = 9824, .adv_w = 449, .box_w = 27, .box_h = 26, .ofs_x = 0, .ofs_y = 0},
    {.bitmap_index = 10175, .adv_w = 459, .box_w = 25, .box_h = 26, .ofs_x = 2, .ofs_y = 0},
    {.bitmap_index = 10500, .adv_w = 449, .box_w = 26, .box_h = 26, .ofs_x = 2, .ofs_y = 0},
    {.bitmap_index = 10838, .adv_w = 535, .box_w = 30, .box_h = 26, .ofs_x = 2, .ofs_y = 0},
    {.bitmap_index = 11228, .adv_w = 479, .box_w = 26, .box_h = 26, .ofs_x = 2, .ofs_y = 0},
    {.bitmap_index = 11566, .adv_w = 477, .box_w = 27, .box_h = 26, .ofs_x = 1, .ofs_y = 0},
    {.bitmap_index = 11917, .adv_w = 456, .box_w = 26, .box_h = 26, .ofs_x = 2, .ofs_y = 0},
    {.bitmap_index = 12255, .adv_w = 509, .box_w = 30, .box_h = 26, .ofs_x = 1, .ofs_y = 0},
    {.bitmap_index = 12645, .adv_w = 475, .box_w = 26, .box_h = 26, .ofs_x = 2, .ofs_y = 0},
    {.bitmap_index = 12983, .adv_w = 476, .box_w = 27, .box_h = 26, .ofs_x = 1, .ofs_y = 0},
    {.bitmap_index = 13334, .adv_w = 437, .box_w = 27, .box_h = 26, .ofs_x = 0, .ofs_y = 0},
    {.bitmap_index = 13685, .adv_w = 477, .box_w = 27, .box_h = 26, .ofs_x = 1, .ofs_y = 0},
    {.bitmap_index = 14036, .adv_w = 578, .box_w = 35, .box_h = 26, .ofs_x = 1, .ofs_y = 0},
    {.bitmap_index = 14491, .adv_w = 679, .box_w = 41, .box_h = 26, .ofs_x = 1, .ofs_y = 0},
    {.bitmap_index = 15024, .adv_w = 468, .box_w = 27, .box_h = 26, .ofs_x = 1, .ofs_y = 0},
    {.bitmap_index = 15375, .adv_w = 464, .box_w = 29, .box_h = 26, .ofs_x = 0, .ofs_y = 0},
    {.bitmap_index = 15752, .adv_w = 473, .box_w = 27, .box_h = 26, .ofs_x = 1, .ofs_y = 0},
    {.bitmap_index = 16103, .adv_w = 158, .box_w = 8, .box_h = 26, .ofs_x = 1, .ofs_y = 0},
    {.bitmap_index = 16207, .adv_w = 300, .box_w = 19, .box_h = 26, .ofs_x = 0, .ofs_y = 0},
    {.bitmap_index = 16454, .adv_w = 159, .box_w = 8, .box_h = 26, .ofs_x = 1, .ofs_y = 0},
    {.bitmap_index = 16558, .adv_w = 477, .box_w = 27, .box_h = 5, .ofs_x = 1, .ofs_y = -5},
    {.bitmap_index = 16626, .adv_w = 164, .box_w = 7, .box_h = 7, .ofs_x = 2, .ofs_y = 23},
    {.bitmap_index = 16651, .adv_w = 400, .box_w = 23, .box_h = 21, .ofs_x = 1, .ofs_y = 0},
    {.bitmap_index = 16893, .adv_w = 384, .box_w = 23, .box_h = 28, .ofs_x = 1, .ofs_y = 0},
    {.bitmap_index = 17215, .adv_w = 400, .box_w = 23, .box_h = 21, .ofs_x = 1, .ofs_y = 0},
    {.bitmap_index = 17457, .adv_w = 384, .box_w = 23, .box_h = 28, .ofs_x = 0, .ofs_y = 0},
    {.bitmap_index = 17779, .adv_w = 399, .box_w = 23, .box_h = 21, .ofs_x = 1, .ofs_y = 0},
    {.bitmap_index = 18021, .adv_w = 248, .box_w = 14, .box_h = 28, .ofs_x = 1, .ofs_y = 0},
    {.bitmap_index = 18217, .adv_w = 393, .box_w = 22, .box_h = 29, .ofs_x = 1, .ofs_y = -8},
    {.bitmap_index = 18536, .adv_w = 385, .box_w = 23, .box_h = 28, .ofs_x = 1, .ofs_y = 0},
    {.bitmap_index = 18858, .adv_w = 128, .box_w = 6, .box_h = 28, .ofs_x = 1, .ofs_y = 0},
    {.bitmap_index = 18942, .adv_w = 138, .box_w = 15, .box_h = 36, .ofs_x = -7, .ofs_y = -8},
    {.bitmap_index = 19212, .adv_w = 372, .box_w = 22, .box_h = 28, .ofs_x = 1, .ofs_y = 0},
    {.bitmap_index = 19520, .adv_w = 188, .box_w = 11, .box_h = 28, .ofs_x = 1, .ofs_y = 0},
    {.bitmap_index = 19674, .adv_w = 563, .box_w = 32, .box_h = 21, .ofs_x = 1, .ofs_y = 0},
    {.bitmap_index = 20010, .adv_w = 401, .box_w = 23, .box_h = 21, .ofs_x = 1, .ofs_y = 0},
    {.bitmap_index = 20252, .adv_w = 399, .box_w = 23, .box_h = 21, .ofs_x = 1, .ofs_y = 0},
    {.bitmap_index = 20494, .adv_w = 382, .box_w = 23, .box_h = 29, .ofs_x = 1, .ofs_y = -8},
    {.bitmap_index = 20828, .adv_w = 382, .box_w = 22, .box_h = 29, .ofs_x = 0, .ofs_y = -8},
    {.bitmap_index = 21147, .adv_w = 301, .box_w = 18, .box_h = 21, .ofs_x = 1, .ofs_y = 0},
    {.bitmap_index = 21336, .adv_w = 395, .box_w = 22, .box_h = 21, .ofs_x = 1, .ofs_y = 0},
    {.bitmap_index = 21567, .adv_w = 252, .box_w = 14, .box_h = 28, .ofs_x = 1, .ofs_y = 0},
    {.bitmap_index = 21763, .adv_w = 400, .box_w = 23, .box_h = 21, .ofs_x = 1, .ofs_y = 0},
    {.bitmap_index = 22005, .adv_w = 455, .box_w = 29, .box_h = 21, .ofs_x = 0, .ofs_y = 0},
    {.bitmap_index = 22310, .adv_w = 610, .box_w = 36, .box_h = 21, .ofs_x = 1, .ofs_y = 0},
    {.bitmap_index = 22688, .adv_w = 399, .box_w = 23, .box_h = 21, .ofs_x = 1, .ofs_y = 0},
    {.bitmap_index = 22930, .adv_w = 395, .box_w = 22, .box_h = 29, .ofs_x = 1, .ofs_y = -8},
    {.bitmap_index = 23249, .adv_w = 402, .box_w = 23, .box_h = 21, .ofs_x = 1, .ofs_y = 0},
    {.bitmap_index = 23491, .adv_w = 166, .box_w = 10, .box_h = 26, .ofs_x = 0, .ofs_y = 0},
    {.bitmap_index = 23621, .adv_w = 123, .box_w = 6, .box_h = 34, .ofs_x = 1, .ofs_y = -4},
    {.bitmap_index = 23723, .adv_w = 166, .box_w = 10, .box_h = 26, .ofs_x = 1, .ofs_y = 0},
    {.bitmap_index = 23853, .adv_w = 233, .box_w = 14, .box_h = 6, .ofs_x = 0, .ofs_y = 8}
};

/*---------------------
 *  CHARACTER MAPPING
 *--------------------*/



/*Collect the unicode lists and glyph_id offsets*/
static const lv_font_fmt_txt_cmap_t cmaps[] =
{
    {
        .range_start = 32, .range_length = 62, .glyph_id_start = 1,
        .unicode_list = NULL, .glyph_id_ofs_list = NULL, .list_length = 0, .type = LV_FONT_FMT_TXT_CMAP_FORMAT0_TINY
    },
    {
        .range_start = 95, .range_length = 32, .glyph_id_start = 63,
        .unicode_list = NULL, .glyph_id_ofs_list = NULL, .list_length = 0, .type = LV_FONT_FMT_TXT_CMAP_FORMAT0_TINY
    }
};

/*-----------------
 *    KERNING
 *----------------*/


/*Pair left and right glyphs for kerning*/
static const uint8_t kern_pair_glyph_ids[] =
{
    9, 53,
    34, 56,
    34, 58,
    35, 55,
    35, 58,
    35, 72,
    36, 69,
    37, 46,
    37, 55,
    37, 56,
    37, 59,
    37, 73,
    38, 46,
    38, 48,
    39, 15,
    39, 43,
    39, 51,
    39, 53,
    39, 89,
    40, 56,
    40, 58,
    40, 68,
    42, 43,
    42, 44,
    42, 53,
    42, 65,
    42, 66,
    42, 78,
    42, 79,
    42, 80,
    42, 81,
    42, 82,
    42, 83,
    42, 86,
    42, 87,
    42, 88,
    43, 69,
    44, 34,
    44, 41,
    44, 65,
    44, 79,
    44, 89,
    45, 55,
    45, 56,
    45, 58,
    45, 76,
    46, 65,
    46, 67,
    47, 69,
    48, 55,
    48, 56,
    48, 57,
    48, 67,
    48, 71,
    48, 90,
    49, 34,
    49, 43,
    49, 68,
    51, 55,
    51, 56,
    52, 47,
    52, 56,
    52, 58,
    52, 87,
    53, 79,
    53, 83,
    53, 85,
    53, 87,
    53, 89,
    53, 90,
    54, 83,
    54, 86,
    54, 87,
    54, 88,
    55, 34,
    55, 48,
    55, 52,
    55, 69,
    55, 73,
    55, 79,
    55, 83,
    56, 34,
    56, 48,
    56, 65,
    56, 69,
    56, 72,
    56, 73,
    56, 79,
    56, 85,
    56, 89,
    57, 35,
    57, 65,
    57, 69,
    58, 52,
    58, 65,
    58, 69,
    58, 73,
    58, 79,
    58, 80,
    58, 83,
    58, 85,
    59, 58,
    59, 69,
    65, 66,
    65, 67,
    65, 71,
    65, 72,
    65, 75,
    65, 76,
    65, 77,
    65, 78,
    65, 82,
    65, 83,
    65, 86,
    65, 87,
    65, 88,
    65, 90,
    66, 65,
    66, 68,
    66, 85,
    66, 86,
    66, 87,
    67, 42,
    67, 65,
    67, 66,
    67, 67,
    67, 69,
    67, 72,
    67, 75,
    67, 79,
    67, 82,
    67, 84,
    67, 85,
    67, 90,
    68, 69,
    68, 79,
    68, 82,
    68, 85,
    68, 87,
    68, 89,
    69, 67,
    69, 69,
    69, 71,
    69, 72,
    69, 74,
    69, 76,
    69, 79,
    69, 82,
    69, 83,
    69, 86,
    69, 87,
    69, 88,
    69, 89,
    70, 13,
    70, 65,
    70, 68,
    70, 72,
    70, 74,
    70, 76,
    70, 78,
    70, 79,
    70, 84,
    70, 85,
    71, 65,
    71, 67,
    71, 69,
    71, 70,
    71, 71,
    71, 77,
    71, 79,
    71, 82,
    71, 83,
    71, 85,
    71, 87,
    71, 89,
    71, 90,
    72, 65,
    72, 69,
    72, 70,
    72, 73,
    73, 65,
    73, 67,
    73, 68,
    73, 69,
    73, 70,
    73, 72,
    73, 75,
    73, 76,
    73, 78,
    73, 80,
    73, 81,
    73, 82,
    73, 83,
    73, 84,
    73, 86,
    73, 87,
    73, 88,
    73, 90,
    74, 65,
    74, 69,
    74, 74,
    74, 85,
    75, 69,
    75, 73,
    76, 65,
    76, 66,
    76, 68,
    76, 69,
    76, 70,
    76, 73,
    76, 76,
    76, 77,
    76, 78,
    76, 79,
    76, 85,
    76, 86,
    76, 87,
    76, 89,
    76, 90,
    77, 65,
    77, 66,
    77, 67,
    77, 69,
    77, 71,
    77, 75,
    77, 77,
    77, 78,
    77, 80,
    77, 87,
    78, 66,
    78, 67,
    78, 69,
    78, 71,
    78, 79,
    78, 80,
    78, 83,
    78, 88,
    79, 65,
    79, 66,
    79, 76,
    79, 78,
    79, 79,
    79, 82,
    79, 83,
    79, 84,
    79, 85,
    79, 86,
    79, 87,
    79, 88,
    80, 68,
    80, 73,
    80, 74,
    80, 83,
    81, 85,
    82, 13,
    82, 15,
    82, 65,
    82, 66,
    82, 68,
    82, 69,
    82, 70,
    82, 71,
    82, 72,
    82, 73,
    82, 76,
    82, 78,
    82, 79,
    82, 83,
    82, 85,
    82, 86,
    82, 90,
    83, 67,
    83, 69,
    83, 71,
    83, 75,
    83, 78,
    83, 79,
    83, 85,
    83, 86,
    83, 87,
    83, 88,
    83, 90,
    84, 15,
    84, 65,
    84, 66,
    84, 68,
    84, 72,
    84, 73,
    84, 77,
    84, 82,
    84, 83,
    84, 84,
    84, 86,
    84, 89,
    84, 90,
    85, 66,
    85, 67,
    85, 68,
    85, 69,
    85, 70,
    85, 71,
    85, 75,
    85, 77,
    85, 78,
    85, 79,
    85, 80,
    85, 83,
    85, 84,
    85, 87,
    85, 88,
    85, 90,
    86, 65,
    86, 69,
    86, 73,
    86, 79,
    86, 83,
    86, 86,
    87, 65,
    87, 67,
    87, 69,
    87, 71,
    87, 72,
    87, 73,
    87, 76,
    87, 78,
    87, 79,
    87, 82,
    87, 83,
    87, 84,
    87, 85,
    87, 89,
    88, 69,
    88, 85,
    89, 65,
    89, 67,
    89, 69,
    89, 75,
    89, 76,
    89, 78,
    89, 79,
    89, 80,
    89, 82,
    89, 83,
    89, 87,
    90, 65,
    90, 69,
    90, 72,
    90, 76,
    90, 84,
    90, 90
};

/* Kerning between the respective left and right glyphs
 * 4.4 format which needs to scaled with `kern_scale`*/
static const int8_t kern_pair_values[] =
{
    4, -20, -10, -30, -21, -4, -4, -8,
    -19, -11, -15, -4, -12, -11, -22, -112,
    1, 5, -3, -18, -7, 4, 11, 4,
    8, 8, 4, 8, 4, 8, 8, 4,
    4, 16, 4, 8, -4, -14, -12, -4,
    -11, -4, -114, -63, -92, 4, -4, -9,
    -4, -18, -18, -18, -8, -4, -8, 2,
    -42, 2, -16, -16, -14, -17, -2, -11,
    -29, -28, -17, -14, -15, -17, -4, -8,
    -4, -4, -10, -5, -3, -18, 4, -24,
    -28, -23, -21, -25, -36, -11, -17, -29,
    -26, -8, -15, -8, -8, -6, -23, -39,
    -3, -39, -24, -37, -23, -2, -11, -15,
    -15, -4, -4, -4, -12, -14, -6, -11,
    -12, -18, -21, -10, -15, -4, 5, -4,
    -4, -9, -8, -4, -4, -4, -14, -14,
    -14, -4, -4, -14, -14, -14, -12, -12,
    -4, -13, -4, -8, -12, -12, -4, -4,
    4, -13, -8, -3, -4, -25, -21, -11,
    -4, -67, 4, 4, 4, 8, 8, 8,
    4, 12, 5, -12, -11, -11, -4, -8,
    -4, -12, -12, -11, -14, -18, -8, -4,
    1, -1, 2, 1, -5, 1, 8, 4,
    -1, 8, 4, 11, 12, 3, 16, 11,
    15, 8, 3, 8, 1, 4, 4, -3,
    15, 4, -1, 4, 2, 1, 12, 1,
    4, 11, 4, -2, 4, 2, 4, -10,
    -11, 8, 4, -11, -11, -15, -15, -16,
    -23, -23, -4, -21, -30, -14, -12, -11,
    -4, -12, -12, -8, -12, -12, -4, -14,
    -14, -12, -12, -12, -10, -14, -12, -33,
    -16, 4, 3, 4, 2, -10, -100, -3,
    8, 4, 11, 4, 8, 4, 4, 8,
    4, 8, 1, 8, 8, 4, 4, -11,
    -10, -4, -12, -13, -8, -16, -20, -11,
    -15, -13, 4, 11, 4, 22, 8, 1,
    11, 4, 4, 4, 2, 4, 8, -12,
    -12, 2, -12, -11, -4, -4, -14, 1,
    -4, -12, -11, -12, -4, -10, -12, -12,
    -16, 4, -9, -4, 4, -11, -11, -17,
    -18, -8, -8, -4, -10, -26, -25, -23,
    -2, -8, -9, -17, -8, -13, -12, -12,
    -8, -2, -12, -13, -4, -8, -4, -4,
    -14, -14, -4, -14, -14, -14
};

/*Collect the kern pair's data in one place*/
static const lv_font_fmt_txt_kern_pair_t kern_pairs =
{
    .glyph_ids = kern_pair_glyph_ids,
    .values = kern_pair_values,
    .pair_cnt = 350,
    .glyph_ids_size = 0
};

/*--------------------
 *  ALL CUSTOM DATA
 *--------------------*/

#if LVGL_VERSION_MAJOR == 8
/*Store all the custom data of the font*/
static  lv_font_fmt_txt_glyph_cache_t cache;
#endif

#if LVGL_VERSION_MAJOR >= 8
static const lv_font_fmt_txt_dsc_t font_dsc = {
#else
static lv_font_fmt_txt_dsc_t font_dsc = {
#endif
    .glyph_bitmap = glyph_bitmap,
    .glyph_dsc = glyph_dsc,
    .cmaps = cmaps,
    .kern_dsc = &kern_pairs,
    .kern_scale = 17,
    .cmap_num = 2,
    .bpp = 4,
    .kern_classes = 0,
    .bitmap_format = 0,
#if LVGL_VERSION_MAJOR == 8
    .cache = &cache
#endif
};



/*-----------------
 *  PUBLIC FONT
 *----------------*/

/*Initialize a public general font descriptor*/
#if LVGL_VERSION_MAJOR >= 8
const lv_font_t orbitron_bold_36 = {
#else
lv_font_t orbitron_bold_36 = {
#endif
    .get_glyph_dsc = lv_font_get_glyph_dsc_fmt_txt,    /*Function pointer to get glyph's data*/
    .get_glyph_bitmap = lv_font_get_bitmap_fmt_txt,    /*Function pointer to get glyph's bitmap*/
    .line_height = 38,          /*The maximum line height required by the font*/
    .base_line = 8,             /*Baseline measured from the bottom of the line*/
#if !(LVGL_VERSION_MAJOR == 6 && LVGL_VERSION_MINOR == 0)
    .subpx = LV_FONT_SUBPX_NONE,
#endif
#if LV_VERSION_CHECK(7, 4, 0) || LVGL_VERSION_MAJOR >= 8
    .underline_position = -4,
    .underline_thickness = 2,
#endif
    .dsc = &font_dsc,          /*The custom font data. Will be accessed by `get_glyph_bitmap/dsc` */
#if LV_VERSION_CHECK(8, 2, 0) || LVGL_VERSION_MAJOR >= 9
    .fallback = NULL,
#endif
    .user_data = NULL,
};



#endif /*#if ORBITRON_BOLD_36*/

