/*******************************************************************************
 * Size: 32 px
 * Bpp: 4
 * Opts: --font fonts\DSEG\fonts-DSEG_v046\DSEG7-Classic\DSEG7Classic-Bold.ttf -r 0x20-0x7E --size 32 --format lvgl -o src\ui\fonts\dseg7_classic_bold_32.c --bpp 4 --no-compress --lv-font-name dseg7_classic_bold_32
 ******************************************************************************/

#ifdef LV_LVGL_H_INCLUDE_SIMPLE
#include "lvgl.h"
#else
#include <lvgl.h>
#endif

#ifndef DSEG7_CLASSIC_BOLD_32
#define DSEG7_CLASSIC_BOLD_32 1
#endif

#if DSEG7_CLASSIC_BOLD_32

/*-----------------
 *    BITMAPS
 *----------------*/

/*Store the image of the glyphs*/
static LV_ATTRIBUTE_LARGE_CONST const uint8_t glyph_bitmap[] = {
    /* U+0020 " " */

    /* U+0021 "!" */

    /* U+002D "-" */
    0x0, 0x0, 0x0, 0x0, 0x0, 0x0, 0x0, 0x0,
    0x1, 0xdf, 0xff, 0xff, 0xff, 0xff, 0xfd, 0x10,
    0x1d, 0xff, 0xff, 0xff, 0xff, 0xff, 0xff, 0xd1,
    0x1d, 0xff, 0xff, 0xff, 0xff, 0xff, 0xff, 0xe2,
    0x1, 0xdf, 0xff, 0xff, 0xff, 0xff, 0xfe, 0x20,

    /* U+002E "." */
    0x0, 0x0, 0x4e, 0xe4, 0xef, 0xfd, 0xdf, 0xfd,
    0x4e, 0xe4,

    /* U+0030 "0" */
    0x0, 0x0, 0x0, 0x0, 0x0, 0x0, 0x0, 0x0,
    0x0, 0x0, 0x1, 0xdf, 0xff, 0xff, 0xff, 0xff,
    0xff, 0xff, 0xfe, 0x20, 0x14, 0xdf, 0xff, 0xff,
    0xff, 0xff, 0xff, 0xff, 0xfd, 0x42, 0xbf, 0x5d,
    0xff, 0xff, 0xff, 0xff, 0xff, 0xff, 0xe4, 0xed,
    0xdf, 0xf5, 0xdf, 0xff, 0xff, 0xff, 0xff, 0xfe,
    0x4e, 0xff, 0xdf, 0xff, 0x10, 0x0, 0x0, 0x0,
    0x0, 0x0, 0xef, 0xff, 0xdf, 0xff, 0x20, 0x0,
    0x0, 0x0, 0x0, 0x0, 0xff, 0xff, 0xdf, 0xff,
    0x20, 0x0, 0x0, 0x0, 0x0, 0x0, 0xff, 0xff,
    0xdf, 0xff, 0x20, 0x0, 0x0, 0x0, 0x0, 0x0,
    0xff, 0xff, 0xdf, 0xff, 0x20, 0x0, 0x0, 0x0,
    0x0, 0x0, 0xff, 0xff, 0xdf, 0xff, 0x20, 0x0,
    0x0, 0x0, 0x0, 0x0, 0xff, 0xff, 0xdf, 0xff,
    0x20, 0x0, 0x0, 0x0, 0x0, 0x0, 0xff, 0xff,
    0xdf, 0xff, 0x20, 0x0, 0x0, 0x0, 0x0, 0x0,
    0xff, 0xff, 0xdf, 0xff, 0x20, 0x0, 0x0, 0x0,
    0x0, 0x0, 0xff, 0xff, 0xdf, 0xff, 0x10, 0x0,
    0x0, 0x0, 0x0, 0x0, 0xef, 0xff, 0xdf, 0xf3,
    0x0, 0x0, 0x0, 0x0, 0x0, 0x0, 0x3e, 0xff,
    0x9b, 0x30, 0x0, 0x0, 0x0, 0x0, 0x0, 0x0,
    0x2, 0xaa, 0x9b, 0x30, 0x0, 0x0, 0x0, 0x0,
    0x0, 0x0, 0x4, 0xba, 0xdf, 0xf3, 0x0, 0x0,
    0x0, 0x0, 0x0, 0x0, 0x3f, 0xff, 0xdf, 0xff,
    0x10, 0x0, 0x0, 0x0, 0x0, 0x0, 0xef, 0xff,
    0xdf, 0xff, 0x20, 0x0, 0x0, 0x0, 0x0, 0x0,
    0xff, 0xff, 0xdf, 0xff, 0x20, 0x0, 0x0, 0x0,
    0x0, 0x0, 0xff, 0xff, 0xdf, 0xff, 0x20, 0x0,
    0x0, 0x0, 0x0, 0x0, 0xff, 0xff, 0xdf, 0xff,
    0x20, 0x0, 0x0, 0x0, 0x0, 0x0, 0xff, 0xff,
    0xdf, 0xff, 0x20, 0x0, 0x0, 0x0, 0x0, 0x0,
    0xff, 0xff, 0xdf, 0xff, 0x20, 0x0, 0x0, 0x0,
    0x0, 0x0, 0xff, 0xff, 0xdf, 0xff, 0x20, 0x0,
    0x0, 0x0, 0x0, 0x0, 0xff, 0xff, 0xdf, 0xff,
    0x20, 0x0, 0x0, 0x0, 0x0, 0x0, 0xff, 0xff,
    0xdf, 0xff, 0x10, 0x0, 0x0, 0x0, 0x0, 0x0,
    0xef, 0xff, 0xdf, 0xf5, 0xdf, 0xff, 0xff, 0xff,
    0xff, 0xfe, 0x4e, 0xff, 0xbf, 0x5d, 0xff, 0xff,
    0xff, 0xff, 0xff, 0xff, 0xe4, 0xed, 0x14, 0xdf,
    0xff, 0xff, 0xff, 0xff, 0xff, 0xff, 0xfe, 0x41,
    0x1, 0xdf, 0xff, 0xff, 0xff, 0xff, 0xff, 0xff,
    0xfe, 0x20,

    /* U+0031 "1" */
    0x0, 0x7, 0x60, 0x7, 0xfe, 0x7, 0xff, 0xf0,
    0xff, 0xff, 0xf, 0xff, 0xf0, 0xff, 0xff, 0xf,
    0xff, 0xf0, 0xff, 0xff, 0xf, 0xff, 0xf0, 0xff,
    0xff, 0xf, 0xff, 0xf0, 0xff, 0xff, 0xd, 0xff,
    0xf0, 0x1d, 0xff, 0x0, 0x17, 0x70, 0x8, 0xff,
    0x8, 0xff, 0xf0, 0xff, 0xff, 0xf, 0xff, 0xf0,
    0xff, 0xff, 0xf, 0xff, 0xf0, 0xff, 0xff, 0xf,
    0xff, 0xf0, 0xff, 0xff, 0xf, 0xff, 0xf0, 0xff,
    0xff, 0xc, 0xff, 0xf0, 0x1c, 0xff, 0x0, 0x1d,
    0xb0, 0x0, 0x10,

    /* U+0032 "2" */
    0x0, 0x0, 0x0, 0x0, 0x0, 0x0, 0x0, 0x0,
    0x0, 0x0, 0x1, 0xdf, 0xff, 0xff, 0xff, 0xff,
    0xff, 0xff, 0xfe, 0x20, 0x1, 0xdf, 0xff, 0xff,
    0xff, 0xff, 0xff, 0xff, 0xfd, 0x42, 0x0, 0x1d,
    0xff, 0xff, 0xff, 0xff, 0xff, 0xff, 0xe4, 0xed,
    0x0, 0x1, 0xdf, 0xff, 0xff, 0xff, 0xff, 0xfe,
    0x5e, 0xff, 0x0, 0x0, 0x0, 0x0, 0x0, 0x0,
    0x0, 0x0, 0xef, 0xff, 0x0, 0x0, 0x0, 0x0,
    0x0, 0x0, 0x0, 0x0, 0xff, 0xff, 0x0, 0x0,
    0x0, 0x0, 0x0, 0x0, 0x0, 0x0, 0xff, 0xff,
    0x0, 0x0, 0x0, 0x0, 0x0, 0x0, 0x0, 0x0,
    0xff, 0xff, 0x0, 0x0, 0x0, 0x0, 0x0, 0x0,
    0x0, 0x0, 0xff, 0xff, 0x0, 0x0, 0x0, 0x0,
    0x0, 0x0, 0x0, 0x0, 0xff, 0xff, 0x0, 0x0,
    0x0, 0x0, 0x0, 0x0, 0x0, 0x0, 0xff, 0xff,
    0x0, 0x0, 0x0, 0x0, 0x0, 0x0, 0x0, 0x0,
    0xff, 0xff, 0x0, 0x0, 0x0, 0x0, 0x0, 0x0,
    0x0, 0x0, 0xff, 0xff, 0x0, 0x0, 0x0, 0x0,
    0x0, 0x0, 0x0, 0x0, 0xef, 0xff, 0x0, 0x1,
    0xdf, 0xff, 0xff, 0xff, 0xff, 0xfd, 0x4e, 0xff,
    0x0, 0x1d, 0xff, 0xff, 0xff, 0xff, 0xff, 0xff,
    0xd4, 0xaa, 0x9b, 0x4d, 0xff, 0xff, 0xff, 0xff,
    0xff, 0xff, 0xe2, 0x0, 0xdf, 0xf5, 0xdf, 0xff,
    0xff, 0xff, 0xff, 0xfe, 0x20, 0x0, 0xdf, 0xff,
    0x10, 0x0, 0x0, 0x0, 0x0, 0x0, 0x0, 0x0,
    0xdf, 0xff, 0x20, 0x0, 0x0, 0x0, 0x0, 0x0,
    0x0, 0x0, 0xdf, 0xff, 0x20, 0x0, 0x0, 0x0,
    0x0, 0x0, 0x0, 0x0, 0xdf, 0xff, 0x20, 0x0,
    0x0, 0x0, 0x0, 0x0, 0x0, 0x0, 0xdf, 0xff,
    0x20, 0x0, 0x0, 0x0, 0x0, 0x0, 0x0, 0x0,
    0xdf, 0xff, 0x20, 0x0, 0x0, 0x0, 0x0, 0x0,
    0x0, 0x0, 0xdf, 0xff, 0x20, 0x0, 0x0, 0x0,
    0x0, 0x0, 0x0, 0x0, 0xdf, 0xff, 0x20, 0x0,
    0x0, 0x0, 0x0, 0x0, 0x0, 0x0, 0xdf, 0xff,
    0x20, 0x0, 0x0, 0x0, 0x0, 0x0, 0x0, 0x0,
    0xdf, 0xff, 0x10, 0x0, 0x0, 0x0, 0x0, 0x0,
    0x0, 0x0, 0xdf, 0xf5, 0xdf, 0xff, 0xff, 0xff,
    0xff, 0xfe, 0x20, 0x0, 0xbf, 0x5d, 0xff, 0xff,
    0xff, 0xff, 0xff, 0xff, 0xe2, 0x0, 0x14, 0xdf,
    0xff, 0xff, 0xff, 0xff, 0xff, 0xff, 0xfe, 0x20,
    0x1, 0xdf, 0xff, 0xff, 0xff, 0xff, 0xff, 0xff,
    0xfe, 0x20,

    /* U+0033 "3" */
    0x0, 0x0, 0x0, 0x0, 0x0, 0x0, 0x0, 0x0,
    0x0, 0x1, 0xdf, 0xff, 0xff, 0xff, 0xff, 0xff,
    0xff, 0xfe, 0x20, 0x1d, 0xff, 0xff, 0xff, 0xff,
    0xff, 0xff, 0xff, 0xd4, 0x20, 0x1d, 0xff, 0xff,
    0xff, 0xff, 0xff, 0xff, 0xe4, 0xed, 0x0, 0x1d,
    0xff, 0xff, 0xff, 0xff, 0xff, 0xe5, 0xef, 0xf0,
    0x0, 0x0, 0x0, 0x0, 0x0, 0x0, 0x0, 0xef,
    0xff, 0x0, 0x0, 0x0, 0x0, 0x0, 0x0, 0x0,
    0xf, 0xff, 0xf0, 0x0, 0x0, 0x0, 0x0, 0x0,
    0x0, 0x0, 0xff, 0xff, 0x0, 0x0, 0x0, 0x0,
    0x0, 0x0, 0x0, 0xf, 0xff, 0xf0, 0x0, 0x0,
    0x0, 0x0, 0x0, 0x0, 0x0, 0xff, 0xff, 0x0,
    0x0, 0x0, 0x0, 0x0, 0x0, 0x0, 0xf, 0xff,
    0xf0, 0x0, 0x0, 0x0, 0x0, 0x0, 0x0, 0x0,
    0xff, 0xff, 0x0, 0x0, 0x0, 0x0, 0x0, 0x0,
    0x0, 0xf, 0xff, 0xf0, 0x0, 0x0, 0x0, 0x0,
    0x0, 0x0, 0x0, 0xff, 0xff, 0x0, 0x0, 0x0,
    0x0, 0x0, 0x0, 0x0, 0xe, 0xff, 0xf0, 0x1,
    0xdf, 0xff, 0xff, 0xff, 0xff, 0xfd, 0x4e, 0xff,
    0x1, 0xdf, 0xff, 0xff, 0xff, 0xff, 0xff, 0xfd,
    0x4a, 0xa0, 0x1d, 0xff, 0xff, 0xff, 0xff, 0xff,
    0xff, 0xe5, 0x98, 0x0, 0x1d, 0xff, 0xff, 0xff,
    0xff, 0xff, 0xe5, 0xef, 0xf0, 0x0, 0x0, 0x0,
    0x0, 0x0, 0x0, 0x0, 0xef, 0xff, 0x0, 0x0,
    0x0, 0x0, 0x0, 0x0, 0x0, 0xf, 0xff, 0xf0,
    0x0, 0x0, 0x0, 0x0, 0x0, 0x0, 0x0, 0xff,
    0xff, 0x0, 0x0, 0x0, 0x0, 0x0, 0x0, 0x0,
    0xf, 0xff, 0xf0, 0x0, 0x0, 0x0, 0x0, 0x0,
    0x0, 0x0, 0xff, 0xff, 0x0, 0x0, 0x0, 0x0,
    0x0, 0x0, 0x0, 0xf, 0xff, 0xf0, 0x0, 0x0,
    0x0, 0x0, 0x0, 0x0, 0x0, 0xff, 0xff, 0x0,
    0x0, 0x0, 0x0, 0x0, 0x0, 0x0, 0xf, 0xff,
    0xf0, 0x0, 0x0, 0x0, 0x0, 0x0, 0x0, 0x0,
    0xff, 0xff, 0x0, 0x0, 0x0, 0x0, 0x0, 0x0,
    0x0, 0xe, 0xff, 0xf0, 0x1, 0xdf, 0xff, 0xff,
    0xff, 0xff, 0xfe, 0x4e, 0xff, 0x1, 0xdf, 0xff,
    0xff, 0xff, 0xff, 0xff, 0xfe, 0x4e, 0xd1, 0xdf,
    0xff, 0xff, 0xff, 0xff, 0xff, 0xff, 0xfe, 0x41,
    0x1d, 0xff, 0xff, 0xff, 0xff, 0xff, 0xff, 0xff,
    0xe2, 0x0,

    /* U+0034 "4" */
    0x26, 0x0, 0x0, 0x0, 0x0, 0x0, 0x0, 0x0,
    0x0, 0x54, 0xcf, 0x60, 0x0, 0x0, 0x0, 0x0,
    0x0, 0x0, 0x5, 0xfe, 0xdf, 0xf6, 0x0, 0x0,
    0x0, 0x0, 0x0, 0x0, 0x5f, 0xff, 0xdf, 0xff,
    0x10, 0x0, 0x0, 0x0, 0x0, 0x0, 0xff, 0xff,
    0xdf, 0xff, 0x20, 0x0, 0x0, 0x0, 0x0, 0x0,
    0xff, 0xff, 0xdf, 0xff, 0x20, 0x0, 0x0, 0x0,
    0x0, 0x0, 0xff, 0xff, 0xdf, 0xff, 0x20, 0x0,
    0x0, 0x0, 0x0, 0x0, 0xff, 0xff, 0xdf, 0xff,
    0x20, 0x0, 0x0, 0x0, 0x0, 0x0, 0xff, 0xff,
    0xdf, 0xff, 0x20, 0x0, 0x0, 0x0, 0x0, 0x0,
    0xff, 0xff, 0xdf, 0xff, 0x20, 0x0, 0x0, 0x0,
    0x0, 0x0, 0xff, 0xff, 0xdf, 0xff, 0x20, 0x0,
    0x0, 0x0, 0x0, 0x0, 0xff, 0xff, 0xdf, 0xff,
    0x20, 0x0, 0x0, 0x0, 0x0, 0x0, 0xff, 0xff,
    0xdf, 0xff, 0x10, 0x0, 0x0, 0x0, 0x0, 0x0,
    0xef, 0xff, 0xdf, 0xf4, 0xdf, 0xff, 0xff, 0xff,
    0xff, 0xfd, 0x4e, 0xff, 0x8a, 0x4d, 0xff, 0xff,
    0xff, 0xff, 0xff, 0xff, 0xd4, 0xaa, 0x0, 0x1d,
    0xff, 0xff, 0xff, 0xff, 0xff, 0xff, 0xe5, 0x98,
    0x0, 0x1, 0xdf, 0xff, 0xff, 0xff, 0xff, 0xfe,
    0x5e, 0xff, 0x0, 0x0, 0x0, 0x0, 0x0, 0x0,
    0x0, 0x0, 0xef, 0xff, 0x0, 0x0, 0x0, 0x0,
    0x0, 0x0, 0x0, 0x0, 0xff, 0xff, 0x0, 0x0,
    0x0, 0x0, 0x0, 0x0, 0x0, 0x0, 0xff, 0xff,
    0x0, 0x0, 0x0, 0x0, 0x0, 0x0, 0x0, 0x0,
    0xff, 0xff, 0x0, 0x0, 0x0, 0x0, 0x0, 0x0,
    0x0, 0x0, 0xff, 0xff, 0x0, 0x0, 0x0, 0x0,
    0x0, 0x0, 0x0, 0x0, 0xff, 0xff, 0x0, 0x0,
    0x0, 0x0, 0x0, 0x0, 0x0, 0x0, 0xff, 0xff,
    0x0, 0x0, 0x0, 0x0, 0x0, 0x0, 0x0, 0x0,
    0xff, 0xff, 0x0, 0x0, 0x0, 0x0, 0x0, 0x0,
    0x0, 0x0, 0xff, 0xff, 0x0, 0x0, 0x0, 0x0,
    0x0, 0x0, 0x0, 0x0, 0xff, 0xff, 0x0, 0x0,
    0x0, 0x0, 0x0, 0x0, 0x0, 0x0, 0x4f, 0xff,
    0x0, 0x0, 0x0, 0x0, 0x0, 0x0, 0x0, 0x0,
    0x5, 0xfe, 0x0, 0x0, 0x0, 0x0, 0x0, 0x0,
    0x0, 0x0, 0x0, 0x53,

    /* U+0035 "5" */
    0x0, 0x0, 0x0, 0x0, 0x0, 0x0, 0x0, 0x0,
    0x0, 0x0, 0x1, 0xdf, 0xff, 0xff, 0xff, 0xff,
    0xff, 0xff, 0xfe, 0x20, 0x14, 0xdf, 0xff, 0xff,
    0xff, 0xff, 0xff, 0xff, 0xfd, 0x10, 0xbf, 0x5d,
    0xff, 0xff, 0xff, 0xff, 0xff, 0xff, 0xe2, 0x0,
    0xdf, 0xf5, 0xdf, 0xff, 0xff, 0xff, 0xff, 0xfe,
    0x20, 0x0, 0xdf, 0xff, 0x10, 0x0, 0x0, 0x0,
    0x0, 0x0, 0x0, 0x0, 0xdf, 0xff, 0x20, 0x0,
    0x0, 0x0, 0x0, 0x0, 0x0, 0x0, 0xdf, 0xff,
    0x20, 0x0, 0x0, 0x0, 0x0, 0x0, 0x0, 0x0,
    0xdf, 0xff, 0x20, 0x0, 0x0, 0x0, 0x0, 0x0,
    0x0, 0x0, 0xdf, 0xff, 0x20, 0x0, 0x0, 0x0,
    0x0, 0x0, 0x0, 0x0, 0xdf, 0xff, 0x20, 0x0,
    0x0, 0x0, 0x0, 0x0, 0x0, 0x0, 0xdf, 0xff,
    0x20, 0x0, 0x0, 0x0, 0x0, 0x0, 0x0, 0x0,
    0xdf, 0xff, 0x20, 0x0, 0x0, 0x0, 0x0, 0x0,
    0x0, 0x0, 0xdf, 0xff, 0x20, 0x0, 0x0, 0x0,
    0x0, 0x0, 0x0, 0x0, 0xdf, 0xff, 0x10, 0x0,
    0x0, 0x0, 0x0, 0x0, 0x0, 0x0, 0xdf, 0xf5,
    0xdf, 0xff, 0xff, 0xff, 0xff, 0xfd, 0x10, 0x0,
    0x8a, 0x4d, 0xff, 0xff, 0xff, 0xff, 0xff, 0xff,
    0xd1, 0x0, 0x0, 0x1d, 0xff, 0xff, 0xff, 0xff,
    0xff, 0xff, 0xe5, 0x98, 0x0, 0x1, 0xdf, 0xff,
    0xff, 0xff, 0xff, 0xfe, 0x5e, 0xff, 0x0, 0x0,
    0x0, 0x0, 0x0, 0x0, 0x0, 0x0, 0xef, 0xff,
    0x0, 0x0, 0x0, 0x0, 0x0, 0x0, 0x0, 0x0,
    0xff, 0xff, 0x0, 0x0, 0x0, 0x0, 0x0, 0x0,
    0x0, 0x0, 0xff, 0xff, 0x0, 0x0, 0x0, 0x0,
    0x0, 0x0, 0x0, 0x0, 0xff, 0xff, 0x0, 0x0,
    0x0, 0x0, 0x0, 0x0, 0x0, 0x0, 0xff, 0xff,
    0x0, 0x0, 0x0, 0x0, 0x0, 0x0, 0x0, 0x0,
    0xff, 0xff, 0x0, 0x0, 0x0, 0x0, 0x0, 0x0,
    0x0, 0x0, 0xff, 0xff, 0x0, 0x0, 0x0, 0x0,
    0x0, 0x0, 0x0, 0x0, 0xff, 0xff, 0x0, 0x0,
    0x0, 0x0, 0x0, 0x0, 0x0, 0x0, 0xff, 0xff,
    0x0, 0x0, 0x0, 0x0, 0x0, 0x0, 0x0, 0x0,
    0xef, 0xff, 0x0, 0x1, 0xdf, 0xff, 0xff, 0xff,
    0xff, 0xfe, 0x4e, 0xff, 0x0, 0x1d, 0xff, 0xff,
    0xff, 0xff, 0xff, 0xff, 0xe4, 0xed, 0x1, 0xdf,
    0xff, 0xff, 0xff, 0xff, 0xff, 0xff, 0xfe, 0x41,
    0x1, 0xdf, 0xff, 0xff, 0xff, 0xff, 0xff, 0xff,
    0xfe, 0x20,

    /* U+0036 "6" */
    0x0, 0x0, 0x0, 0x0, 0x0, 0x0, 0x0, 0x0,
    0x0, 0x0, 0x1, 0xdf, 0xff, 0xff, 0xff, 0xff,
    0xff, 0xff, 0xfe, 0x20, 0x14, 0xdf, 0xff, 0xff,
    0xff, 0xff, 0xff, 0xff, 0xfd, 0x10, 0xbf, 0x5d,
    0xff, 0xff, 0xff, 0xff, 0xff, 0xff, 0xe2, 0x0,
    0xdf, 0xf5, 0xdf, 0xff, 0xff, 0xff, 0xff, 0xfe,
    0x20, 0x0, 0xdf, 0xff, 0x10, 0x0, 0x0, 0x0,
    0x0, 0x0, 0x0, 0x0, 0xdf, 0xff, 0x20, 0x0,
    0x0, 0x0, 0x0, 0x0, 0x0, 0x0, 0xdf, 0xff,
    0x20, 0x0, 0x0, 0x0, 0x0, 0x0, 0x0, 0x0,
    0xdf, 0xff, 0x20, 0x0, 0x0, 0x0, 0x0, 0x0,
    0x0, 0x0, 0xdf, 0xff, 0x20, 0x0, 0x0, 0x0,
    0x0, 0x0, 0x0, 0x0, 0xdf, 0xff, 0x20, 0x0,
    0x0, 0x0, 0x0, 0x0, 0x0, 0x0, 0xdf, 0xff,
    0x20, 0x0, 0x0, 0x0, 0x0, 0x0, 0x0, 0x0,
    0xdf, 0xff, 0x20, 0x0, 0x0, 0x0, 0x0, 0x0,
    0x0, 0x0, 0xdf, 0xff, 0x20, 0x0, 0x0, 0x0,
    0x0, 0x0, 0x0, 0x0, 0xdf, 0xff, 0x10, 0x0,
    0x0, 0x0, 0x0, 0x0, 0x0, 0x0, 0xdf, 0xf5,
    0xdf, 0xff, 0xff, 0xff, 0xff, 0xfd, 0x10, 0x0,
    0x8a, 0x4d, 0xff, 0xff, 0xff, 0xff, 0xff, 0xff,
    0xd1, 0x0, 0x9b, 0x4d, 0xff, 0xff, 0xff, 0xff,
    0xff, 0xff, 0xe6, 0xba, 0xdf, 0xf5, 0xdf, 0xff,
    0xff, 0xff, 0xff, 0xfe, 0x5f, 0xff, 0xdf, 0xff,
    0x10, 0x0, 0x0, 0x0, 0x0, 0x0, 0xef, 0xff,
    0xdf, 0xff, 0x20, 0x0, 0x0, 0x0, 0x0, 0x0,
    0xff, 0xff, 0xdf, 0xff, 0x20, 0x0, 0x0, 0x0,
    0x0, 0x0, 0xff, 0xff, 0xdf, 0xff, 0x20, 0x0,
    0x0, 0x0, 0x0, 0x0, 0xff, 0xff, 0xdf, 0xff,
    0x20, 0x0, 0x0, 0x0, 0x0, 0x0, 0xff, 0xff,
    0xdf, 0xff, 0x20, 0x0, 0x0, 0x0, 0x0, 0x0,
    0xff, 0xff, 0xdf, 0xff, 0x20, 0x0, 0x0, 0x0,
    0x0, 0x0, 0xff, 0xff, 0xdf, 0xff, 0x20, 0x0,
    0x0, 0x0, 0x0, 0x0, 0xff, 0xff, 0xdf, 0xff,
    0x20, 0x0, 0x0, 0x0, 0x0, 0x0, 0xff, 0xff,
    0xdf, 0xff, 0x10, 0x0, 0x0, 0x0, 0x0, 0x0,
    0xef, 0xff, 0xdf, 0xf5, 0xdf, 0xff, 0xff, 0xff,
    0xff, 0xfe, 0x4e, 0xff, 0xbf, 0x5d, 0xff, 0xff,
    0xff, 0xff, 0xff, 0xff, 0xe4, 0xed, 0x14, 0xdf,
    0xff, 0xff, 0xff, 0xff, 0xff, 0xff, 0xfe, 0x41,
    0x1, 0xdf, 0xff, 0xff, 0xff, 0xff, 0xff, 0xff,
    0xfe, 0x20,

    /* U+0037 "7" */
    0x0, 0x0, 0x0, 0x0, 0x0, 0x0, 0x0, 0x0,
    0x0, 0x0, 0x1, 0xdf, 0xff, 0xff, 0xff, 0xff,
    0xff, 0xff, 0xfe, 0x20, 0x14, 0xdf, 0xff, 0xff,
    0xff, 0xff, 0xff, 0xff, 0xfd, 0x42, 0xbf, 0x5d,
    0xff, 0xff, 0xff, 0xff, 0xff, 0xff, 0xe4, 0xed,
    0xdf, 0xf5, 0xdf, 0xff, 0xff, 0xff, 0xff, 0xfe,
    0x4e, 0xff, 0xdf, 0xff, 0x10, 0x0, 0x0, 0x0,
    0x0, 0x0, 0xef, 0xff, 0xdf, 0xff, 0x20, 0x0,
    0x0, 0x0, 0x0, 0x0, 0xff, 0xff, 0xdf, 0xff,
    0x20, 0x0, 0x0, 0x0, 0x0, 0x0, 0xff, 0xff,
    0xdf, 0xff, 0x20, 0x0, 0x0, 0x0, 0x0, 0x0,
    0xff, 0xff, 0xdf, 0xff, 0x20, 0x0, 0x0, 0x0,
    0x0, 0x0, 0xff, 0xff, 0xdf, 0xff, 0x20, 0x0,
    0x0, 0x0, 0x0, 0x0, 0xff, 0xff, 0xdf, 0xff,
    0x20, 0x0, 0x0, 0x0, 0x0, 0x0, 0xff, 0xff,
    0xdf, 0xff, 0x20, 0x0, 0x0, 0x0, 0x0, 0x0,
    0xff, 0xff, 0xdf, 0xff, 0x20, 0x0, 0x0, 0x0,
    0x0, 0x0, 0xff, 0xff, 0xdf, 0xff, 0x10, 0x0,
    0x0, 0x0, 0x0, 0x0, 0xff, 0xff, 0xdf, 0xf4,
    0x0, 0x0, 0x0, 0x0, 0x0, 0x0, 0x3f, 0xff,
    0xac, 0x40, 0x0, 0x0, 0x0, 0x0, 0x0, 0x0,
    0x3, 0xcb, 0x0, 0x0, 0x0, 0x0, 0x0, 0x0,
    0x0, 0x0, 0x2, 0x87, 0x0, 0x0, 0x0, 0x0,
    0x0, 0x0, 0x0, 0x0, 0x2e, 0xff, 0x0, 0x0,
    0x0, 0x0, 0x0, 0x0, 0x0, 0x0, 0xdf, 0xff,
    0x0, 0x0, 0x0, 0x0, 0x0, 0x0, 0x0, 0x0,
    0xff, 0xff, 0x0, 0x0, 0x0, 0x0, 0x0, 0x0,
    0x0, 0x0, 0xff, 0xff, 0x0, 0x0, 0x0, 0x0,
    0x0, 0x0, 0x0, 0x0, 0xff, 0xff, 0x0, 0x0,
    0x0, 0x0, 0x0, 0x0, 0x0, 0x0, 0xff, 0xff,
    0x0, 0x0, 0x0, 0x0, 0x0, 0x0, 0x0, 0x0,
    0xff, 0xff, 0x0, 0x0, 0x0, 0x0, 0x0, 0x0,
    0x0, 0x0, 0xff, 0xff, 0x0, 0x0, 0x0, 0x0,
    0x0, 0x0, 0x0, 0x0, 0xff, 0xff, 0x0, 0x0,
    0x0, 0x0, 0x0, 0x0, 0x0, 0x0, 0xff, 0xff,
    0x0, 0x0, 0x0, 0x0, 0x0, 0x0, 0x0, 0x0,
    0xff, 0xff, 0x0, 0x0, 0x0, 0x0, 0x0, 0x0,
    0x0, 0x0, 0x6f, 0xff, 0x0, 0x0, 0x0, 0x0,
    0x0, 0x0, 0x0, 0x0, 0x6, 0xfe, 0x0, 0x0,
    0x0, 0x0, 0x0, 0x0, 0x0, 0x0, 0x0, 0x65,

    /* U+0038 "8" */
    0x0, 0x0, 0x0, 0x0, 0x0, 0x0, 0x0, 0x0,
    0x0, 0x0, 0x1, 0xdf, 0xff, 0xff, 0xff, 0xff,
    0xff, 0xff, 0xfe, 0x20, 0x14, 0xdf, 0xff, 0xff,
    0xff, 0xff, 0xff, 0xff, 0xfd, 0x42, 0xbf, 0x5d,
    0xff, 0xff, 0xff, 0xff, 0xff, 0xff, 0xe4, 0xed,
    0xdf, 0xf5, 0xdf, 0xff, 0xff, 0xff, 0xff, 0xfe,
    0x5e, 0xff, 0xdf, 0xff, 0x10, 0x0, 0x0, 0x0,
    0x0, 0x0, 0xef, 0xff, 0xdf, 0xff, 0x20, 0x0,
    0x0, 0x0, 0x0, 0x0, 0xff, 0xff, 0xdf, 0xff,
    0x20, 0x0, 0x0, 0x0, 0x0, 0x0, 0xff, 0xff,
    0xdf, 0xff, 0x20, 0x0, 0x0, 0x0, 0x0, 0x0,
    0xff, 0xff, 0xdf, 0xff, 0x20, 0x0, 0x0, 0x0,
    0x0, 0x0, 0xff, 0xff, 0xdf, 0xff, 0x20, 0x0,
    0x0, 0x0, 0x0, 0x0, 0xff, 0xff, 0xdf, 0xff,
    0x20, 0x0, 0x0, 0x0, 0x0, 0x0, 0xff, 0xff,
    0xdf, 0xff, 0x20, 0x0, 0x0, 0x0, 0x0, 0x0,
    0xff, 0xff, 0xdf, 0xff, 0x20, 0x0, 0x0, 0x0,
    0x0, 0x0, 0xff, 0xff, 0xdf, 0xff, 0x10, 0x0,
    0x0, 0x0, 0x0, 0x0, 0xef, 0xff, 0xdf, 0xf5,
    0xdf, 0xff, 0xff, 0xff, 0xff, 0xfd, 0x4e, 0xff,
    0x8a, 0x4d, 0xff, 0xff, 0xff, 0xff, 0xff, 0xff,
    0xd4, 0xaa, 0x9b, 0x4d, 0xff, 0xff, 0xff, 0xff,
    0xff, 0xff, 0xe6, 0xba, 0xdf, 0xf5, 0xdf, 0xff,
    0xff, 0xff, 0xff, 0xfe, 0x5f, 0xff, 0xdf, 0xff,
    0x10, 0x0, 0x0, 0x0, 0x0, 0x0, 0xef, 0xff,
    0xdf, 0xff, 0x20, 0x0, 0x0, 0x0, 0x0, 0x0,
    0xff, 0xff, 0xdf, 0xff, 0x20, 0x0, 0x0, 0x0,
    0x0, 0x0, 0xff, 0xff, 0xdf, 0xff, 0x20, 0x0,
    0x0, 0x0, 0x0, 0x0, 0xff, 0xff, 0xdf, 0xff,
    0x20, 0x0, 0x0, 0x0, 0x0, 0x0, 0xff, 0xff,
    0xdf, 0xff, 0x20, 0x0, 0x0, 0x0, 0x0, 0x0,
    0xff, 0xff, 0xdf, 0xff, 0x20, 0x0, 0x0, 0x0,
    0x0, 0x0, 0xff, 0xff, 0xdf, 0xff, 0x20, 0x0,
    0x0, 0x0, 0x0, 0x0, 0xff, 0xff, 0xdf, 0xff,
    0x20, 0x0, 0x0, 0x0, 0x0, 0x0, 0xff, 0xff,
    0xdf, 0xff, 0x10, 0x0, 0x0, 0x0, 0x0, 0x0,
    0xef, 0xff, 0xdf, 0xf5, 0xdf, 0xff, 0xff, 0xff,
    0xff, 0xfe, 0x4e, 0xff, 0xbf, 0x5d, 0xff, 0xff,
    0xff, 0xff, 0xff, 0xff, 0xe4, 0xed, 0x14, 0xdf,
    0xff, 0xff, 0xff, 0xff, 0xff, 0xff, 0xfe, 0x41,
    0x1, 0xdf, 0xff, 0xff, 0xff, 0xff, 0xff, 0xff,
    0xfe, 0x20,

    /* U+0039 "9" */
    0x0, 0x0, 0x0, 0x0, 0x0, 0x0, 0x0, 0x0,
    0x0, 0x0, 0x1, 0xdf, 0xff, 0xff, 0xff, 0xff,
    0xff, 0xff, 0xfe, 0x20, 0x14, 0xdf, 0xff, 0xff,
    0xff, 0xff, 0xff, 0xff, 0xfd, 0x42, 0xbf, 0x5d,
    0xff, 0xff, 0xff, 0xff, 0xff, 0xff, 0xe4, 0xed,
    0xdf, 0xf5, 0xdf, 0xff, 0xff, 0xff, 0xff, 0xfe,
    0x5e, 0xff, 0xdf, 0xff, 0x10, 0x0, 0x0, 0x0,
    0x0, 0x0, 0xef, 0xff, 0xdf, 0xff, 0x20, 0x0,
    0x0, 0x0, 0x0, 0x0, 0xff, 0xff, 0xdf, 0xff,
    0x20, 0x0, 0x0, 0x0, 0x0, 0x0, 0xff, 0xff,
    0xdf, 0xff, 0x20, 0x0, 0x0, 0x0, 0x0, 0x0,
    0xff, 0xff, 0xdf, 0xff, 0x20, 0x0, 0x0, 0x0,
    0x0, 0x0, 0xff, 0xff, 0xdf, 0xff, 0x20, 0x0,
    0x0, 0x0, 0x0, 0x0, 0xff, 0xff, 0xdf, 0xff,
    0x20, 0x0, 0x0, 0x0, 0x0, 0x0, 0xff, 0xff,
    0xdf, 0xff, 0x20, 0x0, 0x0, 0x0, 0x0, 0x0,
    0xff, 0xff, 0xdf, 0xff, 0x20, 0x0, 0x0, 0x0,
    0x0, 0x0, 0xff, 0xff, 0xdf, 0xff, 0x10, 0x0,
    0x0, 0x0, 0x0, 0x0, 0xef, 0xff, 0xdf, 0xf5,
    0xdf, 0xff, 0xff, 0xff, 0xff, 0xfd, 0x4e, 0xff,
    0x8a, 0x4d, 0xff, 0xff, 0xff, 0xff, 0xff, 0xff,
    0xd4, 0xaa, 0x0, 0x1d, 0xff, 0xff, 0xff, 0xff,
    0xff, 0xff, 0xe5, 0x98, 0x0, 0x1, 0xdf, 0xff,
    0xff, 0xff, 0xff, 0xfe, 0x5e, 0xff, 0x0, 0x0,
    0x0, 0x0, 0x0, 0x0, 0x0, 0x0, 0xef, 0xff,
    0x0, 0x0, 0x0, 0x0, 0x0, 0x0, 0x0, 0x0,
    0xff, 0xff, 0x0, 0x0, 0x0, 0x0, 0x0, 0x0,
    0x0, 0x0, 0xff, 0xff, 0x0, 0x0, 0x0, 0x0,
    0x0, 0x0, 0x0, 0x0, 0xff, 0xff, 0x0, 0x0,
    0x0, 0x0, 0x0, 0x0, 0x0, 0x0, 0xff, 0xff,
    0x0, 0x0, 0x0, 0x0, 0x0, 0x0, 0x0, 0x0,
    0xff, 0xff, 0x0, 0x0, 0x0, 0x0, 0x0, 0x0,
    0x0, 0x0, 0xff, 0xff, 0x0, 0x0, 0x0, 0x0,
    0x0, 0x0, 0x0, 0x0, 0xff, 0xff, 0x0, 0x0,
    0x0, 0x0, 0x0, 0x0, 0x0, 0x0, 0xff, 0xff,
    0x0, 0x0, 0x0, 0x0, 0x0, 0x0, 0x0, 0x0,
    0xef, 0xff, 0x0, 0x1, 0xdf, 0xff, 0xff, 0xff,
    0xff, 0xfe, 0x4e, 0xff, 0x0, 0x1d, 0xff, 0xff,
    0xff, 0xff, 0xff, 0xff, 0xe4, 0xed, 0x1, 0xdf,
    0xff, 0xff, 0xff, 0xff, 0xff, 0xff, 0xfe, 0x41,
    0x1, 0xdf, 0xff, 0xff, 0xff, 0xff, 0xff, 0xff,
    0xfe, 0x20,

    /* U+003A ":" */
    0x2d, 0xf7, 0xa, 0xff, 0xf1, 0xaf, 0xff, 0x12,
    0xce, 0x60, 0x0, 0x0, 0x0, 0x0, 0x0, 0x0,
    0x0, 0x0, 0x0, 0x0, 0x0, 0x0, 0x0, 0x0,
    0x0, 0x0, 0x0, 0x0, 0x0, 0x0, 0x0, 0x0,
    0x2, 0xde, 0x60, 0xaf, 0xff, 0x1a, 0xff, 0xf1,
    0x2d, 0xe6, 0x0,

    /* U+0041 "A" */
    0x0, 0x0, 0x0, 0x0, 0x0, 0x0, 0x0, 0x0,
    0x0, 0x0, 0x1, 0xdf, 0xff, 0xff, 0xff, 0xff,
    0xff, 0xff, 0xfe, 0x20, 0x14, 0xdf, 0xff, 0xff,
    0xff, 0xff, 0xff, 0xff, 0xfd, 0x42, 0xbf, 0x5d,
    0xff, 0xff, 0xff, 0xff, 0xff, 0xff, 0xe4, 0xed,
    0xdf, 0xf5, 0xdf, 0xff, 0xff, 0xff, 0xff, 0xfe,
    0x5e, 0xff, 0xdf, 0xff, 0x10, 0x0, 0x0, 0x0,
    0x0, 0x0, 0xef, 0xff, 0xdf, 0xff, 0x20, 0x0,
    0x0, 0x0, 0x0, 0x0, 0xff, 0xff, 0xdf, 0xff,
    0x20, 0x0, 0x0, 0x0, 0x0, 0x0, 0xff, 0xff,
    0xdf, 0xff, 0x20, 0x0, 0x0, 0x0, 0x0, 0x0,
    0xff, 0xff, 0xdf, 0xff, 0x20, 0x0, 0x0, 0x0,
    0x0, 0x0, 0xff, 0xff, 0xdf, 0xff, 0x20, 0x0,
    0x0, 0x0, 0x0, 0x0, 0xff, 0xff, 0xdf, 0xff,
    0x20, 0x0, 0x0, 0x0, 0x0, 0x0, 0xff, 0xff,
    0xdf, 0xff, 0x20, 0x0, 0x0, 0x0, 0x0, 0x0,
    0xff, 0xff, 0xdf, 0xff, 0x20, 0x0, 0x0, 0x0,
    0x0, 0x0, 0xff, 0xff, 0xdf, 0xff, 0x10, 0x0,
    0x0, 0x0, 0x0, 0x0, 0xef, 0xff, 0xdf, 0xf5,
    0xdf, 0xff, 0xff, 0xff, 0xff, 0xfd, 0x4e, 0xff,
    0x8a, 0x4d, 0xff, 0xff, 0xff, 0xff, 0xff, 0xff,
    0xd4, 0xaa, 0x9b, 0x4d, 0xff, 0xff, 0xff, 0xff,
    0xff, 0xff, 0xe6, 0xba, 0xdf, 0xf5, 0xdf, 0xff,
    0xff, 0xff, 0xff, 0xfe, 0x5f, 0xff, 0xdf, 0xff,
    0x10, 0x0, 0x0, 0x0, 0x0, 0x0, 0xef, 0xff,
    0xdf, 0xff, 0x20, 0x0, 0x0, 0x0, 0x0, 0x0,
    0xff, 0xff, 0xdf, 0xff, 0x20, 0x0, 0x0, 0x0,
    0x0, 0x0, 0xff, 0xff, 0xdf, 0xff, 0x20, 0x0,
    0x0, 0x0, 0x0, 0x0, 0xff, 0xff, 0xdf, 0xff,
    0x20, 0x0, 0x0, 0x0, 0x0, 0x0, 0xff, 0xff,
    0xdf, 0xff, 0x20, 0x0, 0x0, 0x0, 0x0, 0x0,
    0xff, 0xff, 0xdf, 0xff, 0x20, 0x0, 0x0, 0x0,
    0x0, 0x0, 0xff, 0xff, 0xdf, 0xff, 0x20, 0x0,
    0x0, 0x0, 0x0, 0x0, 0xff, 0xff, 0xdf, 0xff,
    0x20, 0x0, 0x0, 0x0, 0x0, 0x0, 0xff, 0xff,
    0xdf, 0xff, 0x10, 0x0, 0x0, 0x0, 0x0, 0x0,
    0xff, 0xff, 0xdf, 0xf6, 0x0, 0x0, 0x0, 0x0,
    0x0, 0x0, 0x4f, 0xff, 0xcf, 0x60, 0x0, 0x0,
    0x0, 0x0, 0x0, 0x0, 0x5, 0xfe, 0x26, 0x0,
    0x0, 0x0, 0x0, 0x0, 0x0, 0x0, 0x0, 0x53,

    /* U+0042 "B" */
    0x26, 0x0, 0x0, 0x0, 0x0, 0x0, 0x0, 0x0,
    0x0, 0x0, 0xcf, 0x60, 0x0, 0x0, 0x0, 0x0,
    0x0, 0x0, 0x0, 0x0, 0xdf, 0xf6, 0x0, 0x0,
    0x0, 0x0, 0x0, 0x0, 0x0, 0x0, 0xdf, 0xff,
    0x10, 0x0, 0x0, 0x0, 0x0, 0x0, 0x0, 0x0,
    0xdf, 0xff, 0x20, 0x0, 0x0, 0x0, 0x0, 0x0,
    0x0, 0x0, 0xdf, 0xff, 0x20, 0x0, 0x0, 0x0,
    0x0, 0x0, 0x0, 0x0, 0xdf, 0xff, 0x20, 0x0,
    0x0, 0x0, 0x0, 0x0, 0x0, 0x0, 0xdf, 0xff,
    0x20, 0x0, 0x0, 0x0, 0x0, 0x0, 0x0, 0x0,
    0xdf, 0xff, 0x20, 0x0, 0x0, 0x0, 0x0, 0x0,
    0x0, 0x0, 0xdf, 0xff, 0x20, 0x0, 0x0, 0x0,
    0x0, 0x0, 0x0, 0x0, 0xdf, 0xff, 0x20, 0x0,
    0x0, 0x0, 0x0, 0x0, 0x0, 0x0, 0xdf, 0xff,
    0x20, 0x0, 0x0, 0x0, 0x0, 0x0, 0x0, 0x0,
    0xdf, 0xff, 0x10, 0x0, 0x0, 0x0, 0x0, 0x0,
    0x0, 0x0, 0xdf, 0xf4, 0xdf, 0xff, 0xff, 0xff,
    0xff, 0xfd, 0x10, 0x0, 0x8a, 0x4d, 0xff, 0xff,
    0xff, 0xff, 0xff, 0xff, 0xd1, 0x0, 0x9b, 0x4d,
    0xff, 0xff, 0xff, 0xff, 0xff, 0xff, 0xe6, 0xba,
    0xdf, 0xf5, 0xdf, 0xff, 0xff, 0xff, 0xff, 0xfe,
    0x5f, 0xff, 0xdf, 0xff, 0x10, 0x0, 0x0, 0x0,
    0x0, 0x0, 0xef, 0xff, 0xdf, 0xff, 0x20, 0x0,
    0x0, 0x0, 0x0, 0x0, 0xff, 0xff, 0xdf, 0xff,
    0x20, 0x0, 0x0, 0x0, 0x0, 0x0, 0xff, 0xff,
    0xdf, 0xff, 0x20, 0x0, 0x0, 0x0, 0x0, 0x0,
    0xff, 0xff, 0xdf, 0xff, 0x20, 0x0, 0x0, 0x0,
    0x0, 0x0, 0xff, 0xff, 0xdf, 0xff, 0x20, 0x0,
    0x0, 0x0, 0x0, 0x0, 0xff, 0xff, 0xdf, 0xff,
    0x20, 0x0, 0x0, 0x0, 0x0, 0x0, 0xff, 0xff,
    0xdf, 0xff, 0x20, 0x0, 0x0, 0x0, 0x0, 0x0,
    0xff, 0xff, 0xdf, 0xff, 0x20, 0x0, 0x0, 0x0,
    0x0, 0x0, 0xff, 0xff, 0xdf, 0xff, 0x10, 0x0,
    0x0, 0x0, 0x0, 0x0, 0xef, 0xff, 0xdf, 0xf5,
    0xdf, 0xff, 0xff, 0xff, 0xff, 0xfe, 0x4e, 0xff,
    0xbf, 0x5d, 0xff, 0xff, 0xff, 0xff, 0xff, 0xff,
    0xe4, 0xed, 0x14, 0xdf, 0xff, 0xff, 0xff, 0xff,
    0xff, 0xff, 0xfe, 0x41, 0x1, 0xdf, 0xff, 0xff,
    0xff, 0xff, 0xff, 0xff, 0xfe, 0x20,

    /* U+0043 "C" */
    0x0, 0x0, 0x0, 0x0, 0x0, 0x0, 0x0, 0x0,
    0x0, 0x0, 0x0, 0x1d, 0xff, 0xff, 0xff, 0xff,
    0xff, 0xd1, 0x0, 0x0, 0x1d, 0xff, 0xff, 0xff,
    0xff, 0xff, 0xff, 0xd1, 0x9, 0xb4, 0xdf, 0xff,
    0xff, 0xff, 0xff, 0xff, 0xfe, 0x20, 0xdf, 0xf5,
    0xdf, 0xff, 0xff, 0xff, 0xff, 0xfe, 0x20, 0xd,
    0xff, 0xf1, 0x0, 0x0, 0x0, 0x0, 0x0, 0x0,
    0x0, 0xdf, 0xff, 0x20, 0x0, 0x0, 0x0, 0x0,
    0x0, 0x0, 0xd, 0xff, 0xf2, 0x0, 0x0, 0x0,
    0x0, 0x0, 0x0, 0x0, 0xdf, 0xff, 0x20, 0x0,
    0x0, 0x0, 0x0, 0x0, 0x0, 0xd, 0xff, 0xf2,
    0x0, 0x0, 0x0, 0x0, 0x0, 0x0, 0x0, 0xdf,
    0xff, 0x20, 0x0, 0x0, 0x0, 0x0, 0x0, 0x0,
    0xd, 0xff, 0xf2, 0x0, 0x0, 0x0, 0x0, 0x0,
    0x0, 0x0, 0xdf, 0xff, 0x20, 0x0, 0x0, 0x0,
    0x0, 0x0, 0x0, 0xd, 0xff, 0xf2, 0x0, 0x0,
    0x0, 0x0, 0x0, 0x0, 0x0, 0xdf, 0xff, 0x10,
    0x0, 0x0, 0x0, 0x0, 0x0, 0x0, 0xd, 0xff,
    0x5d, 0xff, 0xff, 0xff, 0xff, 0xff, 0xe2, 0x0,
    0xbf, 0x5d, 0xff, 0xff, 0xff, 0xff, 0xff, 0xff,
    0xe2, 0x1, 0x4d, 0xff, 0xff, 0xff, 0xff, 0xff,
    0xff, 0xff, 0xe2, 0x1, 0xdf, 0xff, 0xff, 0xff,
    0xff, 0xff, 0xff, 0xfe, 0x20,

    /* U+0044 "D" */
    0x0, 0x0, 0x0, 0x0, 0x0, 0x0, 0x0, 0x0,
    0x0, 0x54, 0x0, 0x0, 0x0, 0x0, 0x0, 0x0,
    0x0, 0x0, 0x5, 0xfe, 0x0, 0x0, 0x0, 0x0,
    0x0, 0x0, 0x0, 0x0, 0x5f, 0xff, 0x0, 0x0,
    0x0, 0x0, 0x0, 0x0, 0x0, 0x0, 0xff, 0xff,
    0x0, 0x0, 0x0, 0x0, 0x0, 0x0, 0x0, 0x0,
    0xff, 0xff, 0x0, 0x0, 0x0, 0x0, 0x0, 0x0,
    0x0, 0x0, 0xff, 0xff, 0x0, 0x0, 0x0, 0x0,
    0x0, 0x0, 0x0, 0x0, 0xff, 0xff, 0x0, 0x0,
    0x0, 0x0, 0x0, 0x0, 0x0, 0x0, 0xff, 0xff,
    0x0, 0x0, 0x0, 0x0, 0x0, 0x0, 0x0, 0x0,
    0xff, 0xff, 0x0, 0x0, 0x0, 0x0, 0x0, 0x0,
    0x0, 0x0, 0xff, 0xff, 0x0, 0x0, 0x0, 0x0,
    0x0, 0x0, 0x0, 0x0, 0xff, 0xff, 0x0, 0x0,
    0x0, 0x0, 0x0, 0x0, 0x0, 0x0, 0xff, 0xff,
    0x0, 0x0, 0x0, 0x0, 0x0, 0x0, 0x0, 0x0,
    0xef, 0xff, 0x0, 0x1, 0xdf, 0xff, 0xff, 0xff,
    0xff, 0xfd, 0x4e, 0xff, 0x0, 0x1d, 0xff, 0xff,
    0xff, 0xff, 0xff, 0xff, 0xd4, 0xaa, 0x9b, 0x4d,
    0xff, 0xff, 0xff, 0xff, 0xff, 0xff, 0xe6, 0xba,
    0xdf, 0xf5, 0xdf, 0xff, 0xff, 0xff, 0xff, 0xfe,
    0x5f, 0xff, 0xdf, 0xff, 0x10, 0x0, 0x0, 0x0,
    0x0, 0x0, 0xef, 0xff, 0xdf, 0xff, 0x20, 0x0,
    0x0, 0x0, 0x0, 0x0, 0xff, 0xff, 0xdf, 0xff,
    0x20, 0x0, 0x0, 0x0, 0x0, 0x0, 0xff, 0xff,
    0xdf, 0xff, 0x20, 0x0, 0x0, 0x0, 0x0, 0x0,
    0xff, 0xff, 0xdf, 0xff, 0x20, 0x0, 0x0, 0x0,
    0x0, 0x0, 0xff, 0xff, 0xdf, 0xff, 0x20, 0x0,
    0x0, 0x0, 0x0, 0x0, 0xff, 0xff, 0xdf, 0xff,
    0x20, 0x0, 0x0, 0x0, 0x0, 0x0, 0xff, 0xff,
    0xdf, 0xff, 0x20, 0x0, 0x0, 0x0, 0x0, 0x0,
    0xff, 0xff, 0xdf, 0xff, 0x20, 0x0, 0x0, 0x0,
    0x0, 0x0, 0xff, 0xff, 0xdf, 0xff, 0x10, 0x0,
    0x0, 0x0, 0x0, 0x0, 0xef, 0xff, 0xdf, 0xf5,
    0xdf, 0xff, 0xff, 0xff, 0xff, 0xfe, 0x4e, 0xff,
    0xbf, 0x5d, 0xff, 0xff, 0xff, 0xff, 0xff, 0xff,
    0xe4, 0xed, 0x14, 0xdf, 0xff, 0xff, 0xff, 0xff,
    0xff, 0xff, 0xfe, 0x41, 0x1, 0xdf, 0xff, 0xff,
    0xff, 0xff, 0xff, 0xff, 0xfe, 0x20,

    /* U+0045 "E" */
    0x0, 0x0, 0x0, 0x0, 0x0, 0x0, 0x0, 0x0,
    0x0, 0x0, 0x1d, 0xff, 0xff, 0xff, 0xff, 0xff,
    0xff, 0xff, 0xe2, 0x14, 0xdf, 0xff, 0xff, 0xff,
    0xff, 0xff, 0xff, 0xfd, 0x1b, 0xf5, 0xdf, 0xff,
    0xff, 0xff, 0xff, 0xff, 0xfe, 0x20, 0xdf, 0xf5,
    0xdf, 0xff, 0xff, 0xff, 0xff, 0xfe, 0x20, 0xd,
    0xff, 0xf1, 0x0, 0x0, 0x0, 0x0, 0x0, 0x0,
    0x0, 0xdf, 0xff, 0x20, 0x0, 0x0, 0x0, 0x0,
    0x0, 0x0, 0xd, 0xff, 0xf2, 0x0, 0x0, 0x0,
    0x0, 0x0, 0x0, 0x0, 0xdf, 0xff, 0x20, 0x0,
    0x0, 0x0, 0x0, 0x0, 0x0, 0xd, 0xff, 0xf2,
    0x0, 0x0, 0x0, 0x0, 0x0, 0x0, 0x0, 0xdf,
    0xff, 0x20, 0x0, 0x0, 0x0, 0x0, 0x0, 0x0,
    0xd, 0xff, 0xf2, 0x0, 0x0, 0x0, 0x0, 0x0,
    0x0, 0x0, 0xdf, 0xff, 0x20, 0x0, 0x0, 0x0,
    0x0, 0x0, 0x0, 0xd, 0xff, 0xf2, 0x0, 0x0,
    0x0, 0x0, 0x0, 0x0, 0x0, 0xdf, 0xff, 0x10,
    0x0, 0x0, 0x0, 0x0, 0x0, 0x0, 0xd, 0xff,
    0x5d, 0xff, 0xff, 0xff, 0xff, 0xff, 0xd1, 0x0,
    0x8a, 0x4d, 0xff, 0xff, 0xff, 0xff, 0xff, 0xff,
    0xd1, 0x9, 0xb4, 0xdf, 0xff, 0xff, 0xff, 0xff,
    0xff, 0xfe, 0x20, 0xdf, 0xf5, 0xdf, 0xff, 0xff,
    0xff, 0xff, 0xfe, 0x20, 0xd, 0xff, 0xf1, 0x0,
    0x0, 0x0, 0x0, 0x0, 0x0, 0x0, 0xdf, 0xff,
    0x20, 0x0, 0x0, 0x0, 0x0, 0x0, 0x0, 0xd,
    0xff, 0xf2, 0x0, 0x0, 0x0, 0x0, 0x0, 0x0,
    0x0, 0xdf, 0xff, 0x20, 0x0, 0x0, 0x0, 0x0,
    0x0, 0x0, 0xd, 0xff, 0xf2, 0x0, 0x0, 0x0,
    0x0, 0x0, 0x0, 0x0, 0xdf, 0xff, 0x20, 0x0,
    0x0, 0x0, 0x0, 0x0, 0x0, 0xd, 0xff, 0xf2,
    0x0, 0x0, 0x0, 0x0, 0x0, 0x0, 0x0, 0xdf,
    0xff, 0x20, 0x0, 0x0, 0x0, 0x0, 0x0, 0x0,
    0xd, 0xff, 0xf2, 0x0, 0x0, 0x0, 0x0, 0x0,
    0x0, 0x0, 0xdf, 0xff, 0x10, 0x0, 0x0, 0x0,
    0x0, 0x0, 0x0, 0xd, 0xff, 0x5d, 0xff, 0xff,
    0xff, 0xff, 0xff, 0xe2, 0x0, 0xbf, 0x5d, 0xff,
    0xff, 0xff, 0xff, 0xff, 0xff, 0xe2, 0x1, 0x4d,
    0xff, 0xff, 0xff, 0xff, 0xff, 0xff, 0xff, 0xe2,
    0x1, 0xdf, 0xff, 0xff, 0xff, 0xff, 0xff, 0xff,
    0xfe, 0x20,

    /* U+0046 "F" */
    0x0, 0x0, 0x0, 0x0, 0x0, 0x0, 0x0, 0x0,
    0x0, 0x0, 0x1d, 0xff, 0xff, 0xff, 0xff, 0xff,
    0xff, 0xff, 0xe2, 0x14, 0xdf, 0xff, 0xff, 0xff,
    0xff, 0xff, 0xff, 0xfd, 0x1b, 0xf5, 0xdf, 0xff,
    0xff, 0xff, 0xff, 0xff, 0xfe, 0x20, 0xdf, 0xf5,
    0xdf, 0xff, 0xff, 0xff, 0xff, 0xfe, 0x20, 0xd,
    0xff, 0xf1, 0x0, 0x0, 0x0, 0x0, 0x0, 0x0,
    0x0, 0xdf, 0xff, 0x20, 0x0, 0x0, 0x0, 0x0,
    0x0, 0x0, 0xd, 0xff, 0xf2, 0x0, 0x0, 0x0,
    0x0, 0x0, 0x0, 0x0, 0xdf, 0xff, 0x20, 0x0,
    0x0, 0x0, 0x0, 0x0, 0x0, 0xd, 0xff, 0xf2,
    0x0, 0x0, 0x0, 0x0, 0x0, 0x0, 0x0, 0xdf,
    0xff, 0x20, 0x0, 0x0, 0x0, 0x0, 0x0, 0x0,
    0xd, 0xff, 0xf2, 0x0, 0x0, 0x0, 0x0, 0x0,
    0x0, 0x0, 0xdf, 0xff, 0x20, 0x0, 0x0, 0x0,
    0x0, 0x0, 0x0, 0xd, 0xff, 0xf2, 0x0, 0x0,
    0x0, 0x0, 0x0, 0x0, 0x0, 0xdf, 0xff, 0x10,
    0x0, 0x0, 0x0, 0x0, 0x0, 0x0, 0xd, 0xff,
    0x5d, 0xff, 0xff, 0xff, 0xff, 0xff, 0xd1, 0x0,
    0x8a, 0x4d, 0xff, 0xff, 0xff, 0xff, 0xff, 0xff,
    0xd1, 0x9, 0xb4, 0xdf, 0xff, 0xff, 0xff, 0xff,
    0xff, 0xfe, 0x20, 0xdf, 0xf5, 0xdf, 0xff, 0xff,
    0xff, 0xff, 0xfe, 0x20, 0xd, 0xff, 0xf1, 0x0,
    0x0, 0x0, 0x0, 0x0, 0x0, 0x0, 0xdf, 0xff,
    0x20, 0x0, 0x0, 0x0, 0x0, 0x0, 0x0, 0xd,
    0xff, 0xf2, 0x0, 0x0, 0x0, 0x0, 0x0, 0x0,
    0x0, 0xdf, 0xff, 0x20, 0x0, 0x0, 0x0, 0x0,
    0x0, 0x0, 0xd, 0xff, 0xf2, 0x0, 0x0, 0x0,
    0x0, 0x0, 0x0, 0x0, 0xdf, 0xff, 0x20, 0x0,
    0x0, 0x0, 0x0, 0x0, 0x0, 0xd, 0xff, 0xf2,
    0x0, 0x0, 0x0, 0x0, 0x0, 0x0, 0x0, 0xdf,
    0xff, 0x20, 0x0, 0x0, 0x0, 0x0, 0x0, 0x0,
    0xd, 0xff, 0xf2, 0x0, 0x0, 0x0, 0x0, 0x0,
    0x0, 0x0, 0xdf, 0xff, 0x10, 0x0, 0x0, 0x0,
    0x0, 0x0, 0x0, 0xd, 0xff, 0x60, 0x0, 0x0,
    0x0, 0x0, 0x0, 0x0, 0x0, 0xcf, 0x60, 0x0,
    0x0, 0x0, 0x0, 0x0, 0x0, 0x0, 0x2, 0x60,
    0x0, 0x0, 0x0, 0x0, 0x0, 0x0, 0x0, 0x0,

    /* U+0047 "G" */
    0x0, 0x0, 0x0, 0x0, 0x0, 0x0, 0x0, 0x0,
    0x0, 0x0, 0x1, 0xdf, 0xff, 0xff, 0xff, 0xff,
    0xff, 0xff, 0xfe, 0x20, 0x14, 0xdf, 0xff, 0xff,
    0xff, 0xff, 0xff, 0xff, 0xfd, 0x10, 0xbf, 0x5d,
    0xff, 0xff, 0xff, 0xff, 0xff, 0xff, 0xe2, 0x0,
    0xdf, 0xf5, 0xdf, 0xff, 0xff, 0xff, 0xff, 0xfe,
    0x20, 0x0, 0xdf, 0xff, 0x10, 0x0, 0x0, 0x0,
    0x0, 0x0, 0x0, 0x0, 0xdf, 0xff, 0x20, 0x0,
    0x0, 0x0, 0x0, 0x0, 0x0, 0x0, 0xdf, 0xff,
    0x20, 0x0, 0x0, 0x0, 0x0, 0x0, 0x0, 0x0,
    0xdf, 0xff, 0x20, 0x0, 0x0, 0x0, 0x0, 0x0,
    0x0, 0x0, 0xdf, 0xff, 0x20, 0x0, 0x0, 0x0,
    0x0, 0x0, 0x0, 0x0, 0xdf, 0xff, 0x20, 0x0,
    0x0, 0x0, 0x0, 0x0, 0x0, 0x0, 0xdf, 0xff,
    0x20, 0x0, 0x0, 0x0, 0x0, 0x0, 0x0, 0x0,
    0xdf, 0xff, 0x20, 0x0, 0x0, 0x0, 0x0, 0x0,
    0x0, 0x0, 0xdf, 0xff, 0x20, 0x0, 0x0, 0x0,
    0x0, 0x0, 0x0, 0x0, 0xdf, 0xff, 0x10, 0x0,
    0x0, 0x0, 0x0, 0x0, 0x0, 0x0, 0xdf, 0xf3,
    0x0, 0x0, 0x0, 0x0, 0x0, 0x0, 0x0, 0x0,
    0x9b, 0x30, 0x0, 0x0, 0x0, 0x0, 0x0, 0x0,
    0x0, 0x0, 0x9b, 0x30, 0x0, 0x0, 0x0, 0x0,
    0x0, 0x0, 0x4, 0xba, 0xdf, 0xf3, 0x0, 0x0,
    0x0, 0x0, 0x0, 0x0, 0x3f, 0xff, 0xdf, 0xff,
    0x10, 0x0, 0x0, 0x0, 0x0, 0x0, 0xef, 0xff,
    0xdf, 0xff, 0x20, 0x0, 0x0, 0x0, 0x0, 0x0,
    0xff, 0xff, 0xdf, 0xff, 0x20, 0x0, 0x0, 0x0,
    0x0, 0x0, 0xff, 0xff, 0xdf, 0xff, 0x20, 0x0,
    0x0, 0x0, 0x0, 0x0, 0xff, 0xff, 0xdf, 0xff,
    0x20, 0x0, 0x0, 0x0, 0x0, 0x0, 0xff, 0xff,
    0xdf, 0xff, 0x20, 0x0, 0x0, 0x0, 0x0, 0x0,
    0xff, 0xff, 0xdf, 0xff, 0x20, 0x0, 0x0, 0x0,
    0x0, 0x0, 0xff, 0xff, 0xdf, 0xff, 0x20, 0x0,
    0x0, 0x0, 0x0, 0x0, 0xff, 0xff, 0xdf, 0xff,
    0x20, 0x0, 0x0, 0x0, 0x0, 0x0, 0xff, 0xff,
    0xdf, 0xff, 0x10, 0x0, 0x0, 0x0, 0x0, 0x0,
    0xef, 0xff, 0xdf, 0xf5, 0xdf, 0xff, 0xff, 0xff,
    0xff, 0xfe, 0x4e, 0xff, 0xbf, 0x5d, 0xff, 0xff,
    0xff, 0xff, 0xff, 0xff, 0xe4, 0xed, 0x14, 0xdf,
    0xff, 0xff, 0xff, 0xff, 0xff, 0xff, 0xfe, 0x41,
    0x1, 0xdf, 0xff, 0xff, 0xff, 0xff, 0xff, 0xff,
    0xfe, 0x20,

    /* U+0048 "H" */
    0x26, 0x0, 0x0, 0x0, 0x0, 0x0, 0x0, 0x0,
    0x0, 0x0, 0xcf, 0x60, 0x0, 0x0, 0x0, 0x0,
    0x0, 0x0, 0x0, 0x0, 0xdf, 0xf6, 0x0, 0x0,
    0x0, 0x0, 0x0, 0x0, 0x0, 0x0, 0xdf, 0xff,
    0x10, 0x0, 0x0, 0x0, 0x0, 0x0, 0x0, 0x0,
    0xdf, 0xff, 0x20, 0x0, 0x0, 0x0, 0x0, 0x0,
    0x0, 0x0, 0xdf, 0xff, 0x20, 0x0, 0x0, 0x0,
    0x0, 0x0, 0x0, 0x0, 0xdf, 0xff, 0x20, 0x0,
    0x0, 0x0, 0x0, 0x0, 0x0, 0x0, 0xdf, 0xff,
    0x20, 0x0, 0x0, 0x0, 0x0, 0x0, 0x0, 0x0,
    0xdf, 0xff, 0x20, 0x0, 0x0, 0x0, 0x0, 0x0,
    0x0, 0x0, 0xdf, 0xff, 0x20, 0x0, 0x0, 0x0,
    0x0, 0x0, 0x0, 0x0, 0xdf, 0xff, 0x20, 0x0,
    0x0, 0x0, 0x0, 0x0, 0x0, 0x0, 0xdf, 0xff,
    0x20, 0x0, 0x0, 0x0, 0x0, 0x0, 0x0, 0x0,
    0xdf, 0xff, 0x10, 0x0, 0x0, 0x0, 0x0, 0x0,
    0x0, 0x0, 0xdf, 0xf4, 0xdf, 0xff, 0xff, 0xff,
    0xff, 0xfd, 0x10, 0x0, 0x8a, 0x4d, 0xff, 0xff,
    0xff, 0xff, 0xff, 0xff, 0xd1, 0x0, 0x9b, 0x4d,
    0xff, 0xff, 0xff, 0xff, 0xff, 0xff, 0xe6, 0xba,
    0xdf, 0xf5, 0xdf, 0xff, 0xff, 0xff, 0xff, 0xfe,
    0x5f, 0xff, 0xdf, 0xff, 0x10, 0x0, 0x0, 0x0,
    0x0, 0x0, 0xef, 0xff, 0xdf, 0xff, 0x20, 0x0,
    0x0, 0x0, 0x0, 0x0, 0xff, 0xff, 0xdf, 0xff,
    0x20, 0x0, 0x0, 0x0, 0x0, 0x0, 0xff, 0xff,
    0xdf, 0xff, 0x20, 0x0, 0x0, 0x0, 0x0, 0x0,
    0xff, 0xff, 0xdf, 0xff, 0x20, 0x0, 0x0, 0x0,
    0x0, 0x0, 0xff, 0xff, 0xdf, 0xff, 0x20, 0x0,
    0x0, 0x0, 0x0, 0x0, 0xff, 0xff, 0xdf, 0xff,
    0x20, 0x0, 0x0, 0x0, 0x0, 0x0, 0xff, 0xff,
    0xdf, 0xff, 0x20, 0x0, 0x0, 0x0, 0x0, 0x0,
    0xff, 0xff, 0xdf, 0xff, 0x20, 0x0, 0x0, 0x0,
    0x0, 0x0, 0xff, 0xff, 0xdf, 0xff, 0x10, 0x0,
    0x0, 0x0, 0x0, 0x0, 0xff, 0xff, 0xdf, 0xf6,
    0x0, 0x0, 0x0, 0x0, 0x0, 0x0, 0x4f, 0xff,
    0xcf, 0x60, 0x0, 0x0, 0x0, 0x0, 0x0, 0x0,
    0x5, 0xfe, 0x26, 0x0, 0x0, 0x0, 0x0, 0x0,
    0x0, 0x0, 0x0, 0x53,

    /* U+0049 "I" */
    0x0, 0x8f, 0xf0, 0x8f, 0xff, 0xf, 0xff, 0xf0,
    0xff, 0xff, 0xf, 0xff, 0xf0, 0xff, 0xff, 0xf,
    0xff, 0xf0, 0xff, 0xff, 0xf, 0xff, 0xf0, 0xff,
    0xff, 0xf, 0xff, 0xf0, 0xcf, 0xff, 0x1, 0xcf,
    0xf0, 0x1, 0xdb, 0x0, 0x1, 0x0,

    /* U+004A "J" */
    0x0, 0x0, 0x0, 0x0, 0x0, 0x0, 0x0, 0x0,
    0x0, 0x76, 0x0, 0x0, 0x0, 0x0, 0x0, 0x0,
    0x0, 0x0, 0x7, 0xfe, 0x0, 0x0, 0x0, 0x0,
    0x0, 0x0, 0x0, 0x0, 0x7f, 0xff, 0x0, 0x0,
    0x0, 0x0, 0x0, 0x0, 0x0, 0x0, 0xff, 0xff,
    0x0, 0x0, 0x0, 0x0, 0x0, 0x0, 0x0, 0x0,
    0xff, 0xff, 0x0, 0x0, 0x0, 0x0, 0x0, 0x0,
    0x0, 0x0, 0xff, 0xff, 0x0, 0x0, 0x0, 0x0,
    0x0, 0x0, 0x0, 0x0, 0xff, 0xff, 0x0, 0x0,
    0x0, 0x0, 0x0, 0x0, 0x0, 0x0, 0xff, 0xff,
    0x0, 0x0, 0x0, 0x0, 0x0, 0x0, 0x0, 0x0,
    0xff, 0xff, 0x0, 0x0, 0x0, 0x0, 0x0, 0x0,
    0x0, 0x0, 0xff, 0xff, 0x0, 0x0, 0x0, 0x0,
    0x0, 0x0, 0x0, 0x0, 0xff, 0xff, 0x0, 0x0,
    0x0, 0x0, 0x0, 0x0, 0x0, 0x0, 0xff, 0xff,
    0x0, 0x0, 0x0, 0x0, 0x0, 0x0, 0x0, 0x0,
    0xdf, 0xff, 0x0, 0x0, 0x0, 0x0, 0x0, 0x0,
    0x0, 0x0, 0x1d, 0xff, 0x0, 0x0, 0x0, 0x0,
    0x0, 0x0, 0x0, 0x0, 0x1, 0x77, 0xdf, 0x70,
    0x0, 0x0, 0x0, 0x0, 0x0, 0x0, 0x8, 0xff,
    0xdf, 0xf7, 0x0, 0x0, 0x0, 0x0, 0x0, 0x0,
    0x6f, 0xff, 0xdf, 0xff, 0x20, 0x0, 0x0, 0x0,
    0x0, 0x0, 0xff, 0xff, 0xdf, 0xff, 0x20, 0x0,
    0x0, 0x0, 0x0, 0x0, 0xff, 0xff, 0xdf, 0xff,
    0x20, 0x0, 0x0, 0x0, 0x0, 0x0, 0xff, 0xff,
    0xdf, 0xff, 0x20, 0x0, 0x0, 0x0, 0x0, 0x0,
    0xff, 0xff, 0xdf, 0xff, 0x20, 0x0, 0x0, 0x0,
    0x0, 0x0, 0xff, 0xff, 0xdf, 0xff, 0x20, 0x0,
    0x0, 0x0, 0x0, 0x0, 0xff, 0xff, 0xdf, 0xff,
    0x20, 0x0, 0x0, 0x0, 0x0, 0x0, 0xff, 0xff,
    0xdf, 0xff, 0x20, 0x0, 0x0, 0x0, 0x0, 0x0,
    0xff, 0xff, 0xdf, 0xff, 0x20, 0x0, 0x0, 0x0,
    0x0, 0x0, 0xff, 0xff, 0xdf, 0xff, 0x10, 0x0,
    0x0, 0x0, 0x0, 0x0, 0xef, 0xff, 0xdf, 0xf5,
    0xdf, 0xff, 0xff, 0xff, 0xff, 0xfe, 0x4e, 0xff,
    0xbf, 0x5d, 0xff, 0xff, 0xff, 0xff, 0xff, 0xff,
    0xe4, 0xed, 0x14, 0xdf, 0xff, 0xff, 0xff, 0xff,
    0xff, 0xff, 0xfe, 0x41, 0x1, 0xdf, 0xff, 0xff,
    0xff, 0xff, 0xff, 0xff, 0xfe, 0x20,

    /* U+004B "K" */
    0x0, 0x0, 0x0, 0x0, 0x0, 0x0, 0x0, 0x0,
    0x0, 0x0, 0x1, 0xdf, 0xff, 0xff, 0xff, 0xff,
    0xff, 0xff, 0xfe, 0x20, 0x14, 0xdf, 0xff, 0xff,
    0xff, 0xff, 0xff, 0xff, 0xfd, 0x10, 0xbf, 0x5d,
    0xff, 0xff, 0xff, 0xff, 0xff, 0xff, 0xe2, 0x0,
    0xdf, 0xf5, 0xdf, 0xff, 0xff, 0xff, 0xff, 0xfe,
    0x20, 0x0, 0xdf, 0xff, 0x10, 0x0, 0x0, 0x0,
    0x0, 0x0, 0x0, 0x0, 0xdf, 0xff, 0x20, 0x0,
    0x0, 0x0, 0x0, 0x0, 0x0, 0x0, 0xdf, 0xff,
    0x20, 0x0, 0x0, 0x0, 0x0, 0x0, 0x0, 0x0,
    0xdf, 0xff, 0x20, 0x0, 0x0, 0x0, 0x0, 0x0,
    0x0, 0x0, 0xdf, 0xff, 0x20, 0x0, 0x0, 0x0,
    0x0, 0x0, 0x0, 0x0, 0xdf, 0xff, 0x20, 0x0,
    0x0, 0x0, 0x0, 0x0, 0x0, 0x0, 0xdf, 0xff,
    0x20, 0x0, 0x0, 0x0, 0x0, 0x0, 0x0, 0x0,
    0xdf, 0xff, 0x20, 0x0, 0x0, 0x0, 0x0, 0x0,
    0x0, 0x0, 0xdf, 0xff, 0x20, 0x0, 0x0, 0x0,
    0x0, 0x0, 0x0, 0x0, 0xdf, 0xff, 0x10, 0x0,
    0x0, 0x0, 0x0, 0x0, 0x0, 0x0, 0xdf, 0xf5,
    0xdf, 0xff, 0xff, 0xff, 0xff, 0xfd, 0x10, 0x0,
    0x8a, 0x4d, 0xff, 0xff, 0xff, 0xff, 0xff, 0xff,
    0xd1, 0x0, 0x9b, 0x4d, 0xff, 0xff, 0xff, 0xff,
    0xff, 0xff, 0xe6, 0xba, 0xdf, 0xf5, 0xdf, 0xff,
    0xff, 0xff, 0xff, 0xfe, 0x5f, 0xff, 0xdf, 0xff,
    0x10, 0x0, 0x0, 0x0, 0x0, 0x0, 0xef, 0xff,
    0xdf, 0xff, 0x20, 0x0, 0x0, 0x0, 0x0, 0x0,
    0xff, 0xff, 0xdf, 0xff, 0x20, 0x0, 0x0, 0x0,
    0x0, 0x0, 0xff, 0xff, 0xdf, 0xff, 0x20, 0x0,
    0x0, 0x0, 0x0, 0x0, 0xff, 0xff, 0xdf, 0xff,
    0x20, 0x0, 0x0, 0x0, 0x0, 0x0, 0xff, 0xff,
    0xdf, 0xff, 0x20, 0x0, 0x0, 0x0, 0x0, 0x0,
    0xff, 0xff, 0xdf, 0xff, 0x20, 0x0, 0x0, 0x0,
    0x0, 0x0, 0xff, 0xff, 0xdf, 0xff, 0x20, 0x0,
    0x0, 0x0, 0x0, 0x0, 0xff, 0xff, 0xdf, 0xff,
    0x20, 0x0, 0x0, 0x0, 0x0, 0x0, 0xff, 0xff,
    0xdf, 0xff, 0x10, 0x0, 0x0, 0x0, 0x0, 0x0,
    0xff, 0xff, 0xdf, 0xf6, 0x0, 0x0, 0x0, 0x0,
    0x0, 0x0, 0x4f, 0xff, 0xcf, 0x60, 0x0, 0x0,
    0x0, 0x0, 0x0, 0x0, 0x5, 0xfe, 0x26, 0x0,
    0x0, 0x0, 0x0, 0x0, 0x0, 0x0, 0x0, 0x53,

    /* U+004C "L" */
    0x49, 0x0, 0x0, 0x0, 0x0, 0x0, 0x0, 0x0,
    0x0, 0xd, 0xf9, 0x0, 0x0, 0x0, 0x0, 0x0,
    0x0, 0x0, 0x0, 0xdf, 0xf9, 0x0, 0x0, 0x0,
    0x0, 0x0, 0x0, 0x0, 0xd, 0xff, 0xf2, 0x0,
    0x0, 0x0, 0x0, 0x0, 0x0, 0x0, 0xdf, 0xff,
    0x20, 0x0, 0x0, 0x0, 0x0, 0x0, 0x0, 0xd,
    0xff, 0xf2, 0x0, 0x0, 0x0, 0x0, 0x0, 0x0,
    0x0, 0xdf, 0xff, 0x20, 0x0, 0x0, 0x0, 0x0,
    0x0, 0x0, 0xd, 0xff, 0xf2, 0x0, 0x0, 0x0,
    0x0, 0x0, 0x0, 0x0, 0xdf, 0xff, 0x20, 0x0,
    0x0, 0x0, 0x0, 0x0, 0x0, 0xd, 0xff, 0xf2,
    0x0, 0x0, 0x0, 0x0, 0x0, 0x0, 0x0, 0xdf,
    0xff, 0x20, 0x0, 0x0, 0x0, 0x0, 0x0, 0x0,
    0xd, 0xff, 0xf2, 0x0, 0x0, 0x0, 0x0, 0x0,
    0x0, 0x0, 0xdf, 0xfd, 0x0, 0x0, 0x0, 0x0,
    0x0, 0x0, 0x0, 0xd, 0xfd, 0x10, 0x0, 0x0,
    0x0, 0x0, 0x0, 0x0, 0x0, 0x68, 0x10, 0x0,
    0x0, 0x0, 0x0, 0x0, 0x0, 0x0, 0xd, 0xf7,
    0x0, 0x0, 0x0, 0x0, 0x0, 0x0, 0x0, 0x0,
    0xdf, 0xf7, 0x0, 0x0, 0x0, 0x0, 0x0, 0x0,
    0x0, 0xd, 0xff, 0xf2, 0x0, 0x0, 0x0, 0x0,
    0x0, 0x0, 0x0, 0xdf, 0xff, 0x20, 0x0, 0x0,
    0x0, 0x0, 0x0, 0x0, 0xd, 0xff, 0xf2, 0x0,
    0x0, 0x0, 0x0, 0x0, 0x0, 0x0, 0xdf, 0xff,
    0x20, 0x0, 0x0, 0x0, 0x0, 0x0, 0x0, 0xd,
    0xff, 0xf2, 0x0, 0x0, 0x0, 0x0, 0x0, 0x0,
    0x0, 0xdf, 0xff, 0x20, 0x0, 0x0, 0x0, 0x0,
    0x0, 0x0, 0xd, 0xff, 0xf2, 0x0, 0x0, 0x0,
    0x0, 0x0, 0x0, 0x0, 0xdf, 0xff, 0x20, 0x0,
    0x0, 0x0, 0x0, 0x0, 0x0, 0xd, 0xff, 0xf2,
    0x0, 0x0, 0x0, 0x0, 0x0, 0x0, 0x0, 0xdf,
    0xff, 0x10, 0x0, 0x0, 0x0, 0x0, 0x0, 0x0,
    0xd, 0xff, 0x5d, 0xff, 0xff, 0xff, 0xff, 0xff,
    0xe2, 0x0, 0xbf, 0x5d, 0xff, 0xff, 0xff, 0xff,
    0xff, 0xff, 0xe2, 0x1, 0x4d, 0xff, 0xff, 0xff,
    0xff, 0xff, 0xff, 0xff, 0xe2, 0x1, 0xdf, 0xff,
    0xff, 0xff, 0xff, 0xff, 0xff, 0xfe, 0x20,

    /* U+004D "M" */
    0x0, 0x0, 0x0, 0x0, 0x0, 0x0, 0x0, 0x0,
    0x0, 0x0, 0x1, 0xdf, 0xff, 0xff, 0xff, 0xff,
    0xff, 0xff, 0xfe, 0x20, 0x14, 0xdf, 0xff, 0xff,
    0xff, 0xff, 0xff, 0xff, 0xfd, 0x42, 0xbf, 0x5d,
    0xff, 0xff, 0xff, 0xff, 0xff, 0xff, 0xe4, 0xed,
    0xdf, 0xf5, 0xdf, 0xff, 0xff, 0xff, 0xff, 0xfe,
    0x4e, 0xff, 0xdf, 0xff, 0x10, 0x0, 0x0, 0x0,
    0x0, 0x0, 0xef, 0xff, 0xdf, 0xff, 0x20, 0x0,
    0x0, 0x0, 0x0, 0x0, 0xff, 0xff, 0xdf, 0xff,
    0x20, 0x0, 0x0, 0x0, 0x0, 0x0, 0xff, 0xff,
    0xdf, 0xff, 0x20, 0x0, 0x0, 0x0, 0x0, 0x0,
    0xff, 0xff, 0xdf, 0xff, 0x20, 0x0, 0x0, 0x0,
    0x0, 0x0, 0xff, 0xff, 0xdf, 0xff, 0x20, 0x0,
    0x0, 0x0, 0x0, 0x0, 0xff, 0xff, 0xdf, 0xff,
    0x20, 0x0, 0x0, 0x0, 0x0, 0x0, 0xff, 0xff,
    0xdf, 0xff, 0x20, 0x0, 0x0, 0x0, 0x0, 0x0,
    0xff, 0xff, 0xdf, 0xff, 0x20, 0x0, 0x0, 0x0,
    0x0, 0x0, 0xff, 0xff, 0xdf, 0xff, 0x10, 0x0,
    0x0, 0x0, 0x0, 0x0, 0xff, 0xff, 0xdf, 0xf5,
    0x0, 0x0, 0x0, 0x0, 0x0, 0x0, 0x4f, 0xff,
    0xbd, 0x50, 0x0, 0x0, 0x0, 0x0, 0x0, 0x0,
    0x4, 0xdc, 0x68, 0x10, 0x0, 0x0, 0x0, 0x0,
    0x0, 0x0, 0x2, 0x87, 0xdf, 0xd1, 0x0, 0x0,
    0x0, 0x0, 0x0, 0x0, 0x1d, 0xff, 0xdf, 0xfd,
    0x0, 0x0, 0x0, 0x0, 0x0, 0x0, 0xdf, 0xff,
    0xdf, 0xff, 0x20, 0x0, 0x0, 0x0, 0x0, 0x0,
    0xff, 0xff, 0xdf, 0xff, 0x20, 0x0, 0x0, 0x0,
    0x0, 0x0, 0xff, 0xff, 0xdf, 0xff, 0x20, 0x0,
    0x0, 0x0, 0x0, 0x0, 0xff, 0xff, 0xdf, 0xff,
    0x20, 0x0, 0x0, 0x0, 0x0, 0x0, 0xff, 0xff,
    0xdf, 0xff, 0x20, 0x0, 0x0, 0x0, 0x0, 0x0,
    0xff, 0xff, 0xdf, 0xff, 0x20, 0x0, 0x0, 0x0,
    0x0, 0x0, 0xff, 0xff, 0xdf, 0xff, 0x20, 0x0,
    0x0, 0x0, 0x0, 0x0, 0xff, 0xff, 0xdf, 0xff,
    0x20, 0x0, 0x0, 0x0, 0x0, 0x0, 0xff, 0xff,
    0xdf, 0xff, 0x20, 0x0, 0x0, 0x0, 0x0, 0x0,
    0xff, 0xff, 0xdf, 0xf9, 0x0, 0x0, 0x0, 0x0,
    0x0, 0x0, 0x7f, 0xff, 0xdf, 0x90, 0x0, 0x0,
    0x0, 0x0, 0x0, 0x0, 0x7, 0xfe, 0x49, 0x0,
    0x0, 0x0, 0x0, 0x0, 0x0, 0x0, 0x0, 0x76,

    /* U+004E "N" */
    0x0, 0x0, 0x0, 0x0, 0x0, 0x0, 0x0, 0x0,
    0x0, 0x0, 0x0, 0x1, 0xdf, 0xff, 0xff, 0xff,
    0xff, 0xfd, 0x10, 0x0, 0x0, 0x1d, 0xff, 0xff,
    0xff, 0xff, 0xff, 0xff, 0xd1, 0x0, 0x9b, 0x4d,
    0xff, 0xff, 0xff, 0xff, 0xff, 0xff, 0xe6, 0xba,
    0xdf, 0xf5, 0xdf, 0xff, 0xff, 0xff, 0xff, 0xfe,
    0x5f, 0xff, 0xdf, 0xff, 0x10, 0x0, 0x0, 0x0,
    0x0, 0x0, 0xef, 0xff, 0xdf, 0xff, 0x20, 0x0,
    0x0, 0x0, 0x0, 0x0, 0xff, 0xff, 0xdf, 0xff,
    0x20, 0x0, 0x0, 0x0, 0x0, 0x0, 0xff, 0xff,
    0xdf, 0xff, 0x20, 0x0, 0x0, 0x0, 0x0, 0x0,
    0xff, 0xff, 0xdf, 0xff, 0x20, 0x0, 0x0, 0x0,
    0x0, 0x0, 0xff, 0xff, 0xdf, 0xff, 0x20, 0x0,
    0x0, 0x0, 0x0, 0x0, 0xff, 0xff, 0xdf, 0xff,
    0x20, 0x0, 0x0, 0x0, 0x0, 0x0, 0xff, 0xff,
    0xdf, 0xff, 0x20, 0x0, 0x0, 0x0, 0x0, 0x0,
    0xff, 0xff, 0xdf, 0xff, 0x20, 0x0, 0x0, 0x0,
    0x0, 0x0, 0xff, 0xff, 0xdf, 0xff, 0x10, 0x0,
    0x0, 0x0, 0x0, 0x0, 0xff, 0xff, 0xdf, 0xf6,
    0x0, 0x0, 0x0, 0x0, 0x0, 0x0, 0x4f, 0xff,
    0xcf, 0x60, 0x0, 0x0, 0x0, 0x0, 0x0, 0x0,
    0x5, 0xfe, 0x26, 0x0, 0x0, 0x0, 0x0, 0x0,
    0x0, 0x0, 0x0, 0x53,

    /* U+004F "O" */
    0x0, 0x0, 0x0, 0x0, 0x0, 0x0, 0x0, 0x0,
    0x0, 0x0, 0x0, 0x1, 0xdf, 0xff, 0xff, 0xff,
    0xff, 0xfd, 0x10, 0x0, 0x0, 0x1d, 0xff, 0xff,
    0xff, 0xff, 0xff, 0xff, 0xd1, 0x0, 0x9b, 0x4d,
    0xff, 0xff, 0xff, 0xff, 0xff, 0xff, 0xe6, 0xba,
    0xdf, 0xf5, 0xdf, 0xff, 0xff, 0xff, 0xff, 0xfe,
    0x5f, 0xff, 0xdf, 0xff, 0x10, 0x0, 0x0, 0x0,
    0x0, 0x0, 0xef, 0xff, 0xdf, 0xff, 0x20, 0x0,
    0x0, 0x0, 0x0, 0x0, 0xff, 0xff, 0xdf, 0xff,
    0x20, 0x0, 0x0, 0x0, 0x0, 0x0, 0xff, 0xff,
    0xdf, 0xff, 0x20, 0x0, 0x0, 0x0, 0x0, 0x0,
    0xff, 0xff, 0xdf, 0xff, 0x20, 0x0, 0x0, 0x0,
    0x0, 0x0, 0xff, 0xff, 0xdf, 0xff, 0x20, 0x0,
    0x0, 0x0, 0x0, 0x0, 0xff, 0xff, 0xdf, 0xff,
    0x20, 0x0, 0x0, 0x0, 0x0, 0x0, 0xff, 0xff,
    0xdf, 0xff, 0x20, 0x0, 0x0, 0x0, 0x0, 0x0,
    0xff, 0xff, 0xdf, 0xff, 0x20, 0x0, 0x0, 0x0,
    0x0, 0x0, 0xff, 0xff, 0xdf, 0xff, 0x10, 0x0,
    0x0, 0x0, 0x0, 0x0, 0xef, 0xff, 0xdf, 0xf5,
    0xdf, 0xff, 0xff, 0xff, 0xff, 0xfe, 0x4e, 0xff,
    0xbf, 0x5d, 0xff, 0xff, 0xff, 0xff, 0xff, 0xff,
    0xe4, 0xed, 0x14, 0xdf, 0xff, 0xff, 0xff, 0xff,
    0xff, 0xff, 0xfe, 0x41, 0x1, 0xdf, 0xff, 0xff,
    0xff, 0xff, 0xff, 0xff, 0xfe, 0x20,

    /* U+0050 "P" */
    0x0, 0x0, 0x0, 0x0, 0x0, 0x0, 0x0, 0x0,
    0x0, 0x0, 0x1, 0xdf, 0xff, 0xff, 0xff, 0xff,
    0xff, 0xff, 0xfe, 0x20, 0x14, 0xdf, 0xff, 0xff,
    0xff, 0xff, 0xff, 0xff, 0xfd, 0x42, 0xbf, 0x5d,
    0xff, 0xff, 0xff, 0xff, 0xff, 0xff, 0xe4, 0xed,
    0xdf, 0xf5, 0xdf, 0xff, 0xff, 0xff, 0xff, 0xfe,
    0x5e, 0xff, 0xdf, 0xff, 0x10, 0x0, 0x0, 0x0,
    0x0, 0x0, 0xef, 0xff, 0xdf, 0xff, 0x20, 0x0,
    0x0, 0x0, 0x0, 0x0, 0xff, 0xff, 0xdf, 0xff,
    0x20, 0x0, 0x0, 0x0, 0x0, 0x0, 0xff, 0xff,
    0xdf, 0xff, 0x20, 0x0, 0x0, 0x0, 0x0, 0x0,
    0xff, 0xff, 0xdf, 0xff, 0x20, 0x0, 0x0, 0x0,
    0x0, 0x0, 0xff, 0xff, 0xdf, 0xff, 0x20, 0x0,
    0x0, 0x0, 0x0, 0x0, 0xff, 0xff, 0xdf, 0xff,
    0x20, 0x0, 0x0, 0x0, 0x0, 0x0, 0xff, 0xff,
    0xdf, 0xff, 0x20, 0x0, 0x0, 0x0, 0x0, 0x0,
    0xff, 0xff, 0xdf, 0xff, 0x20, 0x0, 0x0, 0x0,
    0x0, 0x0, 0xff, 0xff, 0xdf, 0xff, 0x10, 0x0,
    0x0, 0x0, 0x0, 0x0, 0xef, 0xff, 0xdf, 0xf5,
    0xdf, 0xff, 0xff, 0xff, 0xff, 0xfd, 0x4e, 0xff,
    0x8a, 0x4d, 0xff, 0xff, 0xff, 0xff, 0xff, 0xff,
    0xd4, 0xaa, 0x9b, 0x4d, 0xff, 0xff, 0xff, 0xff,
    0xff, 0xff, 0xe2, 0x0, 0xdf, 0xf5, 0xdf, 0xff,
    0xff, 0xff, 0xff, 0xfe, 0x20, 0x0, 0xdf, 0xff,
    0x10, 0x0, 0x0, 0x0, 0x0, 0x0, 0x0, 0x0,
    0xdf, 0xff, 0x20, 0x0, 0x0, 0x0, 0x0, 0x0,
    0x0, 0x0, 0xdf, 0xff, 0x20, 0x0, 0x0, 0x0,
    0x0, 0x0, 0x0, 0x0, 0xdf, 0xff, 0x20, 0x0,
    0x0, 0x0, 0x0, 0x0, 0x0, 0x0, 0xdf, 0xff,
    0x20, 0x0, 0x0, 0x0, 0x0, 0x0, 0x0, 0x0,
    0xdf, 0xff, 0x20, 0x0, 0x0, 0x0, 0x0, 0x0,
    0x0, 0x0, 0xdf, 0xff, 0x20, 0x0, 0x0, 0x0,
    0x0, 0x0, 0x0, 0x0, 0xdf, 0xff, 0x20, 0x0,
    0x0, 0x0, 0x0, 0x0, 0x0, 0x0, 0xdf, 0xff,
    0x20, 0x0, 0x0, 0x0, 0x0, 0x0, 0x0, 0x0,
    0xdf, 0xff, 0x10, 0x0, 0x0, 0x0, 0x0, 0x0,
    0x0, 0x0, 0xdf, 0xf6, 0x0, 0x0, 0x0, 0x0,
    0x0, 0x0, 0x0, 0x0, 0xcf, 0x60, 0x0, 0x0,
    0x0, 0x0, 0x0, 0x0, 0x0, 0x0, 0x26, 0x0,
    0x0, 0x0, 0x0, 0x0, 0x0, 0x0, 0x0, 0x0,

    /* U+0051 "Q" */
    0x0, 0x0, 0x0, 0x0, 0x0, 0x0, 0x0, 0x0,
    0x0, 0x0, 0x1, 0xdf, 0xff, 0xff, 0xff, 0xff,
    0xff, 0xff, 0xfe, 0x20, 0x14, 0xdf, 0xff, 0xff,
    0xff, 0xff, 0xff, 0xff, 0xfd, 0x42, 0xbf, 0x5d,
    0xff, 0xff, 0xff, 0xff, 0xff, 0xff, 0xe4, 0xed,
    0xdf, 0xf5, 0xdf, 0xff, 0xff, 0xff, 0xff, 0xfe,
    0x5e, 0xff, 0xdf, 0xff, 0x10, 0x0, 0x0, 0x0,
    0x0, 0x0, 0xef, 0xff, 0xdf, 0xff, 0x20, 0x0,
    0x0, 0x0, 0x0, 0x0, 0xff, 0xff, 0xdf, 0xff,
    0x20, 0x0, 0x0, 0x0, 0x0, 0x0, 0xff, 0xff,
    0xdf, 0xff, 0x20, 0x0, 0x0, 0x0, 0x0, 0x0,
    0xff, 0xff, 0xdf, 0xff, 0x20, 0x0, 0x0, 0x0,
    0x0, 0x0, 0xff, 0xff, 0xdf, 0xff, 0x20, 0x0,
    0x0, 0x0, 0x0, 0x0, 0xff, 0xff, 0xdf, 0xff,
    0x20, 0x0, 0x0, 0x0, 0x0, 0x0, 0xff, 0xff,
    0xdf, 0xff, 0x20, 0x0, 0x0, 0x0, 0x0, 0x0,
    0xff, 0xff, 0xdf, 0xff, 0x20, 0x0, 0x0, 0x0,
    0x0, 0x0, 0xff, 0xff, 0xdf, 0xff, 0x10, 0x0,
    0x0, 0x0, 0x0, 0x0, 0xef, 0xff, 0xdf, 0xf5,
    0xdf, 0xff, 0xff, 0xff, 0xff, 0xfd, 0x4e, 0xff,
    0x8a, 0x4d, 0xff, 0xff, 0xff, 0xff, 0xff, 0xff,
    0xd4, 0xaa, 0x0, 0x1d, 0xff, 0xff, 0xff, 0xff,
    0xff, 0xff, 0xe5, 0x98, 0x0, 0x1, 0xdf, 0xff,
    0xff, 0xff, 0xff, 0xfe, 0x5e, 0xff, 0x0, 0x0,
    0x0, 0x0, 0x0, 0x0, 0x0, 0x0, 0xef, 0xff,
    0x0, 0x0, 0x0, 0x0, 0x0, 0x0, 0x0, 0x0,
    0xff, 0xff, 0x0, 0x0, 0x0, 0x0, 0x0, 0x0,
    0x0, 0x0, 0xff, 0xff, 0x0, 0x0, 0x0, 0x0,
    0x0, 0x0, 0x0, 0x0, 0xff, 0xff, 0x0, 0x0,
    0x0, 0x0, 0x0, 0x0, 0x0, 0x0, 0xff, 0xff,
    0x0, 0x0, 0x0, 0x0, 0x0, 0x0, 0x0, 0x0,
    0xff, 0xff, 0x0, 0x0, 0x0, 0x0, 0x0, 0x0,
    0x0, 0x0, 0xff, 0xff, 0x0, 0x0, 0x0, 0x0,
    0x0, 0x0, 0x0, 0x0, 0xff, 0xff, 0x0, 0x0,
    0x0, 0x0, 0x0, 0x0, 0x0, 0x0, 0xff, 0xff,
    0x0, 0x0, 0x0, 0x0, 0x0, 0x0, 0x0, 0x0,
    0xff, 0xff, 0x0, 0x0, 0x0, 0x0, 0x0, 0x0,
    0x0, 0x0, 0x4f, 0xff, 0x0, 0x0, 0x0, 0x0,
    0x0, 0x0, 0x0, 0x0, 0x5, 0xfe, 0x0, 0x0,
    0x0, 0x0, 0x0, 0x0, 0x0, 0x0, 0x0, 0x53,

    /* U+0052 "R" */
    0x0, 0x0, 0x0, 0x0, 0x0, 0x0, 0x0, 0x0,
    0x0, 0x0, 0x1, 0xdf, 0xff, 0xff, 0xff, 0xff,
    0xfd, 0x10, 0x0, 0x1d, 0xff, 0xff, 0xff, 0xff,
    0xff, 0xff, 0xd1, 0x9b, 0x4d, 0xff, 0xff, 0xff,
    0xff, 0xff, 0xff, 0xe2, 0xdf, 0xf5, 0xdf, 0xff,
    0xff, 0xff, 0xff, 0xfe, 0x20, 0xdf, 0xff, 0x10,
    0x0, 0x0, 0x0, 0x0, 0x0, 0x0, 0xdf, 0xff,
    0x20, 0x0, 0x0, 0x0, 0x0, 0x0, 0x0, 0xdf,
    0xff, 0x20, 0x0, 0x0, 0x0, 0x0, 0x0, 0x0,
    0xdf, 0xff, 0x20, 0x0, 0x0, 0x0, 0x0, 0x0,
    0x0, 0xdf, 0xff, 0x20, 0x0, 0x0, 0x0, 0x0,
    0x0, 0x0, 0xdf, 0xff, 0x20, 0x0, 0x0, 0x0,
    0x0, 0x0, 0x0, 0xdf, 0xff, 0x20, 0x0, 0x0,
    0x0, 0x0, 0x0, 0x0, 0xdf, 0xff, 0x20, 0x0,
    0x0, 0x0, 0x0, 0x0, 0x0, 0xdf, 0xff, 0x20,
    0x0, 0x0, 0x0, 0x0, 0x0, 0x0, 0xdf, 0xff,
    0x10, 0x0, 0x0, 0x0, 0x0, 0x0, 0x0, 0xdf,
    0xf6, 0x0, 0x0, 0x0, 0x0, 0x0, 0x0, 0x0,
    0xcf, 0x60, 0x0, 0x0, 0x0, 0x0, 0x0, 0x0,
    0x0, 0x26, 0x0, 0x0, 0x0, 0x0, 0x0, 0x0,
    0x0, 0x0,

    /* U+0053 "S" */
    0x26, 0x0, 0x0, 0x0, 0x0, 0x0, 0x0, 0x0,
    0x0, 0x0, 0xcf, 0x60, 0x0, 0x0, 0x0, 0x0,
    0x0, 0x0, 0x0, 0x0, 0xdf, 0xf6, 0x0, 0x0,
    0x0, 0x0, 0x0, 0x0, 0x0, 0x0, 0xdf, 0xff,
    0x10, 0x0, 0x0, 0x0, 0x0, 0x0, 0x0, 0x0,
    0xdf, 0xff, 0x20, 0x0, 0x0, 0x0, 0x0, 0x0,
    0x0, 0x0, 0xdf, 0xff, 0x20, 0x0, 0x0, 0x0,
    0x0, 0x0, 0x0, 0x0, 0xdf, 0xff, 0x20, 0x0,
    0x0, 0x0, 0x0, 0x0, 0x0, 0x0, 0xdf, 0xff,
    0x20, 0x0, 0x0, 0x0, 0x0, 0x0, 0x0, 0x0,
    0xdf, 0xff, 0x20, 0x0, 0x0, 0x0, 0x0, 0x0,
    0x0, 0x0, 0xdf, 0xff, 0x20, 0x0, 0x0, 0x0,
    0x0, 0x0, 0x0, 0x0, 0xdf, 0xff, 0x20, 0x0,
    0x0, 0x0, 0x0, 0x0, 0x0, 0x0, 0xdf, 0xff,
    0x20, 0x0, 0x0, 0x0, 0x0, 0x0, 0x0, 0x0,
    0xdf, 0xff, 0x10, 0x0, 0x0, 0x0, 0x0, 0x0,
    0x0, 0x0, 0xdf, 0xf4, 0xdf, 0xff, 0xff, 0xff,
    0xff, 0xfd, 0x10, 0x0, 0x8a, 0x4d, 0xff, 0xff,
    0xff, 0xff, 0xff, 0xff, 0xd1, 0x0, 0x0, 0x1d,
    0xff, 0xff, 0xff, 0xff, 0xff, 0xff, 0xe5, 0x98,
    0x0, 0x1, 0xdf, 0xff, 0xff, 0xff, 0xff, 0xfe,
    0x5e, 0xff, 0x0, 0x0, 0x0, 0x0, 0x0, 0x0,
    0x0, 0x0, 0xef, 0xff, 0x0, 0x0, 0x0, 0x0,
    0x0, 0x0, 0x0, 0x0, 0xff, 0xff, 0x0, 0x0,
    0x0, 0x0, 0x0, 0x0, 0x0, 0x0, 0xff, 0xff,
    0x0, 0x0, 0x0, 0x0, 0x0, 0x0, 0x0, 0x0,
    0xff, 0xff, 0x0, 0x0, 0x0, 0x0, 0x0, 0x0,
    0x0, 0x0, 0xff, 0xff, 0x0, 0x0, 0x0, 0x0,
    0x0, 0x0, 0x0, 0x0, 0xff, 0xff, 0x0, 0x0,
    0x0, 0x0, 0x0, 0x0, 0x0, 0x0, 0xff, 0xff,
    0x0, 0x0, 0x0, 0x0, 0x0, 0x0, 0x0, 0x0,
    0xff, 0xff, 0x0, 0x0, 0x0, 0x0, 0x0, 0x0,
    0x0, 0x0, 0xff, 0xff, 0x0, 0x0, 0x0, 0x0,
    0x0, 0x0, 0x0, 0x0, 0xef, 0xff, 0x0, 0x1,
    0xdf, 0xff, 0xff, 0xff, 0xff, 0xfe, 0x4e, 0xff,
    0x0, 0x1d, 0xff, 0xff, 0xff, 0xff, 0xff, 0xff,
    0xe4, 0xed, 0x1, 0xdf, 0xff, 0xff, 0xff, 0xff,
    0xff, 0xff, 0xfe, 0x41, 0x1, 0xdf, 0xff, 0xff,
    0xff, 0xff, 0xff, 0xff, 0xfe, 0x20,

    /* U+0054 "T" */
    0x26, 0x0, 0x0, 0x0, 0x0, 0x0, 0x0, 0x0,
    0x0, 0xc, 0xf6, 0x0, 0x0, 0x0, 0x0, 0x0,
    0x0, 0x0, 0x0, 0xdf, 0xf6, 0x0, 0x0, 0x0,
    0x0, 0x0, 0x0, 0x0, 0xd, 0xff, 0xf1, 0x0,
    0x0, 0x0, 0x0, 0x0, 0x0, 0x0, 0xdf, 0xff,
    0x20, 0x0, 0x0, 0x0, 0x0, 0x0, 0x0, 0xd,
    0xff, 0xf2, 0x0, 0x0, 0x0, 0x0, 0x0, 0x0,
    0x0, 0xdf, 0xff, 0x20, 0x0, 0x0, 0x0, 0x0,
    0x0, 0x0, 0xd, 0xff, 0xf2, 0x0, 0x0, 0x0,
    0x0, 0x0, 0x0, 0x0, 0xdf, 0xff, 0x20, 0x0,
    0x0, 0x0, 0x0, 0x0, 0x0, 0xd, 0xff, 0xf2,
    0x0, 0x0, 0x0, 0x0, 0x0, 0x0, 0x0, 0xdf,
    0xff, 0x20, 0x0, 0x0, 0x0, 0x0, 0x0, 0x0,
    0xd, 0xff, 0xf2, 0x0, 0x0, 0x0, 0x0, 0x0,
    0x0, 0x0, 0xdf, 0xff, 0x10, 0x0, 0x0, 0x0,
    0x0, 0x0, 0x0, 0xd, 0xff, 0x4d, 0xff, 0xff,
    0xff, 0xff, 0xff, 0xd1, 0x0, 0x8a, 0x4d, 0xff,
    0xff, 0xff, 0xff, 0xff, 0xff, 0xd1, 0x9, 0xb4,
    0xdf, 0xff, 0xff, 0xff, 0xff, 0xff, 0xfe, 0x20,
    0xdf, 0xf5, 0xdf, 0xff, 0xff, 0xff, 0xff, 0xfe,
    0x20, 0xd, 0xff, 0xf1, 0x0, 0x0, 0x0, 0x0,
    0x0, 0x0, 0x0, 0xdf, 0xff, 0x20, 0x0, 0x0,
    0x0, 0x0, 0x0, 0x0, 0xd, 0xff, 0xf2, 0x0,
    0x0, 0x0, 0x0, 0x0, 0x0, 0x0, 0xdf, 0xff,
    0x20, 0x0, 0x0, 0x0, 0x0, 0x0, 0x0, 0xd,
    0xff, 0xf2, 0x0, 0x0, 0x0, 0x0, 0x0, 0x0,
    0x0, 0xdf, 0xff, 0x20, 0x0, 0x0, 0x0, 0x0,
    0x0, 0x0, 0xd, 0xff, 0xf2, 0x0, 0x0, 0x0,
    0x0, 0x0, 0x0, 0x0, 0xdf, 0xff, 0x20, 0x0,
    0x0, 0x0, 0x0, 0x0, 0x0, 0xd, 0xff, 0xf2,
    0x0, 0x0, 0x0, 0x0, 0x0, 0x0, 0x0, 0xdf,
    0xff, 0x10, 0x0, 0x0, 0x0, 0x0, 0x0, 0x0,
    0xd, 0xff, 0x5d, 0xff, 0xff, 0xff, 0xff, 0xff,
    0xe2, 0x0, 0xbf, 0x5d, 0xff, 0xff, 0xff, 0xff,
    0xff, 0xff, 0xe2, 0x1, 0x4d, 0xff, 0xff, 0xff,
    0xff, 0xff, 0xff, 0xff, 0xe2, 0x1, 0xdf, 0xff,
    0xff, 0xff, 0xff, 0xff, 0xff, 0xfe, 0x20,

    /* U+0055 "U" */
    0xdf, 0x70, 0x0, 0x0, 0x0, 0x0, 0x0, 0x0,
    0x8, 0xff, 0xdf, 0xf7, 0x0, 0x0, 0x0, 0x0,
    0x0, 0x0, 0x6f, 0xff, 0xdf, 0xff, 0x20, 0x0,
    0x0, 0x0, 0x0, 0x0, 0xff, 0xff, 0xdf, 0xff,
    0x20, 0x0, 0x0, 0x0, 0x0, 0x0, 0xff, 0xff,
    0xdf, 0xff, 0x20, 0x0, 0x0, 0x0, 0x0, 0x0,
    0xff, 0xff, 0xdf, 0xff, 0x20, 0x0, 0x0, 0x0,
    0x0, 0x0, 0xff, 0xff, 0xdf, 0xff, 0x20, 0x0,
    0x0, 0x0, 0x0, 0x0, 0xff, 0xff, 0xdf, 0xff,
    0x20, 0x0, 0x0, 0x0, 0x0, 0x0, 0xff, 0xff,
    0xdf, 0xff, 0x20, 0x0, 0x0, 0x0, 0x0, 0x0,
    0xff, 0xff, 0xdf, 0xff, 0x20, 0x0, 0x0, 0x0,
    0x0, 0x0, 0xff, 0xff, 0xdf, 0xff, 0x20, 0x0,
    0x0, 0x0, 0x0, 0x0, 0xff, 0xff, 0xdf, 0xff,
    0x10, 0x0, 0x0, 0x0, 0x0, 0x0, 0xef, 0xff,
    0xdf, 0xf5, 0xdf, 0xff, 0xff, 0xff, 0xff, 0xfe,
    0x4e, 0xff, 0xbf, 0x5d, 0xff, 0xff, 0xff, 0xff,
    0xff, 0xff, 0xe4, 0xed, 0x14, 0xdf, 0xff, 0xff,
    0xff, 0xff, 0xff, 0xff, 0xfe, 0x41, 0x1, 0xdf,
    0xff, 0xff, 0xff, 0xff, 0xff, 0xff, 0xfe, 0x20,

    /* U+0056 "V" */
    0x49, 0x0, 0x0, 0x0, 0x0, 0x0, 0x0, 0x0,
    0x0, 0x76, 0xdf, 0x90, 0x0, 0x0, 0x0, 0x0,
    0x0, 0x0, 0x7, 0xfe, 0xdf, 0xf9, 0x0, 0x0,
    0x0, 0x0, 0x0, 0x0, 0x7f, 0xff, 0xdf, 0xff,
    0x20, 0x0, 0x0, 0x0, 0x0, 0x0, 0xff, 0xff,
    0xdf, 0xff, 0x20, 0x0, 0x0, 0x0, 0x0, 0x0,
    0xff, 0xff, 0xdf, 0xff, 0x20, 0x0, 0x0, 0x0,
    0x0, 0x0, 0xff, 0xff, 0xdf, 0xff, 0x20, 0x0,
    0x0, 0x0, 0x0, 0x0, 0xff, 0xff, 0xdf, 0xff,
    0x20, 0x0, 0x0, 0x0, 0x0, 0x0, 0xff, 0xff,
    0xdf, 0xff, 0x20, 0x0, 0x0, 0x0, 0x0, 0x0,
    0xff, 0xff, 0xdf, 0xff, 0x20, 0x0, 0x0, 0x0,
    0x0, 0x0, 0xff, 0xff, 0xdf, 0xff, 0x20, 0x0,
    0x0, 0x0, 0x0, 0x0, 0xff, 0xff, 0xdf, 0xff,
    0x20, 0x0, 0x0, 0x0, 0x0, 0x0, 0xff, 0xff,
    0xdf, 0xfd, 0x0, 0x0, 0x0, 0x0, 0x0, 0x0,
    0xdf, 0xff, 0xdf, 0xd1, 0x0, 0x0, 0x0, 0x0,
    0x0, 0x0, 0x1d, 0xff, 0x68, 0x10, 0x0, 0x0,
    0x0, 0x0, 0x0, 0x0, 0x1, 0x77, 0xdf, 0x70,
    0x0, 0x0, 0x0, 0x0, 0x0, 0x0, 0x8, 0xff,
    0xdf, 0xf7, 0x0, 0x0, 0x0, 0x0, 0x0, 0x0,
    0x6f, 0xff, 0xdf, 0xff, 0x20, 0x0, 0x0, 0x0,
    0x0, 0x0, 0xff, 0xff, 0xdf, 0xff, 0x20, 0x0,
    0x0, 0x0, 0x0, 0x0, 0xff, 0xff, 0xdf, 0xff,
    0x20, 0x0, 0x0, 0x0, 0x0, 0x0, 0xff, 0xff,
    0xdf, 0xff, 0x20, 0x0, 0x0, 0x0, 0x0, 0x0,
    0xff, 0xff, 0xdf, 0xff, 0x20, 0x0, 0x0, 0x0,
    0x0, 0x0, 0xff, 0xff, 0xdf, 0xff, 0x20, 0x0,
    0x0, 0x0, 0x0, 0x0, 0xff, 0xff, 0xdf, 0xff,
    0x20, 0x0, 0x0, 0x0, 0x0, 0x0, 0xff, 0xff,
    0xdf, 0xff, 0x20, 0x0, 0x0, 0x0, 0x0, 0x0,
    0xff, 0xff, 0xdf, 0xff, 0x20, 0x0, 0x0, 0x0,
    0x0, 0x0, 0xff, 0xff, 0xdf, 0xff, 0x10, 0x0,
    0x0, 0x0, 0x0, 0x0, 0xef, 0xff, 0xdf, 0xf5,
    0xdf, 0xff, 0xff, 0xff, 0xff, 0xfe, 0x4e, 0xff,
    0xbf, 0x5d, 0xff, 0xff, 0xff, 0xff, 0xff, 0xff,
    0xe4, 0xed, 0x14, 0xdf, 0xff, 0xff, 0xff, 0xff,
    0xff, 0xff, 0xfe, 0x41, 0x1, 0xdf, 0xff, 0xff,
    0xff, 0xff, 0xff, 0xff, 0xfe, 0x20,

    /* U+0057 "W" */
    0x26, 0x0, 0x0, 0x0, 0x0, 0x0, 0x0, 0x0,
    0x0, 0x54, 0xcf, 0x60, 0x0, 0x0, 0x0, 0x0,
    0x0, 0x0, 0x5, 0xfe, 0xdf, 0xf6, 0x0, 0x0,
    0x0, 0x0, 0x0, 0x0, 0x5f, 0xff, 0xdf, 0xff,
    0x10, 0x0, 0x0, 0x0, 0x0, 0x0, 0xff, 0xff,
    0xdf, 0xff, 0x20, 0x0, 0x0, 0x0, 0x0, 0x0,
    0xff, 0xff, 0xdf, 0xff, 0x20, 0x0, 0x0, 0x0,
    0x0, 0x0, 0xff, 0xff, 0xdf, 0xff, 0x20, 0x0,
    0x0, 0x0, 0x0, 0x0, 0xff, 0xff, 0xdf, 0xff,
    0x20, 0x0, 0x0, 0x0, 0x0, 0x0, 0xff, 0xff,
    0xdf, 0xff, 0x20, 0x0, 0x0, 0x0, 0x0, 0x0,
    0xff, 0xff, 0xdf, 0xff, 0x20, 0x0, 0x0, 0x0,
    0x0, 0x0, 0xff, 0xff, 0xdf, 0xff, 0x20, 0x0,
    0x0, 0x0, 0x0, 0x0, 0xff, 0xff, 0xdf, 0xff,
    0x20, 0x0, 0x0, 0x0, 0x0, 0x0, 0xff, 0xff,
    0xdf, 0xff, 0x10, 0x0, 0x0, 0x0, 0x0, 0x0,
    0xef, 0xff, 0xdf, 0xf4, 0xdf, 0xff, 0xff, 0xff,
    0xff, 0xfd, 0x4e, 0xff, 0x8a, 0x4d, 0xff, 0xff,
    0xff, 0xff, 0xff, 0xff, 0xd4, 0xaa, 0x9b, 0x4d,
    0xff, 0xff, 0xff, 0xff, 0xff, 0xff, 0xe6, 0xba,
    0xdf, 0xf5, 0xdf, 0xff, 0xff, 0xff, 0xff, 0xfe,
    0x5f, 0xff, 0xdf, 0xff, 0x10, 0x0, 0x0, 0x0,
    0x0, 0x0, 0xef, 0xff, 0xdf, 0xff, 0x20, 0x0,
    0x0, 0x0, 0x0, 0x0, 0xff, 0xff, 0xdf, 0xff,
    0x20, 0x0, 0x0, 0x0, 0x0, 0x0, 0xff, 0xff,
    0xdf, 0xff, 0x20, 0x0, 0x0, 0x0, 0x0, 0x0,
    0xff, 0xff, 0xdf, 0xff, 0x20, 0x0, 0x0, 0x0,
    0x0, 0x0, 0xff, 0xff, 0xdf, 0xff, 0x20, 0x0,
    0x0, 0x0, 0x0, 0x0, 0xff, 0xff, 0xdf, 0xff,
    0x20, 0x0, 0x0, 0x0, 0x0, 0x0, 0xff, 0xff,
    0xdf, 0xff, 0x20, 0x0, 0x0, 0x0, 0x0, 0x0,
    0xff, 0xff, 0xdf, 0xff, 0x20, 0x0, 0x0, 0x0,
    0x0, 0x0, 0xff, 0xff, 0xdf, 0xff, 0x10, 0x0,
    0x0, 0x0, 0x0, 0x0, 0xef, 0xff, 0xdf, 0xf5,
    0xdf, 0xff, 0xff, 0xff, 0xff, 0xfe, 0x4e, 0xff,
    0xbf, 0x5d, 0xff, 0xff, 0xff, 0xff, 0xff, 0xff,
    0xe4, 0xed, 0x14, 0xdf, 0xff, 0xff, 0xff, 0xff,
    0xff, 0xff, 0xfe, 0x41, 0x1, 0xdf, 0xff, 0xff,
    0xff, 0xff, 0xff, 0xff, 0xfe, 0x20,

    /* U+0058 "X" */
    0x26, 0x0, 0x0, 0x0, 0x0, 0x0, 0x0, 0x0,
    0x0, 0x54, 0xcf, 0x60, 0x0, 0x0, 0x0, 0x0,
    0x0, 0x0, 0x5, 0xfe, 0xdf, 0xf6, 0x0, 0x0,
    0x0, 0x0, 0x0, 0x0, 0x5f, 0xff, 0xdf, 0xff,
    0x10, 0x0, 0x0, 0x0, 0x0, 0x0, 0xff, 0xff,
    0xdf, 0xff, 0x20, 0x0, 0x0, 0x0, 0x0, 0x0,
    0xff, 0xff, 0xdf, 0xff, 0x20, 0x0, 0x0, 0x0,
    0x0, 0x0, 0xff, 0xff, 0xdf, 0xff, 0x20, 0x0,
    0x0, 0x0, 0x0, 0x0, 0xff, 0xff, 0xdf, 0xff,
    0x20, 0x0, 0x0, 0x0, 0x0, 0x0, 0xff, 0xff,
    0xdf, 0xff, 0x20, 0x0, 0x0, 0x0, 0x0, 0x0,
    0xff, 0xff, 0xdf, 0xff, 0x20, 0x0, 0x0, 0x0,
    0x0, 0x0, 0xff, 0xff, 0xdf, 0xff, 0x20, 0x0,
    0x0, 0x0, 0x0, 0x0, 0xff, 0xff, 0xdf, 0xff,
    0x20, 0x0, 0x0, 0x0, 0x0, 0x0, 0xff, 0xff,
    0xdf, 0xff, 0x10, 0x0, 0x0, 0x0, 0x0, 0x0,
    0xef, 0xff, 0xdf, 0xf4, 0xdf, 0xff, 0xff, 0xff,
    0xff, 0xfd, 0x4e, 0xff, 0x8a, 0x4d, 0xff, 0xff,
    0xff, 0xff, 0xff, 0xff, 0xd4, 0xaa, 0x9b, 0x4d,
    0xff, 0xff, 0xff, 0xff, 0xff, 0xff, 0xe6, 0xba,
    0xdf, 0xf5, 0xdf, 0xff, 0xff, 0xff, 0xff, 0xfe,
    0x5f, 0xff, 0xdf, 0xff, 0x10, 0x0, 0x0, 0x0,
    0x0, 0x0, 0xef, 0xff, 0xdf, 0xff, 0x20, 0x0,
    0x0, 0x0, 0x0, 0x0, 0xff, 0xff, 0xdf, 0xff,
    0x20, 0x0, 0x0, 0x0, 0x0, 0x0, 0xff, 0xff,
    0xdf, 0xff, 0x20, 0x0, 0x0, 0x0, 0x0, 0x0,
    0xff, 0xff, 0xdf, 0xff, 0x20, 0x0, 0x0, 0x0,
    0x0, 0x0, 0xff, 0xff, 0xdf, 0xff, 0x20, 0x0,
    0x0, 0x0, 0x0, 0x0, 0xff, 0xff, 0xdf, 0xff,
    0x20, 0x0, 0x0, 0x0, 0x0, 0x0, 0xff, 0xff,
    0xdf, 0xff, 0x20, 0x0, 0x0, 0x0, 0x0, 0x0,
    0xff, 0xff, 0xdf, 0xff, 0x20, 0x0, 0x0, 0x0,
    0x0, 0x0, 0xff, 0xff, 0xdf, 0xff, 0x10, 0x0,
    0x0, 0x0, 0x0, 0x0, 0xff, 0xff, 0xdf, 0xf6,
    0x0, 0x0, 0x0, 0x0, 0x0, 0x0, 0x4f, 0xff,
    0xcf, 0x60, 0x0, 0x0, 0x0, 0x0, 0x0, 0x0,
    0x5, 0xfe, 0x26, 0x0, 0x0, 0x0, 0x0, 0x0,
    0x0, 0x0, 0x0, 0x53,

    /* U+0059 "Y" */
    0x26, 0x0, 0x0, 0x0, 0x0, 0x0, 0x0, 0x0,
    0x0, 0x54, 0xcf, 0x60, 0x0, 0x0, 0x0, 0x0,
    0x0, 0x0, 0x5, 0xfe, 0xdf, 0xf6, 0x0, 0x0,
    0x0, 0x0, 0x0, 0x0, 0x5f, 0xff, 0xdf, 0xff,
    0x10, 0x0, 0x0, 0x0, 0x0, 0x0, 0xff, 0xff,
    0xdf, 0xff, 0x20, 0x0, 0x0, 0x0, 0x0, 0x0,
    0xff, 0xff, 0xdf, 0xff, 0x20, 0x0, 0x0, 0x0,
    0x0, 0x0, 0xff, 0xff, 0xdf, 0xff, 0x20, 0x0,
    0x0, 0x0, 0x0, 0x0, 0xff, 0xff, 0xdf, 0xff,
    0x20, 0x0, 0x0, 0x0, 0x0, 0x0, 0xff, 0xff,
    0xdf, 0xff, 0x20, 0x0, 0x0, 0x0, 0x0, 0x0,
    0xff, 0xff, 0xdf, 0xff, 0x20, 0x0, 0x0, 0x0,
    0x0, 0x0, 0xff, 0xff, 0xdf, 0xff, 0x20, 0x0,
    0x0, 0x0, 0x0, 0x0, 0xff, 0xff, 0xdf, 0xff,
    0x20, 0x0, 0x0, 0x0, 0x0, 0x0, 0xff, 0xff,
    0xdf, 0xff, 0x10, 0x0, 0x0, 0x0, 0x0, 0x0,
    0xef, 0xff, 0xdf, 0xf4, 0xdf, 0xff, 0xff, 0xff,
    0xff, 0xfd, 0x4e, 0xff, 0x8a, 0x4d, 0xff, 0xff,
    0xff, 0xff, 0xff, 0xff, 0xd4, 0xaa, 0x0, 0x1d,
    0xff, 0xff, 0xff, 0xff, 0xff, 0xff, 0xe5, 0x98,
    0x0, 0x1, 0xdf, 0xff, 0xff, 0xff, 0xff, 0xfe,
    0x5e, 0xff, 0x0, 0x0, 0x0, 0x0, 0x0, 0x0,
    0x0, 0x0, 0xef, 0xff, 0x0, 0x0, 0x0, 0x0,
    0x0, 0x0, 0x0, 0x0, 0xff, 0xff, 0x0, 0x0,
    0x0, 0x0, 0x0, 0x0, 0x0, 0x0, 0xff, 0xff,
    0x0, 0x0, 0x0, 0x0, 0x0, 0x0, 0x0, 0x0,
    0xff, 0xff, 0x0, 0x0, 0x0, 0x0, 0x0, 0x0,
    0x0, 0x0, 0xff, 0xff, 0x0, 0x0, 0x0, 0x0,
    0x0, 0x0, 0x0, 0x0, 0xff, 0xff, 0x0, 0x0,
    0x0, 0x0, 0x0, 0x0, 0x0, 0x0, 0xff, 0xff,
    0x0, 0x0, 0x0, 0x0, 0x0, 0x0, 0x0, 0x0,
    0xff, 0xff, 0x0, 0x0, 0x0, 0x0, 0x0, 0x0,
    0x0, 0x0, 0xff, 0xff, 0x0, 0x0, 0x0, 0x0,
    0x0, 0x0, 0x0, 0x0, 0xef, 0xff, 0x0, 0x1,
    0xdf, 0xff, 0xff, 0xff, 0xff, 0xfe, 0x4e, 0xff,
    0x0, 0x1d, 0xff, 0xff, 0xff, 0xff, 0xff, 0xff,
    0xe4, 0xed, 0x1, 0xdf, 0xff, 0xff, 0xff, 0xff,
    0xff, 0xff, 0xfe, 0x41, 0x1, 0xdf, 0xff, 0xff,
    0xff, 0xff, 0xff, 0xff, 0xfe, 0x20,

    /* U+005A "Z" */
    0x0, 0x0, 0x0, 0x0, 0x0, 0x0, 0x0, 0x0,
    0x0, 0x0, 0x1, 0xdf, 0xff, 0xff, 0xff, 0xff,
    0xff, 0xff, 0xfe, 0x20, 0x1, 0xdf, 0xff, 0xff,
    0xff, 0xff, 0xff, 0xff, 0xfd, 0x42, 0x0, 0x1d,
    0xff, 0xff, 0xff, 0xff, 0xff, 0xff, 0xe4, 0xed,
    0x0, 0x1, 0xdf, 0xff, 0xff, 0xff, 0xff, 0xfe,
    0x4e, 0xff, 0x0, 0x0, 0x0, 0x0, 0x0, 0x0,
    0x0, 0x0, 0xef, 0xff, 0x0, 0x0, 0x0, 0x0,
    0x0, 0x0, 0x0, 0x0, 0xff, 0xff, 0x0, 0x0,
    0x0, 0x0, 0x0, 0x0, 0x0, 0x0, 0xff, 0xff,
    0x0, 0x0, 0x0, 0x0, 0x0, 0x0, 0x0, 0x0,
    0xff, 0xff, 0x0, 0x0, 0x0, 0x0, 0x0, 0x0,
    0x0, 0x0, 0xff, 0xff, 0x0, 0x0, 0x0, 0x0,
    0x0, 0x0, 0x0, 0x0, 0xff, 0xff, 0x0, 0x0,
    0x0, 0x0, 0x0, 0x0, 0x0, 0x0, 0xff, 0xff,
    0x0, 0x0, 0x0, 0x0, 0x0, 0x0, 0x0, 0x0,
    0xff, 0xff, 0x0, 0x0, 0x0, 0x0, 0x0, 0x0,
    0x0, 0x0, 0xff, 0xff, 0x0, 0x0, 0x0, 0x0,
    0x0, 0x0, 0x0, 0x0, 0xef, 0xff, 0x0, 0x0,
    0x0, 0x0, 0x0, 0x0, 0x0, 0x0, 0x3e, 0xff,
    0x0, 0x0, 0x0, 0x0, 0x0, 0x0, 0x0, 0x0,
    0x2, 0xaa, 0x9b, 0x30, 0x0, 0x0, 0x0, 0x0,
    0x0, 0x0, 0x0, 0x0, 0xdf, 0xf3, 0x0, 0x0,
    0x0, 0x0, 0x0, 0x0, 0x0, 0x0, 0xdf, 0xff,
    0x10, 0x0, 0x0, 0x0, 0x0, 0x0, 0x0, 0x0,
    0xdf, 0xff, 0x20, 0x0, 0x0, 0x0, 0x0, 0x0,
    0x0, 0x0, 0xdf, 0xff, 0x20, 0x0, 0x0, 0x0,
    0x0, 0x0, 0x0, 0x0, 0xdf, 0xff, 0x20, 0x0,
    0x0, 0x0, 0x0, 0x0, 0x0, 0x0, 0xdf, 0xff,
    0x20, 0x0, 0x0, 0x0, 0x0, 0x0, 0x0, 0x0,
    0xdf, 0xff, 0x20, 0x0, 0x0, 0x0, 0x0, 0x0,
    0x0, 0x0, 0xdf, 0xff, 0x20, 0x0, 0x0, 0x0,
    0x0, 0x0, 0x0, 0x0, 0xdf, 0xff, 0x20, 0x0,
    0x0, 0x0, 0x0, 0x0, 0x0, 0x0, 0xdf, 0xff,
    0x20, 0x0, 0x0, 0x0, 0x0, 0x0, 0x0, 0x0,
    0xdf, 0xff, 0x10, 0x0, 0x0, 0x0, 0x0, 0x0,
    0x0, 0x0, 0xdf, 0xf5, 0xdf, 0xff, 0xff, 0xff,
    0xff, 0xfe, 0x20, 0x0, 0xbf, 0x5d, 0xff, 0xff,
    0xff, 0xff, 0xff, 0xff, 0xe2, 0x0, 0x14, 0xdf,
    0xff, 0xff, 0xff, 0xff, 0xff, 0xff, 0xfe, 0x20,
    0x1, 0xdf, 0xff, 0xff, 0xff, 0xff, 0xff, 0xff,
    0xfe, 0x20,

    /* U+005F "_" */
    0x0, 0x0, 0x0, 0x0, 0x0, 0x0, 0x0, 0x0,
    0x0, 0x0, 0x1d, 0xff, 0xff, 0xff, 0xff, 0xff,
    0xe2, 0x0, 0x1, 0xdf, 0xff, 0xff, 0xff, 0xff,
    0xff, 0xfe, 0x20, 0x1d, 0xff, 0xff, 0xff, 0xff,
    0xff, 0xff, 0xff, 0xe2, 0x1d, 0xff, 0xff, 0xff,
    0xff, 0xff, 0xff, 0xff, 0xe2,

    /* U+0061 "a" */
    0x0, 0x0, 0x0, 0x0, 0x0, 0x0, 0x0, 0x0,
    0x0, 0x0, 0x1, 0xdf, 0xff, 0xff, 0xff, 0xff,
    0xff, 0xff, 0xfe, 0x20, 0x14, 0xdf, 0xff, 0xff,
    0xff, 0xff, 0xff, 0xff, 0xfd, 0x42, 0xbf, 0x5d,
    0xff, 0xff, 0xff, 0xff, 0xff, 0xff, 0xe4, 0xed,
    0xdf, 0xf5, 0xdf, 0xff, 0xff, 0xff, 0xff, 0xfe,
    0x5e, 0xff, 0xdf, 0xff, 0x10, 0x0, 0x0, 0x0,
    0x0, 0x0, 0xef, 0xff, 0xdf, 0xff, 0x20, 0x0,
    0x0, 0x0, 0x0, 0x0, 0xff, 0xff, 0xdf, 0xff,
    0x20, 0x0, 0x0, 0x0, 0x0, 0x0, 0xff, 0xff,
    0xdf, 0xff, 0x20, 0x0, 0x0, 0x0, 0x0, 0x0,
    0xff, 0xff, 0xdf, 0xff, 0x20, 0x0, 0x0, 0x0,
    0x0, 0x0, 0xff, 0xff, 0xdf, 0xff, 0x20, 0x0,
    0x0, 0x0, 0x0, 0x0, 0xff, 0xff, 0xdf, 0xff,
    0x20, 0x0, 0x0, 0x0, 0x0, 0x0, 0xff, 0xff,
    0xdf, 0xff, 0x20, 0x0, 0x0, 0x0, 0x0, 0x0,
    0xff, 0xff, 0xdf, 0xff, 0x20, 0x0, 0x0, 0x0,
    0x0, 0x0, 0xff, 0xff, 0xdf, 0xff, 0x10, 0x0,
    0x0, 0x0, 0x0, 0x0, 0xef, 0xff, 0xdf, 0xf5,
    0xdf, 0xff, 0xff, 0xff, 0xff, 0xfd, 0x4e, 0xff,
    0x8a, 0x4d, 0xff, 0xff, 0xff, 0xff, 0xff, 0xff,
    0xd4, 0xaa, 0x9b, 0x4d, 0xff, 0xff, 0xff, 0xff,
    0xff, 0xff, 0xe6, 0xba, 0xdf, 0xf5, 0xdf, 0xff,
    0xff, 0xff, 0xff, 0xfe, 0x5f, 0xff, 0xdf, 0xff,
    0x10, 0x0, 0x0, 0x0, 0x0, 0x0, 0xef, 0xff,
    0xdf, 0xff, 0x20, 0x0, 0x0, 0x0, 0x0, 0x0,
    0xff, 0xff, 0xdf, 0xff, 0x20, 0x0, 0x0, 0x0,
    0x0, 0x0, 0xff, 0xff, 0xdf, 0xff, 0x20, 0x0,
    0x0, 0x0, 0x0, 0x0, 0xff, 0xff, 0xdf, 0xff,
    0x20, 0x0, 0x0, 0x0, 0x0, 0x0, 0xff, 0xff,
    0xdf, 0xff, 0x20, 0x0, 0x0, 0x0, 0x0, 0x0,
    0xff, 0xff, 0xdf, 0xff, 0x20, 0x0, 0x0, 0x0,
    0x0, 0x0, 0xff, 0xff, 0xdf, 0xff, 0x20, 0x0,
    0x0, 0x0, 0x0, 0x0, 0xff, 0xff, 0xdf, 0xff,
    0x20, 0x0, 0x0, 0x0, 0x0, 0x0, 0xff, 0xff,
    0xdf, 0xff, 0x10, 0x0, 0x0, 0x0, 0x0, 0x0,
    0xff, 0xff, 0xdf, 0xf6, 0x0, 0x0, 0x0, 0x0,
    0x0, 0x0, 0x4f, 0xff, 0xcf, 0x60, 0x0, 0x0,
    0x0, 0x0, 0x0, 0x0, 0x5, 0xfe, 0x26, 0x0,
    0x0, 0x0, 0x0, 0x0, 0x0, 0x0, 0x0, 0x53,

    /* U+0062 "b" */
    0x26, 0x0, 0x0, 0x0, 0x0, 0x0, 0x0, 0x0,
    0x0, 0x0, 0xcf, 0x60, 0x0, 0x0, 0x0, 0x0,
    0x0, 0x0, 0x0, 0x0, 0xdf, 0xf6, 0x0, 0x0,
    0x0, 0x0, 0x0, 0x0, 0x0, 0x0, 0xdf, 0xff,
    0x10, 0x0, 0x0, 0x0, 0x0, 0x0, 0x0, 0x0,
    0xdf, 0xff, 0x20, 0x0, 0x0, 0x0, 0x0, 0x0,
    0x0, 0x0, 0xdf, 0xff, 0x20, 0x0, 0x0, 0x0,
    0x0, 0x0, 0x0, 0x0, 0xdf, 0xff, 0x20, 0x0,
    0x0, 0x0, 0x0, 0x0, 0x0, 0x0, 0xdf, 0xff,
    0x20, 0x0, 0x0, 0x0, 0x0, 0x0, 0x0, 0x0,
    0xdf, 0xff, 0x20, 0x0, 0x0, 0x0, 0x0, 0x0,
    0x0, 0x0, 0xdf, 0xff, 0x20, 0x0, 0x0, 0x0,
    0x0, 0x0, 0x0, 0x0, 0xdf, 0xff, 0x20, 0x0,
    0x0, 0x0, 0x0, 0x0, 0x0, 0x0, 0xdf, 0xff,
    0x20, 0x0, 0x0, 0x0, 0x0, 0x0, 0x0, 0x0,
    0xdf, 0xff, 0x10, 0x0, 0x0, 0x0, 0x0, 0x0,
    0x0, 0x0, 0xdf, 0xf4, 0xdf, 0xff, 0xff, 0xff,
    0xff, 0xfd, 0x10, 0x0, 0x8a, 0x4d, 0xff, 0xff,
    0xff, 0xff, 0xff, 0xff, 0xd1, 0x0, 0x9b, 0x4d,
    0xff, 0xff, 0xff, 0xff, 0xff, 0xff, 0xe6, 0xba,
    0xdf, 0xf5, 0xdf, 0xff, 0xff, 0xff, 0xff, 0xfe,
    0x5f, 0xff, 0xdf, 0xff, 0x10, 0x0, 0x0, 0x0,
    0x0, 0x0, 0xef, 0xff, 0xdf, 0xff, 0x20, 0x0,
    0x0, 0x0, 0x0, 0x0, 0xff, 0xff, 0xdf, 0xff,
    0x20, 0x0, 0x0, 0x0, 0x0, 0x0, 0xff, 0xff,
    0xdf, 0xff, 0x20, 0x0, 0x0, 0x0, 0x0, 0x0,
    0xff, 0xff, 0xdf, 0xff, 0x20, 0x0, 0x0, 0x0,
    0x0, 0x0, 0xff, 0xff, 0xdf, 0xff, 0x20, 0x0,
    0x0, 0x0, 0x0, 0x0, 0xff, 0xff, 0xdf, 0xff,
    0x20, 0x0, 0x0, 0x0, 0x0, 0x0, 0xff, 0xff,
    0xdf, 0xff, 0x20, 0x0, 0x0, 0x0, 0x0, 0x0,
    0xff, 0xff, 0xdf, 0xff, 0x20, 0x0, 0x0, 0x0,
    0x0, 0x0, 0xff, 0xff, 0xdf, 0xff, 0x10, 0x0,
    0x0, 0x0, 0x0, 0x0, 0xef, 0xff, 0xdf, 0xf5,
    0xdf, 0xff, 0xff, 0xff, 0xff, 0xfe, 0x4e, 0xff,
    0xbf, 0x5d, 0xff, 0xff, 0xff, 0xff, 0xff, 0xff,
    0xe4, 0xed, 0x14, 0xdf, 0xff, 0xff, 0xff, 0xff,
    0xff, 0xff, 0xfe, 0x41, 0x1, 0xdf, 0xff, 0xff,
    0xff, 0xff, 0xff, 0xff, 0xfe, 0x20,

    /* U+0063 "c" */
    0x0, 0x0, 0x0, 0x0, 0x0, 0x0, 0x0, 0x0,
    0x0, 0x0, 0x0, 0x1d, 0xff, 0xff, 0xff, 0xff,
    0xff, 0xd1, 0x0, 0x0, 0x1d, 0xff, 0xff, 0xff,
    0xff, 0xff, 0xff, 0xd1, 0x9, 0xb4, 0xdf, 0xff,
    0xff, 0xff, 0xff, 0xff, 0xfe, 0x20, 0xdf, 0xf5,
    0xdf, 0xff, 0xff, 0xff, 0xff, 0xfe, 0x20, 0xd,
    0xff, 0xf1, 0x0, 0x0, 0x0, 0x0, 0x0, 0x0,
    0x0, 0xdf, 0xff, 0x20, 0x0, 0x0, 0x0, 0x0,
    0x0, 0x0, 0xd, 0xff, 0xf2, 0x0, 0x0, 0x0,
    0x0, 0x0, 0x0, 0x0, 0xdf, 0xff, 0x20, 0x0,
    0x0, 0x0, 0x0, 0x0, 0x0, 0xd, 0xff, 0xf2,
    0x0, 0x0, 0x0, 0x0, 0x0, 0x0, 0x0, 0xdf,
    0xff, 0x20, 0x0, 0x0, 0x0, 0x0, 0x0, 0x0,
    0xd, 0xff, 0xf2, 0x0, 0x0, 0x0, 0x0, 0x0,
    0x0, 0x0, 0xdf, 0xff, 0x20, 0x0, 0x0, 0x0,
    0x0, 0x0, 0x0, 0xd, 0xff, 0xf2, 0x0, 0x0,
    0x0, 0x0, 0x0, 0x0, 0x0, 0xdf, 0xff, 0x10,
    0x0, 0x0, 0x0, 0x0, 0x0, 0x0, 0xd, 0xff,
    0x5d, 0xff, 0xff, 0xff, 0xff, 0xff, 0xe2, 0x0,
    0xbf, 0x5d, 0xff, 0xff, 0xff, 0xff, 0xff, 0xff,
    0xe2, 0x1, 0x4d, 0xff, 0xff, 0xff, 0xff, 0xff,
    0xff, 0xff, 0xe2, 0x1, 0xdf, 0xff, 0xff, 0xff,
    0xff, 0xff, 0xff, 0xfe, 0x20,

    /* U+0064 "d" */
    0x0, 0x0, 0x0, 0x0, 0x0, 0x0, 0x0, 0x0,
    0x0, 0x54, 0x0, 0x0, 0x0, 0x0, 0x0, 0x0,
    0x0, 0x0, 0x5, 0xfe, 0x0, 0x0, 0x0, 0x0,
    0x0, 0x0, 0x0, 0x0, 0x5f, 0xff, 0x0, 0x0,
    0x0, 0x0, 0x0, 0x0, 0x0, 0x0, 0xff, 0xff,
    0x0, 0x0, 0x0, 0x0, 0x0, 0x0, 0x0, 0x0,
    0xff, 0xff, 0x0, 0x0, 0x0, 0x0, 0x0, 0x0,
    0x0, 0x0, 0xff, 0xff, 0x0, 0x0, 0x0, 0x0,
    0x0, 0x0, 0x0, 0x0, 0xff, 0xff, 0x0, 0x0,
    0x0, 0x0, 0x0, 0x0, 0x0, 0x0, 0xff, 0xff,
    0x0, 0x0, 0x0, 0x0, 0x0, 0x0, 0x0, 0x0,
    0xff, 0xff, 0x0, 0x0, 0x0, 0x0, 0x0, 0x0,
    0x0, 0x0, 0xff, 0xff, 0x0, 0x0, 0x0, 0x0,
    0x0, 0x0, 0x0, 0x0, 0xff, 0xff, 0x0, 0x0,
    0x0, 0x0, 0x0, 0x0, 0x0, 0x0, 0xff, 0xff,
    0x0, 0x0, 0x0, 0x0, 0x0, 0x0, 0x0, 0x0,
    0xef, 0xff, 0x0, 0x1, 0xdf, 0xff, 0xff, 0xff,
    0xff, 0xfd, 0x4e, 0xff, 0x0, 0x1d, 0xff, 0xff,
    0xff, 0xff, 0xff, 0xff, 0xd4, 0xaa, 0x9b, 0x4d,
    0xff, 0xff, 0xff, 0xff, 0xff, 0xff, 0xe6, 0xba,
    0xdf, 0xf5, 0xdf, 0xff, 0xff, 0xff, 0xff, 0xfe,
    0x5f, 0xff, 0xdf, 0xff, 0x10, 0x0, 0x0, 0x0,
    0x0, 0x0, 0xef, 0xff, 0xdf, 0xff, 0x20, 0x0,
    0x0, 0x0, 0x0, 0x0, 0xff, 0xff, 0xdf, 0xff,
    0x20, 0x0, 0x0, 0x0, 0x0, 0x0, 0xff, 0xff,
    0xdf, 0xff, 0x20, 0x0, 0x0, 0x0, 0x0, 0x0,
    0xff, 0xff, 0xdf, 0xff, 0x20, 0x0, 0x0, 0x0,
    0x0, 0x0, 0xff, 0xff, 0xdf, 0xff, 0x20, 0x0,
    0x0, 0x0, 0x0, 0x0, 0xff, 0xff, 0xdf, 0xff,
    0x20, 0x0, 0x0, 0x0, 0x0, 0x0, 0xff, 0xff,
    0xdf, 0xff, 0x20, 0x0, 0x0, 0x0, 0x0, 0x0,
    0xff, 0xff, 0xdf, 0xff, 0x20, 0x0, 0x0, 0x0,
    0x0, 0x0, 0xff, 0xff, 0xdf, 0xff, 0x10, 0x0,
    0x0, 0x0, 0x0, 0x0, 0xef, 0xff, 0xdf, 0xf5,
    0xdf, 0xff, 0xff, 0xff, 0xff, 0xfe, 0x4e, 0xff,
    0xbf, 0x5d, 0xff, 0xff, 0xff, 0xff, 0xff, 0xff,
    0xe4, 0xed, 0x14, 0xdf, 0xff, 0xff, 0xff, 0xff,
    0xff, 0xff, 0xfe, 0x41, 0x1, 0xdf, 0xff, 0xff,
    0xff, 0xff, 0xff, 0xff, 0xfe, 0x20,

    /* U+0065 "e" */
    0x0, 0x0, 0x0, 0x0, 0x0, 0x0, 0x0, 0x0,
    0x0, 0x0, 0x1d, 0xff, 0xff, 0xff, 0xff, 0xff,
    0xff, 0xff, 0xe2, 0x14, 0xdf, 0xff, 0xff, 0xff,
    0xff, 0xff, 0xff, 0xfd, 0x1b, 0xf5, 0xdf, 0xff,
    0xff, 0xff, 0xff, 0xff, 0xfe, 0x20, 0xdf, 0xf5,
    0xdf, 0xff, 0xff, 0xff, 0xff, 0xfe, 0x20, 0xd,
    0xff, 0xf1, 0x0, 0x0, 0x0, 0x0, 0x0, 0x0,
    0x0, 0xdf, 0xff, 0x20, 0x0, 0x0, 0x0, 0x0,
    0x0, 0x0, 0xd, 0xff, 0xf2, 0x0, 0x0, 0x0,
    0x0, 0x0, 0x0, 0x0, 0xdf, 0xff, 0x20, 0x0,
    0x0, 0x0, 0x0, 0x0, 0x0, 0xd, 0xff, 0xf2,
    0x0, 0x0, 0x0, 0x0, 0x0, 0x0, 0x0, 0xdf,
    0xff, 0x20, 0x0, 0x0, 0x0, 0x0, 0x0, 0x0,
    0xd, 0xff, 0xf2, 0x0, 0x0, 0x0, 0x0, 0x0,
    0x0, 0x0, 0xdf, 0xff, 0x20, 0x0, 0x0, 0x0,
    0x0, 0x0, 0x0, 0xd, 0xff, 0xf2, 0x0, 0x0,
    0x0, 0x0, 0x0, 0x0, 0x0, 0xdf, 0xff, 0x10,
    0x0, 0x0, 0x0, 0x0, 0x0, 0x0, 0xd, 0xff,
    0x5d, 0xff, 0xff, 0xff, 0xff, 0xff, 0xd1, 0x0,
    0x8a, 0x4d, 0xff, 0xff, 0xff, 0xff, 0xff, 0xff,
    0xd1, 0x9, 0xb4, 0xdf, 0xff, 0xff, 0xff, 0xff,
    0xff, 0xfe, 0x20, 0xdf, 0xf5, 0xdf, 0xff, 0xff,
    0xff, 0xff, 0xfe, 0x20, 0xd, 0xff, 0xf1, 0x0,
    0x0, 0x0, 0x0, 0x0, 0x0, 0x0, 0xdf, 0xff,
    0x20, 0x0, 0x0, 0x0, 0x0, 0x0, 0x0, 0xd,
    0xff, 0xf2, 0x0, 0x0, 0x0, 0x0, 0x0, 0x0,
    0x0, 0xdf, 0xff, 0x20, 0x0, 0x0, 0x0, 0x0,
    0x0, 0x0, 0xd, 0xff, 0xf2, 0x0, 0x0, 0x0,
    0x0, 0x0, 0x0, 0x0, 0xdf, 0xff, 0x20, 0x0,
    0x0, 0x0, 0x0, 0x0, 0x0, 0xd, 0xff, 0xf2,
    0x0, 0x0, 0x0, 0x0, 0x0, 0x0, 0x0, 0xdf,
    0xff, 0x20, 0x0, 0x0, 0x0, 0x0, 0x0, 0x0,
    0xd, 0xff, 0xf2, 0x0, 0x0, 0x0, 0x0, 0x0,
    0x0, 0x0, 0xdf, 0xff, 0x10, 0x0, 0x0, 0x0,
    0x0, 0x0, 0x0, 0xd, 0xff, 0x5d, 0xff, 0xff,
    0xff, 0xff, 0xff, 0xe2, 0x0, 0xbf, 0x5d, 0xff,
    0xff, 0xff, 0xff, 0xff, 0xff, 0xe2, 0x1, 0x4d,
    0xff, 0xff, 0xff, 0xff, 0xff, 0xff, 0xff, 0xe2,
    0x1, 0xdf, 0xff, 0xff, 0xff, 0xff, 0xff, 0xff,
    0xfe, 0x20,

    /* U+0066 "f" */
    0x0, 0x0, 0x0, 0x0, 0x0, 0x0, 0x0, 0x0,
    0x0, 0x0, 0x1d, 0xff, 0xff, 0xff, 0xff, 0xff,
    0xff, 0xff, 0xe2, 0x14, 0xdf, 0xff, 0xff, 0xff,
    0xff, 0xff, 0xff, 0xfd, 0x1b, 0xf5, 0xdf, 0xff,
    0xff, 0xff, 0xff, 0xff, 0xfe, 0x20, 0xdf, 0xf5,
    0xdf, 0xff, 0xff, 0xff, 0xff, 0xfe, 0x20, 0xd,
    0xff, 0xf1, 0x0, 0x0, 0x0, 0x0, 0x0, 0x0,
    0x0, 0xdf, 0xff, 0x20, 0x0, 0x0, 0x0, 0x0,
    0x0, 0x0, 0xd, 0xff, 0xf2, 0x0, 0x0, 0x0,
    0x0, 0x0, 0x0, 0x0, 0xdf, 0xff, 0x20, 0x0,
    0x0, 0x0, 0x0, 0x0, 0x0, 0xd, 0xff, 0xf2,
    0x0, 0x0, 0x0, 0x0, 0x0, 0x0, 0x0, 0xdf,
    0xff, 0x20, 0x0, 0x0, 0x0, 0x0, 0x0, 0x0,
    0xd, 0xff, 0xf2, 0x0, 0x0, 0x0, 0x0, 0x0,
    0x0, 0x0, 0xdf, 0xff, 0x20, 0x0, 0x0, 0x0,
    0x0, 0x0, 0x0, 0xd, 0xff, 0xf2, 0x0, 0x0,
    0x0, 0x0, 0x0, 0x0, 0x0, 0xdf, 0xff, 0x10,
    0x0, 0x0, 0x0, 0x0, 0x0, 0x0, 0xd, 0xff,
    0x5d, 0xff, 0xff, 0xff, 0xff, 0xff, 0xd1, 0x0,
    0x8a, 0x4d, 0xff, 0xff, 0xff, 0xff, 0xff, 0xff,
    0xd1, 0x9, 0xb4, 0xdf, 0xff, 0xff, 0xff, 0xff,
    0xff, 0xfe, 0x20, 0xdf, 0xf5, 0xdf, 0xff, 0xff,
    0xff, 0xff, 0xfe, 0x20, 0xd, 0xff, 0xf1, 0x0,
    0x0, 0x0, 0x0, 0x0, 0x0, 0x0, 0xdf, 0xff,
    0x20, 0x0, 0x0, 0x0, 0x0, 0x0, 0x0, 0xd,
    0xff, 0xf2, 0x0, 0x0, 0x0, 0x0, 0x0, 0x0,
    0x0, 0xdf, 0xff, 0x20, 0x0, 0x0, 0x0, 0x0,
    0x0, 0x0, 0xd, 0xff, 0xf2, 0x0, 0x0, 0x0,
    0x0, 0x0, 0x0, 0x0, 0xdf, 0xff, 0x20, 0x0,
    0x0, 0x0, 0x0, 0x0, 0x0, 0xd, 0xff, 0xf2,
    0x0, 0x0, 0x0, 0x0, 0x0, 0x0, 0x0, 0xdf,
    0xff, 0x20, 0x0, 0x0, 0x0, 0x0, 0x0, 0x0,
    0xd, 0xff, 0xf2, 0x0, 0x0, 0x0, 0x0, 0x0,
    0x0, 0x0, 0xdf, 0xff, 0x10, 0x0, 0x0, 0x0,
    0x0, 0x0, 0x0, 0xd, 0xff, 0x60, 0x0, 0x0,
    0x0, 0x0, 0x0, 0x0, 0x0, 0xcf, 0x60, 0x0,
    0x0, 0x0, 0x0, 0x0, 0x0, 0x0, 0x2, 0x60,
    0x0, 0x0, 0x0, 0x0, 0x0, 0x0, 0x0, 0x0,

    /* U+0067 "g" */
    0x0, 0x0, 0x0, 0x0, 0x0, 0x0, 0x0, 0x0,
    0x0, 0x0, 0x1, 0xdf, 0xff, 0xff, 0xff, 0xff,
    0xff, 0xff, 0xfe, 0x20, 0x14, 0xdf, 0xff, 0xff,
    0xff, 0xff, 0xff, 0xff, 0xfd, 0x10, 0xbf, 0x5d,
    0xff, 0xff, 0xff, 0xff, 0xff, 0xff, 0xe2, 0x0,
    0xdf, 0xf5, 0xdf, 0xff, 0xff, 0xff, 0xff, 0xfe,
    0x20, 0x0, 0xdf, 0xff, 0x10, 0x0, 0x0, 0x0,
    0x0, 0x0, 0x0, 0x0, 0xdf, 0xff, 0x20, 0x0,
    0x0, 0x0, 0x0, 0x0, 0x0, 0x0, 0xdf, 0xff,
    0x20, 0x0, 0x0, 0x0, 0x0, 0x0, 0x0, 0x0,
    0xdf, 0xff, 0x20, 0x0, 0x0, 0x0, 0x0, 0x0,
    0x0, 0x0, 0xdf, 0xff, 0x20, 0x0, 0x0, 0x0,
    0x0, 0x0, 0x0, 0x0, 0xdf, 0xff, 0x20, 0x0,
    0x0, 0x0, 0x0, 0x0, 0x0, 0x0, 0xdf, 0xff,
    0x20, 0x0, 0x0, 0x0, 0x0, 0x0, 0x0, 0x0,
    0xdf, 0xff, 0x20, 0x0, 0x0, 0x0, 0x0, 0x0,
    0x0, 0x0, 0xdf, 0xff, 0x20, 0x0, 0x0, 0x0,
    0x0, 0x0, 0x0, 0x0, 0xdf, 0xff, 0x10, 0x0,
    0x0, 0x0, 0x0, 0x0, 0x0, 0x0, 0xdf, 0xf3,
    0x0, 0x0, 0x0, 0x0, 0x0, 0x0, 0x0, 0x0,
    0x9b, 0x30, 0x0, 0x0, 0x0, 0x0, 0x0, 0x0,
    0x0, 0x0, 0x9b, 0x30, 0x0, 0x0, 0x0, 0x0,
    0x0, 0x0, 0x4, 0xba, 0xdf, 0xf3, 0x0, 0x0,
    0x0, 0x0, 0x0, 0x0, 0x3f, 0xff, 0xdf, 0xff,
    0x10, 0x0, 0x0, 0x0, 0x0, 0x0, 0xef, 0xff,
    0xdf, 0xff, 0x20, 0x0, 0x0, 0x0, 0x0, 0x0,
    0xff, 0xff, 0xdf, 0xff, 0x20, 0x0, 0x0, 0x0,
    0x0, 0x0, 0xff, 0xff, 0xdf, 0xff, 0x20, 0x0,
    0x0, 0x0, 0x0, 0x0, 0xff, 0xff, 0xdf, 0xff,
    0x20, 0x0, 0x0, 0x0, 0x0, 0x0, 0xff, 0xff,
    0xdf, 0xff, 0x20, 0x0, 0x0, 0x0, 0x0, 0x0,
    0xff, 0xff, 0xdf, 0xff, 0x20, 0x0, 0x0, 0x0,
    0x0, 0x0, 0xff, 0xff, 0xdf, 0xff, 0x20, 0x0,
    0x0, 0x0, 0x0, 0x0, 0xff, 0xff, 0xdf, 0xff,
    0x20, 0x0, 0x0, 0x0, 0x0, 0x0, 0xff, 0xff,
    0xdf, 0xff, 0x10, 0x0, 0x0, 0x0, 0x0, 0x0,
    0xef, 0xff, 0xdf, 0xf5, 0xdf, 0xff, 0xff, 0xff,
    0xff, 0xfe, 0x4e, 0xff, 0xbf, 0x5d, 0xff, 0xff,
    0xff, 0xff, 0xff, 0xff, 0xe4, 0xed, 0x14, 0xdf,
    0xff, 0xff, 0xff, 0xff, 0xff, 0xff, 0xfe, 0x41,
    0x1, 0xdf, 0xff, 0xff, 0xff, 0xff, 0xff, 0xff,
    0xfe, 0x20,

    /* U+0068 "h" */
    0x26, 0x0, 0x0, 0x0, 0x0, 0x0, 0x0, 0x0,
    0x0, 0x0, 0xcf, 0x60, 0x0, 0x0, 0x0, 0x0,
    0x0, 0x0, 0x0, 0x0, 0xdf, 0xf6, 0x0, 0x0,
    0x0, 0x0, 0x0, 0x0, 0x0, 0x0, 0xdf, 0xff,
    0x10, 0x0, 0x0, 0x0, 0x0, 0x0, 0x0, 0x0,
    0xdf, 0xff, 0x20, 0x0, 0x0, 0x0, 0x0, 0x0,
    0x0, 0x0, 0xdf, 0xff, 0x20, 0x0, 0x0, 0x0,
    0x0, 0x0, 0x0, 0x0, 0xdf, 0xff, 0x20, 0x0,
    0x0, 0x0, 0x0, 0x0, 0x0, 0x0, 0xdf, 0xff,
    0x20, 0x0, 0x0, 0x0, 0x0, 0x0, 0x0, 0x0,
    0xdf, 0xff, 0x20, 0x0, 0x0, 0x0, 0x0, 0x0,
    0x0, 0x0, 0xdf, 0xff, 0x20, 0x0, 0x0, 0x0,
    0x0, 0x0, 0x0, 0x0, 0xdf, 0xff, 0x20, 0x0,
    0x0, 0x0, 0x0, 0x0, 0x0, 0x0, 0xdf, 0xff,
    0x20, 0x0, 0x0, 0x0, 0x0, 0x0, 0x0, 0x0,
    0xdf, 0xff, 0x10, 0x0, 0x0, 0x0, 0x0, 0x0,
    0x0, 0x0, 0xdf, 0xf4, 0xdf, 0xff, 0xff, 0xff,
    0xff, 0xfd, 0x10, 0x0, 0x8a, 0x4d, 0xff, 0xff,
    0xff, 0xff, 0xff, 0xff, 0xd1, 0x0, 0x9b, 0x4d,
    0xff, 0xff, 0xff, 0xff, 0xff, 0xff, 0xe6, 0xba,
    0xdf, 0xf5, 0xdf, 0xff, 0xff, 0xff, 0xff, 0xfe,
    0x5f, 0xff, 0xdf, 0xff, 0x10, 0x0, 0x0, 0x0,
    0x0, 0x0, 0xef, 0xff, 0xdf, 0xff, 0x20, 0x0,
    0x0, 0x0, 0x0, 0x0, 0xff, 0xff, 0xdf, 0xff,
    0x20, 0x0, 0x0, 0x0, 0x0, 0x0, 0xff, 0xff,
    0xdf, 0xff, 0x20, 0x0, 0x0, 0x0, 0x0, 0x0,
    0xff, 0xff, 0xdf, 0xff, 0x20, 0x0, 0x0, 0x0,
    0x0, 0x0, 0xff, 0xff, 0xdf, 0xff, 0x20, 0x0,
    0x0, 0x0, 0x0, 0x0, 0xff, 0xff, 0xdf, 0xff,
    0x20, 0x0, 0x0, 0x0, 0x0, 0x0, 0xff, 0xff,
    0xdf, 0xff, 0x20, 0x0, 0x0, 0x0, 0x0, 0x0,
    0xff, 0xff, 0xdf, 0xff, 0x20, 0x0, 0x0, 0x0,
    0x0, 0x0, 0xff, 0xff, 0xdf, 0xff, 0x10, 0x0,
    0x0, 0x0, 0x0, 0x0, 0xff, 0xff, 0xdf, 0xf6,
    0x0, 0x0, 0x0, 0x0, 0x0, 0x0, 0x4f, 0xff,
    0xcf, 0x60, 0x0, 0x0, 0x0, 0x0, 0x0, 0x0,
    0x5, 0xfe, 0x26, 0x0, 0x0, 0x0, 0x0, 0x0,
    0x0, 0x0, 0x0, 0x53,

    /* U+0069 "i" */
    0x0, 0x8f, 0xf0, 0x8f, 0xff, 0xf, 0xff, 0xf0,
    0xff, 0xff, 0xf, 0xff, 0xf0, 0xff, 0xff, 0xf,
    0xff, 0xf0, 0xff, 0xff, 0xf, 0xff, 0xf0, 0xff,
    0xff, 0xf, 0xff, 0xf0, 0xcf, 0xff, 0x1, 0xcf,
    0xf0, 0x1, 0xdb, 0x0, 0x1, 0x0,

    /* U+006A "j" */
    0x0, 0x0, 0x0, 0x0, 0x0, 0x0, 0x0, 0x0,
    0x0, 0x76, 0x0, 0x0, 0x0, 0x0, 0x0, 0x0,
    0x0, 0x0, 0x7, 0xfe, 0x0, 0x0, 0x0, 0x0,
    0x0, 0x0, 0x0, 0x0, 0x7f, 0xff, 0x0, 0x0,
    0x0, 0x0, 0x0, 0x0, 0x0, 0x0, 0xff, 0xff,
    0x0, 0x0, 0x0, 0x0, 0x0, 0x0, 0x0, 0x0,
    0xff, 0xff, 0x0, 0x0, 0x0, 0x0, 0x0, 0x0,
    0x0, 0x0, 0xff, 0xff, 0x0, 0x0, 0x0, 0x0,
    0x0, 0x0, 0x0, 0x0, 0xff, 0xff, 0x0, 0x0,
    0x0, 0x0, 0x0, 0x0, 0x0, 0x0, 0xff, 0xff,
    0x0, 0x0, 0x0, 0x0, 0x0, 0x0, 0x0, 0x0,
    0xff, 0xff, 0x0, 0x0, 0x0, 0x0, 0x0, 0x0,
    0x0, 0x0, 0xff, 0xff, 0x0, 0x0, 0x0, 0x0,
    0x0, 0x0, 0x0, 0x0, 0xff, 0xff, 0x0, 0x0,
    0x0, 0x0, 0x0, 0x0, 0x0, 0x0, 0xff, 0xff,
    0x0, 0x0, 0x0, 0x0, 0x0, 0x0, 0x0, 0x0,
    0xdf, 0xff, 0x0, 0x0, 0x0, 0x0, 0x0, 0x0,
    0x0, 0x0, 0x1d, 0xff, 0x0, 0x0, 0x0, 0x0,
    0x0, 0x0, 0x0, 0x0, 0x1, 0x77, 0xdf, 0x70,
    0x0, 0x0, 0x0, 0x0, 0x0, 0x0, 0x8, 0xff,
    0xdf, 0xf7, 0x0, 0x0, 0x0, 0x0, 0x0, 0x0,
    0x6f, 0xff, 0xdf, 0xff, 0x20, 0x0, 0x0, 0x0,
    0x0, 0x0, 0xff, 0xff, 0xdf, 0xff, 0x20, 0x0,
    0x0, 0x0, 0x0, 0x0, 0xff, 0xff, 0xdf, 0xff,
    0x20, 0x0, 0x0, 0x0, 0x0, 0x0, 0xff, 0xff,
    0xdf, 0xff, 0x20, 0x0, 0x0, 0x0, 0x0, 0x0,
    0xff, 0xff, 0xdf, 0xff, 0x20, 0x0, 0x0, 0x0,
    0x0, 0x0, 0xff, 0xff, 0xdf, 0xff, 0x20, 0x0,
    0x0, 0x0, 0x0, 0x0, 0xff, 0xff, 0xdf, 0xff,
    0x20, 0x0, 0x0, 0x0, 0x0, 0x0, 0xff, 0xff,
    0xdf, 0xff, 0x20, 0x0, 0x0, 0x0, 0x0, 0x0,
    0xff, 0xff, 0xdf, 0xff, 0x20, 0x0, 0x0, 0x0,
    0x0, 0x0, 0xff, 0xff, 0xdf, 0xff, 0x10, 0x0,
    0x0, 0x0, 0x0, 0x0, 0xef, 0xff, 0xdf, 0xf5,
    0xdf, 0xff, 0xff, 0xff, 0xff, 0xfe, 0x4e, 0xff,
    0xbf, 0x5d, 0xff, 0xff, 0xff, 0xff, 0xff, 0xff,
    0xe4, 0xed, 0x14, 0xdf, 0xff, 0xff, 0xff, 0xff,
    0xff, 0xff, 0xfe, 0x41, 0x1, 0xdf, 0xff, 0xff,
    0xff, 0xff, 0xff, 0xff, 0xfe, 0x20,

    /* U+006B "k" */
    0x0, 0x0, 0x0, 0x0, 0x0, 0x0, 0x0, 0x0,
    0x0, 0x0, 0x1, 0xdf, 0xff, 0xff, 0xff, 0xff,
    0xff, 0xff, 0xfe, 0x20, 0x14, 0xdf, 0xff, 0xff,
    0xff, 0xff, 0xff, 0xff, 0xfd, 0x10, 0xbf, 0x5d,
    0xff, 0xff, 0xff, 0xff, 0xff, 0xff, 0xe2, 0x0,
    0xdf, 0xf5, 0xdf, 0xff, 0xff, 0xff, 0xff, 0xfe,
    0x20, 0x0, 0xdf, 0xff, 0x10, 0x0, 0x0, 0x0,
    0x0, 0x0, 0x0, 0x0, 0xdf, 0xff, 0x20, 0x0,
    0x0, 0x0, 0x0, 0x0, 0x0, 0x0, 0xdf, 0xff,
    0x20, 0x0, 0x0, 0x0, 0x0, 0x0, 0x0, 0x0,
    0xdf, 0xff, 0x20, 0x0, 0x0, 0x0, 0x0, 0x0,
    0x0, 0x0, 0xdf, 0xff, 0x20, 0x0, 0x0, 0x0,
    0x0, 0x0, 0x0, 0x0, 0xdf, 0xff, 0x20, 0x0,
    0x0, 0x0, 0x0, 0x0, 0x0, 0x0, 0xdf, 0xff,
    0x20, 0x0, 0x0, 0x0, 0x0, 0x0, 0x0, 0x0,
    0xdf, 0xff, 0x20, 0x0, 0x0, 0x0, 0x0, 0x0,
    0x0, 0x0, 0xdf, 0xff, 0x20, 0x0, 0x0, 0x0,
    0x0, 0x0, 0x0, 0x0, 0xdf, 0xff, 0x10, 0x0,
    0x0, 0x0, 0x0, 0x0, 0x0, 0x0, 0xdf, 0xf5,
    0xdf, 0xff, 0xff, 0xff, 0xff, 0xfd, 0x10, 0x0,
    0x8a, 0x4d, 0xff, 0xff, 0xff, 0xff, 0xff, 0xff,
    0xd1, 0x0, 0x9b, 0x4d, 0xff, 0xff, 0xff, 0xff,
    0xff, 0xff, 0xe6, 0xba, 0xdf, 0xf5, 0xdf, 0xff,
    0xff, 0xff, 0xff, 0xfe, 0x5f, 0xff, 0xdf, 0xff,
    0x10, 0x0, 0x0, 0x0, 0x0, 0x0, 0xef, 0xff,
    0xdf, 0xff, 0x20, 0x0, 0x0, 0x0, 0x0, 0x0,
    0xff, 0xff, 0xdf, 0xff, 0x20, 0x0, 0x0, 0x0,
    0x0, 0x0, 0xff, 0xff, 0xdf, 0xff, 0x20, 0x0,
    0x0, 0x0, 0x0, 0x0, 0xff, 0xff, 0xdf, 0xff,
    0x20, 0x0, 0x0, 0x0, 0x0, 0x0, 0xff, 0xff,
    0xdf, 0xff, 0x20, 0x0, 0x0, 0x0, 0x0, 0x0,
    0xff, 0xff, 0xdf, 0xff, 0x20, 0x0, 0x0, 0x0,
    0x0, 0x0, 0xff, 0xff, 0xdf, 0xff, 0x20, 0x0,
    0x0, 0x0, 0x0, 0x0, 0xff, 0xff, 0xdf, 0xff,
    0x20, 0x0, 0x0, 0x0, 0x0, 0x0, 0xff, 0xff,
    0xdf, 0xff, 0x10, 0x0, 0x0, 0x0, 0x0, 0x0,
    0xff, 0xff, 0xdf, 0xf6, 0x0, 0x0, 0x0, 0x0,
    0x0, 0x0, 0x4f, 0xff, 0xcf, 0x60, 0x0, 0x0,
    0x0, 0x0, 0x0, 0x0, 0x5, 0xfe, 0x26, 0x0,
    0x0, 0x0, 0x0, 0x0, 0x0, 0x0, 0x0, 0x53,

    /* U+006C "l" */
    0x49, 0x0, 0x0, 0x0, 0x0, 0x0, 0x0, 0x0,
    0x0, 0xd, 0xf9, 0x0, 0x0, 0x0, 0x0, 0x0,
    0x0, 0x0, 0x0, 0xdf, 0xf9, 0x0, 0x0, 0x0,
    0x0, 0x0, 0x0, 0x0, 0xd, 0xff, 0xf2, 0x0,
    0x0, 0x0, 0x0, 0x0, 0x0, 0x0, 0xdf, 0xff,
    0x20, 0x0, 0x0, 0x0, 0x0, 0x0, 0x0, 0xd,
    0xff, 0xf2, 0x0, 0x0, 0x0, 0x0, 0x0, 0x0,
    0x0, 0xdf, 0xff, 0x20, 0x0, 0x0, 0x0, 0x0,
    0x0, 0x0, 0xd, 0xff, 0xf2, 0x0, 0x0, 0x0,
    0x0, 0x0, 0x0, 0x0, 0xdf, 0xff, 0x20, 0x0,
    0x0, 0x0, 0x0, 0x0, 0x0, 0xd, 0xff, 0xf2,
    0x0, 0x0, 0x0, 0x0, 0x0, 0x0, 0x0, 0xdf,
    0xff, 0x20, 0x0, 0x0, 0x0, 0x0, 0x0, 0x0,
    0xd, 0xff, 0xf2, 0x0, 0x0, 0x0, 0x0, 0x0,
    0x0, 0x0, 0xdf, 0xfd, 0x0, 0x0, 0x0, 0x0,
    0x0, 0x0, 0x0, 0xd, 0xfd, 0x10, 0x0, 0x0,
    0x0, 0x0, 0x0, 0x0, 0x0, 0x68, 0x10, 0x0,
    0x0, 0x0, 0x0, 0x0, 0x0, 0x0, 0xd, 0xf7,
    0x0, 0x0, 0x0, 0x0, 0x0, 0x0, 0x0, 0x0,
    0xdf, 0xf7, 0x0, 0x0, 0x0, 0x0, 0x0, 0x0,
    0x0, 0xd, 0xff, 0xf2, 0x0, 0x0, 0x0, 0x0,
    0x0, 0x0, 0x0, 0xdf, 0xff, 0x20, 0x0, 0x0,
    0x0, 0x0, 0x0, 0x0, 0xd, 0xff, 0xf2, 0x0,
    0x0, 0x0, 0x0, 0x0, 0x0, 0x0, 0xdf, 0xff,
    0x20, 0x0, 0x0, 0x0, 0x0, 0x0, 0x0, 0xd,
    0xff, 0xf2, 0x0, 0x0, 0x0, 0x0, 0x0, 0x0,
    0x0, 0xdf, 0xff, 0x20, 0x0, 0x0, 0x0, 0x0,
    0x0, 0x0, 0xd, 0xff, 0xf2, 0x0, 0x0, 0x0,
    0x0, 0x0, 0x0, 0x0, 0xdf, 0xff, 0x20, 0x0,
    0x0, 0x0, 0x0, 0x0, 0x0, 0xd, 0xff, 0xf2,
    0x0, 0x0, 0x0, 0x0, 0x0, 0x0, 0x0, 0xdf,
    0xff, 0x10, 0x0, 0x0, 0x0, 0x0, 0x0, 0x0,
    0xd, 0xff, 0x5d, 0xff, 0xff, 0xff, 0xff, 0xff,
    0xe2, 0x0, 0xbf, 0x5d, 0xff, 0xff, 0xff, 0xff,
    0xff, 0xff, 0xe2, 0x1, 0x4d, 0xff, 0xff, 0xff,
    0xff, 0xff, 0xff, 0xff, 0xe2, 0x1, 0xdf, 0xff,
    0xff, 0xff, 0xff, 0xff, 0xff, 0xfe, 0x20,

    /* U+006D "m" */
    0x0, 0x0, 0x0, 0x0, 0x0, 0x0, 0x0, 0x0,
    0x0, 0x0, 0x1, 0xdf, 0xff, 0xff, 0xff, 0xff,
    0xff, 0xff, 0xfe, 0x20, 0x14, 0xdf, 0xff, 0xff,
    0xff, 0xff, 0xff, 0xff, 0xfd, 0x42, 0xbf, 0x5d,
    0xff, 0xff, 0xff, 0xff, 0xff, 0xff, 0xe4, 0xed,
    0xdf, 0xf5, 0xdf, 0xff, 0xff, 0xff, 0xff, 0xfe,
    0x4e, 0xff, 0xdf, 0xff, 0x10, 0x0, 0x0, 0x0,
    0x0, 0x0, 0xef, 0xff, 0xdf, 0xff, 0x20, 0x0,
    0x0, 0x0, 0x0, 0x0, 0xff, 0xff, 0xdf, 0xff,
    0x20, 0x0, 0x0, 0x0, 0x0, 0x0, 0xff, 0xff,
    0xdf, 0xff, 0x20, 0x0, 0x0, 0x0, 0x0, 0x0,
    0xff, 0xff, 0xdf, 0xff, 0x20, 0x0, 0x0, 0x0,
    0x0, 0x0, 0xff, 0xff, 0xdf, 0xff, 0x20, 0x0,
    0x0, 0x0, 0x0, 0x0, 0xff, 0xff, 0xdf, 0xff,
    0x20, 0x0, 0x0, 0x0, 0x0, 0x0, 0xff, 0xff,
    0xdf, 0xff, 0x20, 0x0, 0x0, 0x0, 0x0, 0x0,
    0xff, 0xff, 0xdf, 0xff, 0x20, 0x0, 0x0, 0x0,
    0x0, 0x0, 0xff, 0xff, 0xdf, 0xff, 0x10, 0x0,
    0x0, 0x0, 0x0, 0x0, 0xff, 0xff, 0xdf, 0xf5,
    0x0, 0x0, 0x0, 0x0, 0x0, 0x0, 0x4f, 0xff,
    0xbd, 0x50, 0x0, 0x0, 0x0, 0x0, 0x0, 0x0,
    0x4, 0xdc, 0x68, 0x10, 0x0, 0x0, 0x0, 0x0,
    0x0, 0x0, 0x2, 0x87, 0xdf, 0xd1, 0x0, 0x0,
    0x0, 0x0, 0x0, 0x0, 0x1d, 0xff, 0xdf, 0xfd,
    0x0, 0x0, 0x0, 0x0, 0x0, 0x0, 0xdf, 0xff,
    0xdf, 0xff, 0x20, 0x0, 0x0, 0x0, 0x0, 0x0,
    0xff, 0xff, 0xdf, 0xff, 0x20, 0x0, 0x0, 0x0,
    0x0, 0x0, 0xff, 0xff, 0xdf, 0xff, 0x20, 0x0,
    0x0, 0x0, 0x0, 0x0, 0xff, 0xff, 0xdf, 0xff,
    0x20, 0x0, 0x0, 0x0, 0x0, 0x0, 0xff, 0xff,
    0xdf, 0xff, 0x20, 0x0, 0x0, 0x0, 0x0, 0x0,
    0xff, 0xff, 0xdf, 0xff, 0x20, 0x0, 0x0, 0x0,
    0x0, 0x0, 0xff, 0xff, 0xdf, 0xff, 0x20, 0x0,
    0x0, 0x0, 0x0, 0x0, 0xff, 0xff, 0xdf, 0xff,
    0x20, 0x0, 0x0, 0x0, 0x0, 0x0, 0xff, 0xff,
    0xdf, 0xff, 0x20, 0x0, 0x0, 0x0, 0x0, 0x0,
    0xff, 0xff, 0xdf, 0xf9, 0x0, 0x0, 0x0, 0x0,
    0x0, 0x0, 0x7f, 0xff, 0xdf, 0x90, 0x0, 0x0,
    0x0, 0x0, 0x0, 0x0, 0x7, 0xfe, 0x49, 0x0,
    0x0, 0x0, 0x0, 0x0, 0x0, 0x0, 0x0, 0x76,

    /* U+006E "n" */
    0x0, 0x0, 0x0, 0x0, 0x0, 0x0, 0x0, 0x0,
    0x0, 0x0, 0x0, 0x1, 0xdf, 0xff, 0xff, 0xff,
    0xff, 0xfd, 0x10, 0x0, 0x0, 0x1d, 0xff, 0xff,
    0xff, 0xff, 0xff, 0xff, 0xd1, 0x0, 0x9b, 0x4d,
    0xff, 0xff, 0xff, 0xff, 0xff, 0xff, 0xe6, 0xba,
    0xdf, 0xf5, 0xdf, 0xff, 0xff, 0xff, 0xff, 0xfe,
    0x5f, 0xff, 0xdf, 0xff, 0x10, 0x0, 0x0, 0x0,
    0x0, 0x0, 0xef, 0xff, 0xdf, 0xff, 0x20, 0x0,
    0x0, 0x0, 0x0, 0x0, 0xff, 0xff, 0xdf, 0xff,
    0x20, 0x0, 0x0, 0x0, 0x0, 0x0, 0xff, 0xff,
    0xdf, 0xff, 0x20, 0x0, 0x0, 0x0, 0x0, 0x0,
    0xff, 0xff, 0xdf, 0xff, 0x20, 0x0, 0x0, 0x0,
    0x0, 0x0, 0xff, 0xff, 0xdf, 0xff, 0x20, 0x0,
    0x0, 0x0, 0x0, 0x0, 0xff, 0xff, 0xdf, 0xff,
    0x20, 0x0, 0x0, 0x0, 0x0, 0x0, 0xff, 0xff,
    0xdf, 0xff, 0x20, 0x0, 0x0, 0x0, 0x0, 0x0,
    0xff, 0xff, 0xdf, 0xff, 0x20, 0x0, 0x0, 0x0,
    0x0, 0x0, 0xff, 0xff, 0xdf, 0xff, 0x10, 0x0,
    0x0, 0x0, 0x0, 0x0, 0xff, 0xff, 0xdf, 0xf6,
    0x0, 0x0, 0x0, 0x0, 0x0, 0x0, 0x4f, 0xff,
    0xcf, 0x60, 0x0, 0x0, 0x0, 0x0, 0x0, 0x0,
    0x5, 0xfe, 0x26, 0x0, 0x0, 0x0, 0x0, 0x0,
    0x0, 0x0, 0x0, 0x53,

    /* U+006F "o" */
    0x0, 0x0, 0x0, 0x0, 0x0, 0x0, 0x0, 0x0,
    0x0, 0x0, 0x0, 0x1, 0xdf, 0xff, 0xff, 0xff,
    0xff, 0xfd, 0x10, 0x0, 0x0, 0x1d, 0xff, 0xff,
    0xff, 0xff, 0xff, 0xff, 0xd1, 0x0, 0x9b, 0x4d,
    0xff, 0xff, 0xff, 0xff, 0xff, 0xff, 0xe6, 0xba,
    0xdf, 0xf5, 0xdf, 0xff, 0xff, 0xff, 0xff, 0xfe,
    0x5f, 0xff, 0xdf, 0xff, 0x10, 0x0, 0x0, 0x0,
    0x0, 0x0, 0xef, 0xff, 0xdf, 0xff, 0x20, 0x0,
    0x0, 0x0, 0x0, 0x0, 0xff, 0xff, 0xdf, 0xff,
    0x20, 0x0, 0x0, 0x0, 0x0, 0x0, 0xff, 0xff,
    0xdf, 0xff, 0x20, 0x0, 0x0, 0x0, 0x0, 0x0,
    0xff, 0xff, 0xdf, 0xff, 0x20, 0x0, 0x0, 0x0,
    0x0, 0x0, 0xff, 0xff, 0xdf, 0xff, 0x20, 0x0,
    0x0, 0x0, 0x0, 0x0, 0xff, 0xff, 0xdf, 0xff,
    0x20, 0x0, 0x0, 0x0, 0x0, 0x0, 0xff, 0xff,
    0xdf, 0xff, 0x20, 0x0, 0x0, 0x0, 0x0, 0x0,
    0xff, 0xff, 0xdf, 0xff, 0x20, 0x0, 0x0, 0x0,
    0x0, 0x0, 0xff, 0xff, 0xdf, 0xff, 0x10, 0x0,
    0x0, 0x0, 0x0, 0x0, 0xef, 0xff, 0xdf, 0xf5,
    0xdf, 0xff, 0xff, 0xff, 0xff, 0xfe, 0x4e, 0xff,
    0xbf, 0x5d, 0xff, 0xff, 0xff, 0xff, 0xff, 0xff,
    0xe4, 0xed, 0x14, 0xdf, 0xff, 0xff, 0xff, 0xff,
    0xff, 0xff, 0xfe, 0x41, 0x1, 0xdf, 0xff, 0xff,
    0xff, 0xff, 0xff, 0xff, 0xfe, 0x20,

    /* U+0070 "p" */
    0x0, 0x0, 0x0, 0x0, 0x0, 0x0, 0x0, 0x0,
    0x0, 0x0, 0x1, 0xdf, 0xff, 0xff, 0xff, 0xff,
    0xff, 0xff, 0xfe, 0x20, 0x14, 0xdf, 0xff, 0xff,
    0xff, 0xff, 0xff, 0xff, 0xfd, 0x42, 0xbf, 0x5d,
    0xff, 0xff, 0xff, 0xff, 0xff, 0xff, 0xe4, 0xed,
    0xdf, 0xf5, 0xdf, 0xff, 0xff, 0xff, 0xff, 0xfe,
    0x5e, 0xff, 0xdf, 0xff, 0x10, 0x0, 0x0, 0x0,
    0x0, 0x0, 0xef, 0xff, 0xdf, 0xff, 0x20, 0x0,
    0x0, 0x0, 0x0, 0x0, 0xff, 0xff, 0xdf, 0xff,
    0x20, 0x0, 0x0, 0x0, 0x0, 0x0, 0xff, 0xff,
    0xdf, 0xff, 0x20, 0x0, 0x0, 0x0, 0x0, 0x0,
    0xff, 0xff, 0xdf, 0xff, 0x20, 0x0, 0x0, 0x0,
    0x0, 0x0, 0xff, 0xff, 0xdf, 0xff, 0x20, 0x0,
    0x0, 0x0, 0x0, 0x0, 0xff, 0xff, 0xdf, 0xff,
    0x20, 0x0, 0x0, 0x0, 0x0, 0x0, 0xff, 0xff,
    0xdf, 0xff, 0x20, 0x0, 0x0, 0x0, 0x0, 0x0,
    0xff, 0xff, 0xdf, 0xff, 0x20, 0x0, 0x0, 0x0,
    0x0, 0x0, 0xff, 0xff, 0xdf, 0xff, 0x10, 0x0,
    0x0, 0x0, 0x0, 0x0, 0xef, 0xff, 0xdf, 0xf5,
    0xdf, 0xff, 0xff, 0xff, 0xff, 0xfd, 0x4e, 0xff,
    0x8a, 0x4d, 0xff, 0xff, 0xff, 0xff, 0xff, 0xff,
    0xd4, 0xaa, 0x9b, 0x4d, 0xff, 0xff, 0xff, 0xff,
    0xff, 0xff, 0xe2, 0x0, 0xdf, 0xf5, 0xdf, 0xff,
    0xff, 0xff, 0xff, 0xfe, 0x20, 0x0, 0xdf, 0xff,
    0x10, 0x0, 0x0, 0x0, 0x0, 0x0, 0x0, 0x0,
    0xdf, 0xff, 0x20, 0x0, 0x0, 0x0, 0x0, 0x0,
    0x0, 0x0, 0xdf, 0xff, 0x20, 0x0, 0x0, 0x0,
    0x0, 0x0, 0x0, 0x0, 0xdf, 0xff, 0x20, 0x0,
    0x0, 0x0, 0x0, 0x0, 0x0, 0x0, 0xdf, 0xff,
    0x20, 0x0, 0x0, 0x0, 0x0, 0x0, 0x0, 0x0,
    0xdf, 0xff, 0x20, 0x0, 0x0, 0x0, 0x0, 0x0,
    0x0, 0x0, 0xdf, 0xff, 0x20, 0x0, 0x0, 0x0,
    0x0, 0x0, 0x0, 0x0, 0xdf, 0xff, 0x20, 0x0,
    0x0, 0x0, 0x0, 0x0, 0x0, 0x0, 0xdf, 0xff,
    0x20, 0x0, 0x0, 0x0, 0x0, 0x0, 0x0, 0x0,
    0xdf, 0xff, 0x10, 0x0, 0x0, 0x0, 0x0, 0x0,
    0x0, 0x0, 0xdf, 0xf6, 0x0, 0x0, 0x0, 0x0,
    0x0, 0x0, 0x0, 0x0, 0xcf, 0x60, 0x0, 0x0,
    0x0, 0x0, 0x0, 0x0, 0x0, 0x0, 0x26, 0x0,
    0x0, 0x0, 0x0, 0x0, 0x0, 0x0, 0x0, 0x0,

    /* U+0071 "q" */
    0x0, 0x0, 0x0, 0x0, 0x0, 0x0, 0x0, 0x0,
    0x0, 0x0, 0x1, 0xdf, 0xff, 0xff, 0xff, 0xff,
    0xff, 0xff, 0xfe, 0x20, 0x14, 0xdf, 0xff, 0xff,
    0xff, 0xff, 0xff, 0xff, 0xfd, 0x42, 0xbf, 0x5d,
    0xff, 0xff, 0xff, 0xff, 0xff, 0xff, 0xe4, 0xed,
    0xdf, 0xf5, 0xdf, 0xff, 0xff, 0xff, 0xff, 0xfe,
    0x5e, 0xff, 0xdf, 0xff, 0x10, 0x0, 0x0, 0x0,
    0x0, 0x0, 0xef, 0xff, 0xdf, 0xff, 0x20, 0x0,
    0x0, 0x0, 0x0, 0x0, 0xff, 0xff, 0xdf, 0xff,
    0x20, 0x0, 0x0, 0x0, 0x0, 0x0, 0xff, 0xff,
    0xdf, 0xff, 0x20, 0x0, 0x0, 0x0, 0x0, 0x0,
    0xff, 0xff, 0xdf, 0xff, 0x20, 0x0, 0x0, 0x0,
    0x0, 0x0, 0xff, 0xff, 0xdf, 0xff, 0x20, 0x0,
    0x0, 0x0, 0x0, 0x0, 0xff, 0xff, 0xdf, 0xff,
    0x20, 0x0, 0x0, 0x0, 0x0, 0x0, 0xff, 0xff,
    0xdf, 0xff, 0x20, 0x0, 0x0, 0x0, 0x0, 0x0,
    0xff, 0xff, 0xdf, 0xff, 0x20, 0x0, 0x0, 0x0,
    0x0, 0x0, 0xff, 0xff, 0xdf, 0xff, 0x10, 0x0,
    0x0, 0x0, 0x0, 0x0, 0xef, 0xff, 0xdf, 0xf5,
    0xdf, 0xff, 0xff, 0xff, 0xff, 0xfd, 0x4e, 0xff,
    0x8a, 0x4d, 0xff, 0xff, 0xff, 0xff, 0xff, 0xff,
    0xd4, 0xaa, 0x0, 0x1d, 0xff, 0xff, 0xff, 0xff,
    0xff, 0xff, 0xe5, 0x98, 0x0, 0x1, 0xdf, 0xff,
    0xff, 0xff, 0xff, 0xfe, 0x5e, 0xff, 0x0, 0x0,
    0x0, 0x0, 0x0, 0x0, 0x0, 0x0, 0xef, 0xff,
    0x0, 0x0, 0x0, 0x0, 0x0, 0x0, 0x0, 0x0,
    0xff, 0xff, 0x0, 0x0, 0x0, 0x0, 0x0, 0x0,
    0x0, 0x0, 0xff, 0xff, 0x0, 0x0, 0x0, 0x0,
    0x0, 0x0, 0x0, 0x0, 0xff, 0xff, 0x0, 0x0,
    0x0, 0x0, 0x0, 0x0, 0x0, 0x0, 0xff, 0xff,
    0x0, 0x0, 0x0, 0x0, 0x0, 0x0, 0x0, 0x0,
    0xff, 0xff, 0x0, 0x0, 0x0, 0x0, 0x0, 0x0,
    0x0, 0x0, 0xff, 0xff, 0x0, 0x0, 0x0, 0x0,
    0x0, 0x0, 0x0, 0x0, 0xff, 0xff, 0x0, 0x0,
    0x0, 0x0, 0x0, 0x0, 0x0, 0x0, 0xff, 0xff,
    0x0, 0x0, 0x0, 0x0, 0x0, 0x0, 0x0, 0x0,
    0xff, 0xff, 0x0, 0x0, 0x0, 0x0, 0x0, 0x0,
    0x0, 0x0, 0x4f, 0xff, 0x0, 0x0, 0x0, 0x0,
    0x0, 0x0, 0x0, 0x0, 0x5, 0xfe, 0x0, 0x0,
    0x0, 0x0, 0x0, 0x0, 0x0, 0x0, 0x0, 0x53,

    /* U+0072 "r" */
    0x0, 0x0, 0x0, 0x0, 0x0, 0x0, 0x0, 0x0,
    0x0, 0x0, 0x1, 0xdf, 0xff, 0xff, 0xff, 0xff,
    0xfd, 0x10, 0x0, 0x1d, 0xff, 0xff, 0xff, 0xff,
    0xff, 0xff, 0xd1, 0x9b, 0x4d, 0xff, 0xff, 0xff,
    0xff, 0xff, 0xff, 0xe2, 0xdf, 0xf5, 0xdf, 0xff,
    0xff, 0xff, 0xff, 0xfe, 0x20, 0xdf, 0xff, 0x10,
    0x0, 0x0, 0x0, 0x0, 0x0, 0x0, 0xdf, 0xff,
    0x20, 0x0, 0x0, 0x0, 0x0, 0x0, 0x0, 0xdf,
    0xff, 0x20, 0x0, 0x0, 0x0, 0x0, 0x0, 0x0,
    0xdf, 0xff, 0x20, 0x0, 0x0, 0x0, 0x0, 0x0,
    0x0, 0xdf, 0xff, 0x20, 0x0, 0x0, 0x0, 0x0,
    0x0, 0x0, 0xdf, 0xff, 0x20, 0x0, 0x0, 0x0,
    0x0, 0x0, 0x0, 0xdf, 0xff, 0x20, 0x0, 0x0,
    0x0, 0x0, 0x0, 0x0, 0xdf, 0xff, 0x20, 0x0,
    0x0, 0x0, 0x0, 0x0, 0x0, 0xdf, 0xff, 0x20,
    0x0, 0x0, 0x0, 0x0, 0x0, 0x0, 0xdf, 0xff,
    0x10, 0x0, 0x0, 0x0, 0x0, 0x0, 0x0, 0xdf,
    0xf6, 0x0, 0x0, 0x0, 0x0, 0x0, 0x0, 0x0,
    0xcf, 0x60, 0x0, 0x0, 0x0, 0x0, 0x0, 0x0,
    0x0, 0x26, 0x0, 0x0, 0x0, 0x0, 0x0, 0x0,
    0x0, 0x0,

    /* U+0073 "s" */
    0x26, 0x0, 0x0, 0x0, 0x0, 0x0, 0x0, 0x0,
    0x0, 0x0, 0xcf, 0x60, 0x0, 0x0, 0x0, 0x0,
    0x0, 0x0, 0x0, 0x0, 0xdf, 0xf6, 0x0, 0x0,
    0x0, 0x0, 0x0, 0x0, 0x0, 0x0, 0xdf, 0xff,
    0x10, 0x0, 0x0, 0x0, 0x0, 0x0, 0x0, 0x0,
    0xdf, 0xff, 0x20, 0x0, 0x0, 0x0, 0x0, 0x0,
    0x0, 0x0, 0xdf, 0xff, 0x20, 0x0, 0x0, 0x0,
    0x0, 0x0, 0x0, 0x0, 0xdf, 0xff, 0x20, 0x0,
    0x0, 0x0, 0x0, 0x0, 0x0, 0x0, 0xdf, 0xff,
    0x20, 0x0, 0x0, 0x0, 0x0, 0x0, 0x0, 0x0,
    0xdf, 0xff, 0x20, 0x0, 0x0, 0x0, 0x0, 0x0,
    0x0, 0x0, 0xdf, 0xff, 0x20, 0x0, 0x0, 0x0,
    0x0, 0x0, 0x0, 0x0, 0xdf, 0xff, 0x20, 0x0,
    0x0, 0x0, 0x0, 0x0, 0x0, 0x0, 0xdf, 0xff,
    0x20, 0x0, 0x0, 0x0, 0x0, 0x0, 0x0, 0x0,
    0xdf, 0xff, 0x10, 0x0, 0x0, 0x0, 0x0, 0x0,
    0x0, 0x0, 0xdf, 0xf4, 0xdf, 0xff, 0xff, 0xff,
    0xff, 0xfd, 0x10, 0x0, 0x8a, 0x4d, 0xff, 0xff,
    0xff, 0xff, 0xff, 0xff, 0xd1, 0x0, 0x0, 0x1d,
    0xff, 0xff, 0xff, 0xff, 0xff, 0xff, 0xe5, 0x98,
    0x0, 0x1, 0xdf, 0xff, 0xff, 0xff, 0xff, 0xfe,
    0x5e, 0xff, 0x0, 0x0, 0x0, 0x0, 0x0, 0x0,
    0x0, 0x0, 0xef, 0xff, 0x0, 0x0, 0x0, 0x0,
    0x0, 0x0, 0x0, 0x0, 0xff, 0xff, 0x0, 0x0,
    0x0, 0x0, 0x0, 0x0, 0x0, 0x0, 0xff, 0xff,
    0x0, 0x0, 0x0, 0x0, 0x0, 0x0, 0x0, 0x0,
    0xff, 0xff, 0x0, 0x0, 0x0, 0x0, 0x0, 0x0,
    0x0, 0x0, 0xff, 0xff, 0x0, 0x0, 0x0, 0x0,
    0x0, 0x0, 0x0, 0x0, 0xff, 0xff, 0x0, 0x0,
    0x0, 0x0, 0x0, 0x0, 0x0, 0x0, 0xff, 0xff,
    0x0, 0x0, 0x0, 0x0, 0x0, 0x0, 0x0, 0x0,
    0xff, 0xff, 0x0, 0x0, 0x0, 0x0, 0x0, 0x0,
    0x0, 0x0, 0xff, 0xff, 0x0, 0x0, 0x0, 0x0,
    0x0, 0x0, 0x0, 0x0, 0xef, 0xff, 0x0, 0x1,
    0xdf, 0xff, 0xff, 0xff, 0xff, 0xfe, 0x4e, 0xff,
    0x0, 0x1d, 0xff, 0xff, 0xff, 0xff, 0xff, 0xff,
    0xe4, 0xed, 0x1, 0xdf, 0xff, 0xff, 0xff, 0xff,
    0xff, 0xff, 0xfe, 0x41, 0x1, 0xdf, 0xff, 0xff,
    0xff, 0xff, 0xff, 0xff, 0xfe, 0x20,

    /* U+0074 "t" */
    0x26, 0x0, 0x0, 0x0, 0x0, 0x0, 0x0, 0x0,
    0x0, 0xc, 0xf6, 0x0, 0x0, 0x0, 0x0, 0x0,
    0x0, 0x0, 0x0, 0xdf, 0xf6, 0x0, 0x0, 0x0,
    0x0, 0x0, 0x0, 0x0, 0xd, 0xff, 0xf1, 0x0,
    0x0, 0x0, 0x0, 0x0, 0x0, 0x0, 0xdf, 0xff,
    0x20, 0x0, 0x0, 0x0, 0x0, 0x0, 0x0, 0xd,
    0xff, 0xf2, 0x0, 0x0, 0x0, 0x0, 0x0, 0x0,
    0x0, 0xdf, 0xff, 0x20, 0x0, 0x0, 0x0, 0x0,
    0x0, 0x0, 0xd, 0xff, 0xf2, 0x0, 0x0, 0x0,
    0x0, 0x0, 0x0, 0x0, 0xdf, 0xff, 0x20, 0x0,
    0x0, 0x0, 0x0, 0x0, 0x0, 0xd, 0xff, 0xf2,
    0x0, 0x0, 0x0, 0x0, 0x0, 0x0, 0x0, 0xdf,
    0xff, 0x20, 0x0, 0x0, 0x0, 0x0, 0x0, 0x0,
    0xd, 0xff, 0xf2, 0x0, 0x0, 0x0, 0x0, 0x0,
    0x0, 0x0, 0xdf, 0xff, 0x10, 0x0, 0x0, 0x0,
    0x0, 0x0, 0x0, 0xd, 0xff, 0x4d, 0xff, 0xff,
    0xff, 0xff, 0xff, 0xd1, 0x0, 0x8a, 0x4d, 0xff,
    0xff, 0xff, 0xff, 0xff, 0xff, 0xd1, 0x9, 0xb4,
    0xdf, 0xff, 0xff, 0xff, 0xff, 0xff, 0xfe, 0x20,
    0xdf, 0xf5, 0xdf, 0xff, 0xff, 0xff, 0xff, 0xfe,
    0x20, 0xd, 0xff, 0xf1, 0x0, 0x0, 0x0, 0x0,
    0x0, 0x0, 0x0, 0xdf, 0xff, 0x20, 0x0, 0x0,
    0x0, 0x0, 0x0, 0x0, 0xd, 0xff, 0xf2, 0x0,
    0x0, 0x0, 0x0, 0x0, 0x0, 0x0, 0xdf, 0xff,
    0x20, 0x0, 0x0, 0x0, 0x0, 0x0, 0x0, 0xd,
    0xff, 0xf2, 0x0, 0x0, 0x0, 0x0, 0x0, 0x0,
    0x0, 0xdf, 0xff, 0x20, 0x0, 0x0, 0x0, 0x0,
    0x0, 0x0, 0xd, 0xff, 0xf2, 0x0, 0x0, 0x0,
    0x0, 0x0, 0x0, 0x0, 0xdf, 0xff, 0x20, 0x0,
    0x0, 0x0, 0x0, 0x0, 0x0, 0xd, 0xff, 0xf2,
    0x0, 0x0, 0x0, 0x0, 0x0, 0x0, 0x0, 0xdf,
    0xff, 0x10, 0x0, 0x0, 0x0, 0x0, 0x0, 0x0,
    0xd, 0xff, 0x5d, 0xff, 0xff, 0xff, 0xff, 0xff,
    0xe2, 0x0, 0xbf, 0x5d, 0xff, 0xff, 0xff, 0xff,
    0xff, 0xff, 0xe2, 0x1, 0x4d, 0xff, 0xff, 0xff,
    0xff, 0xff, 0xff, 0xff, 0xe2, 0x1, 0xdf, 0xff,
    0xff, 0xff, 0xff, 0xff, 0xff, 0xfe, 0x20,

    /* U+0075 "u" */
    0xdf, 0x70, 0x0, 0x0, 0x0, 0x0, 0x0, 0x0,
    0x8, 0xff, 0xdf, 0xf7, 0x0, 0x0, 0x0, 0x0,
    0x0, 0x0, 0x6f, 0xff, 0xdf, 0xff, 0x20, 0x0,
    0x0, 0x0, 0x0, 0x0, 0xff, 0xff, 0xdf, 0xff,
    0x20, 0x0, 0x0, 0x0, 0x0, 0x0, 0xff, 0xff,
    0xdf, 0xff, 0x20, 0x0, 0x0, 0x0, 0x0, 0x0,
    0xff, 0xff, 0xdf, 0xff, 0x20, 0x0, 0x0, 0x0,
    0x0, 0x0, 0xff, 0xff, 0xdf, 0xff, 0x20, 0x0,
    0x0, 0x0, 0x0, 0x0, 0xff, 0xff, 0xdf, 0xff,
    0x20, 0x0, 0x0, 0x0, 0x0, 0x0, 0xff, 0xff,
    0xdf, 0xff, 0x20, 0x0, 0x0, 0x0, 0x0, 0x0,
    0xff, 0xff, 0xdf, 0xff, 0x20, 0x0, 0x0, 0x0,
    0x0, 0x0, 0xff, 0xff, 0xdf, 0xff, 0x20, 0x0,
    0x0, 0x0, 0x0, 0x0, 0xff, 0xff, 0xdf, 0xff,
    0x10, 0x0, 0x0, 0x0, 0x0, 0x0, 0xef, 0xff,
    0xdf, 0xf5, 0xdf, 0xff, 0xff, 0xff, 0xff, 0xfe,
    0x4e, 0xff, 0xbf, 0x5d, 0xff, 0xff, 0xff, 0xff,
    0xff, 0xff, 0xe4, 0xed, 0x14, 0xdf, 0xff, 0xff,
    0xff, 0xff, 0xff, 0xff, 0xfe, 0x41, 0x1, 0xdf,
    0xff, 0xff, 0xff, 0xff, 0xff, 0xff, 0xfe, 0x20,

    /* U+0076 "v" */
    0x49, 0x0, 0x0, 0x0, 0x0, 0x0, 0x0, 0x0,
    0x0, 0x76, 0xdf, 0x90, 0x0, 0x0, 0x0, 0x0,
    0x0, 0x0, 0x7, 0xfe, 0xdf, 0xf9, 0x0, 0x0,
    0x0, 0x0, 0x0, 0x0, 0x7f, 0xff, 0xdf, 0xff,
    0x20, 0x0, 0x0, 0x0, 0x0, 0x0, 0xff, 0xff,
    0xdf, 0xff, 0x20, 0x0, 0x0, 0x0, 0x0, 0x0,
    0xff, 0xff, 0xdf, 0xff, 0x20, 0x0, 0x0, 0x0,
    0x0, 0x0, 0xff, 0xff, 0xdf, 0xff, 0x20, 0x0,
    0x0, 0x0, 0x0, 0x0, 0xff, 0xff, 0xdf, 0xff,
    0x20, 0x0, 0x0, 0x0, 0x0, 0x0, 0xff, 0xff,
    0xdf, 0xff, 0x20, 0x0, 0x0, 0x0, 0x0, 0x0,
    0xff, 0xff, 0xdf, 0xff, 0x20, 0x0, 0x0, 0x0,
    0x0, 0x0, 0xff, 0xff, 0xdf, 0xff, 0x20, 0x0,
    0x0, 0x0, 0x0, 0x0, 0xff, 0xff, 0xdf, 0xff,
    0x20, 0x0, 0x0, 0x0, 0x0, 0x0, 0xff, 0xff,
    0xdf, 0xfd, 0x0, 0x0, 0x0, 0x0, 0x0, 0x0,
    0xdf, 0xff, 0xdf, 0xd1, 0x0, 0x0, 0x0, 0x0,
    0x0, 0x0, 0x1d, 0xff, 0x68, 0x10, 0x0, 0x0,
    0x0, 0x0, 0x0, 0x0, 0x1, 0x77, 0xdf, 0x70,
    0x0, 0x0, 0x0, 0x0, 0x0, 0x0, 0x8, 0xff,
    0xdf, 0xf7, 0x0, 0x0, 0x0, 0x0, 0x0, 0x0,
    0x6f, 0xff, 0xdf, 0xff, 0x20, 0x0, 0x0, 0x0,
    0x0, 0x0, 0xff, 0xff, 0xdf, 0xff, 0x20, 0x0,
    0x0, 0x0, 0x0, 0x0, 0xff, 0xff, 0xdf, 0xff,
    0x20, 0x0, 0x0, 0x0, 0x0, 0x0, 0xff, 0xff,
    0xdf, 0xff, 0x20, 0x0, 0x0, 0x0, 0x0, 0x0,
    0xff, 0xff, 0xdf, 0xff, 0x20, 0x0, 0x0, 0x0,
    0x0, 0x0, 0xff, 0xff, 0xdf, 0xff, 0x20, 0x0,
    0x0, 0x0, 0x0, 0x0, 0xff, 0xff, 0xdf, 0xff,
    0x20, 0x0, 0x0, 0x0, 0x0, 0x0, 0xff, 0xff,
    0xdf, 0xff, 0x20, 0x0, 0x0, 0x0, 0x0, 0x0,
    0xff, 0xff, 0xdf, 0xff, 0x20, 0x0, 0x0, 0x0,
    0x0, 0x0, 0xff, 0xff, 0xdf, 0xff, 0x10, 0x0,
    0x0, 0x0, 0x0, 0x0, 0xef, 0xff, 0xdf, 0xf5,
    0xdf, 0xff, 0xff, 0xff, 0xff, 0xfe, 0x4e, 0xff,
    0xbf, 0x5d, 0xff, 0xff, 0xff, 0xff, 0xff, 0xff,
    0xe4, 0xed, 0x14, 0xdf, 0xff, 0xff, 0xff, 0xff,
    0xff, 0xff, 0xfe, 0x41, 0x1, 0xdf, 0xff, 0xff,
    0xff, 0xff, 0xff, 0xff, 0xfe, 0x20,

    /* U+0077 "w" */
    0x26, 0x0, 0x0, 0x0, 0x0, 0x0, 0x0, 0x0,
    0x0, 0x54, 0xcf, 0x60, 0x0, 0x0, 0x0, 0x0,
    0x0, 0x0, 0x5, 0xfe, 0xdf, 0xf6, 0x0, 0x0,
    0x0, 0x0, 0x0, 0x0, 0x5f, 0xff, 0xdf, 0xff,
    0x10, 0x0, 0x0, 0x0, 0x0, 0x0, 0xff, 0xff,
    0xdf, 0xff, 0x20, 0x0, 0x0, 0x0, 0x0, 0x0,
    0xff, 0xff, 0xdf, 0xff, 0x20, 0x0, 0x0, 0x0,
    0x0, 0x0, 0xff, 0xff, 0xdf, 0xff, 0x20, 0x0,
    0x0, 0x0, 0x0, 0x0, 0xff, 0xff, 0xdf, 0xff,
    0x20, 0x0, 0x0, 0x0, 0x0, 0x0, 0xff, 0xff,
    0xdf, 0xff, 0x20, 0x0, 0x0, 0x0, 0x0, 0x0,
    0xff, 0xff, 0xdf, 0xff, 0x20, 0x0, 0x0, 0x0,
    0x0, 0x0, 0xff, 0xff, 0xdf, 0xff, 0x20, 0x0,
    0x0, 0x0, 0x0, 0x0, 0xff, 0xff, 0xdf, 0xff,
    0x20, 0x0, 0x0, 0x0, 0x0, 0x0, 0xff, 0xff,
    0xdf, 0xff, 0x10, 0x0, 0x0, 0x0, 0x0, 0x0,
    0xef, 0xff, 0xdf, 0xf4, 0xdf, 0xff, 0xff, 0xff,
    0xff, 0xfd, 0x4e, 0xff, 0x8a, 0x4d, 0xff, 0xff,
    0xff, 0xff, 0xff, 0xff, 0xd4, 0xaa, 0x9b, 0x4d,
    0xff, 0xff, 0xff, 0xff, 0xff, 0xff, 0xe6, 0xba,
    0xdf, 0xf5, 0xdf, 0xff, 0xff, 0xff, 0xff, 0xfe,
    0x5f, 0xff, 0xdf, 0xff, 0x10, 0x0, 0x0, 0x0,
    0x0, 0x0, 0xef, 0xff, 0xdf, 0xff, 0x20, 0x0,
    0x0, 0x0, 0x0, 0x0, 0xff, 0xff, 0xdf, 0xff,
    0x20, 0x0, 0x0, 0x0, 0x0, 0x0, 0xff, 0xff,
    0xdf, 0xff, 0x20, 0x0, 0x0, 0x0, 0x0, 0x0,
    0xff, 0xff, 0xdf, 0xff, 0x20, 0x0, 0x0, 0x0,
    0x0, 0x0, 0xff, 0xff, 0xdf, 0xff, 0x20, 0x0,
    0x0, 0x0, 0x0, 0x0, 0xff, 0xff, 0xdf, 0xff,
    0x20, 0x0, 0x0, 0x0, 0x0, 0x0, 0xff, 0xff,
    0xdf, 0xff, 0x20, 0x0, 0x0, 0x0, 0x0, 0x0,
    0xff, 0xff, 0xdf, 0xff, 0x20, 0x0, 0x0, 0x0,
    0x0, 0x0, 0xff, 0xff, 0xdf, 0xff, 0x10, 0x0,
    0x0, 0x0, 0x0, 0x0, 0xef, 0xff, 0xdf, 0xf5,
    0xdf, 0xff, 0xff, 0xff, 0xff, 0xfe, 0x4e, 0xff,
    0xbf, 0x5d, 0xff, 0xff, 0xff, 0xff, 0xff, 0xff,
    0xe4, 0xed, 0x14, 0xdf, 0xff, 0xff, 0xff, 0xff,
    0xff, 0xff, 0xfe, 0x41, 0x1, 0xdf, 0xff, 0xff,
    0xff, 0xff, 0xff, 0xff, 0xfe, 0x20,

    /* U+0078 "x" */
    0x26, 0x0, 0x0, 0x0, 0x0, 0x0, 0x0, 0x0,
    0x0, 0x54, 0xcf, 0x60, 0x0, 0x0, 0x0, 0x0,
    0x0, 0x0, 0x5, 0xfe, 0xdf, 0xf6, 0x0, 0x0,
    0x0, 0x0, 0x0, 0x0, 0x5f, 0xff, 0xdf, 0xff,
    0x10, 0x0, 0x0, 0x0, 0x0, 0x0, 0xff, 0xff,
    0xdf, 0xff, 0x20, 0x0, 0x0, 0x0, 0x0, 0x0,
    0xff, 0xff, 0xdf, 0xff, 0x20, 0x0, 0x0, 0x0,
    0x0, 0x0, 0xff, 0xff, 0xdf, 0xff, 0x20, 0x0,
    0x0, 0x0, 0x0, 0x0, 0xff, 0xff, 0xdf, 0xff,
    0x20, 0x0, 0x0, 0x0, 0x0, 0x0, 0xff, 0xff,
    0xdf, 0xff, 0x20, 0x0, 0x0, 0x0, 0x0, 0x0,
    0xff, 0xff, 0xdf, 0xff, 0x20, 0x0, 0x0, 0x0,
    0x0, 0x0, 0xff, 0xff, 0xdf, 0xff, 0x20, 0x0,
    0x0, 0x0, 0x0, 0x0, 0xff, 0xff, 0xdf, 0xff,
    0x20, 0x0, 0x0, 0x0, 0x0, 0x0, 0xff, 0xff,
    0xdf, 0xff, 0x10, 0x0, 0x0, 0x0, 0x0, 0x0,
    0xef, 0xff, 0xdf, 0xf4, 0xdf, 0xff, 0xff, 0xff,
    0xff, 0xfd, 0x4e, 0xff, 0x8a, 0x4d, 0xff, 0xff,
    0xff, 0xff, 0xff, 0xff, 0xd4, 0xaa, 0x9b, 0x4d,
    0xff, 0xff, 0xff, 0xff, 0xff, 0xff, 0xe6, 0xba,
    0xdf, 0xf5, 0xdf, 0xff, 0xff, 0xff, 0xff, 0xfe,
    0x5f, 0xff, 0xdf, 0xff, 0x10, 0x0, 0x0, 0x0,
    0x0, 0x0, 0xef, 0xff, 0xdf, 0xff, 0x20, 0x0,
    0x0, 0x0, 0x0, 0x0, 0xff, 0xff, 0xdf, 0xff,
    0x20, 0x0, 0x0, 0x0, 0x0, 0x0, 0xff, 0xff,
    0xdf, 0xff, 0x20, 0x0, 0x0, 0x0, 0x0, 0x0,
    0xff, 0xff, 0xdf, 0xff, 0x20, 0x0, 0x0, 0x0,
    0x0, 0x0, 0xff, 0xff, 0xdf, 0xff, 0x20, 0x0,
    0x0, 0x0, 0x0, 0x0, 0xff, 0xff, 0xdf, 0xff,
    0x20, 0x0, 0x0, 0x0, 0x0, 0x0, 0xff, 0xff,
    0xdf, 0xff, 0x20, 0x0, 0x0, 0x0, 0x0, 0x0,
    0xff, 0xff, 0xdf, 0xff, 0x20, 0x0, 0x0, 0x0,
    0x0, 0x0, 0xff, 0xff, 0xdf, 0xff, 0x10, 0x0,
    0x0, 0x0, 0x0, 0x0, 0xff, 0xff, 0xdf, 0xf6,
    0x0, 0x0, 0x0, 0x0, 0x0, 0x0, 0x4f, 0xff,
    0xcf, 0x60, 0x0, 0x0, 0x0, 0x0, 0x0, 0x0,
    0x5, 0xfe, 0x26, 0x0, 0x0, 0x0, 0x0, 0x0,
    0x0, 0x0, 0x0, 0x53,

    /* U+0079 "y" */
    0x26, 0x0, 0x0, 0x0, 0x0, 0x0, 0x0, 0x0,
    0x0, 0x54, 0xcf, 0x60, 0x0, 0x0, 0x0, 0x0,
    0x0, 0x0, 0x5, 0xfe, 0xdf, 0xf6, 0x0, 0x0,
    0x0, 0x0, 0x0, 0x0, 0x5f, 0xff, 0xdf, 0xff,
    0x10, 0x0, 0x0, 0x0, 0x0, 0x0, 0xff, 0xff,
    0xdf, 0xff, 0x20, 0x0, 0x0, 0x0, 0x0, 0x0,
    0xff, 0xff, 0xdf, 0xff, 0x20, 0x0, 0x0, 0x0,
    0x0, 0x0, 0xff, 0xff, 0xdf, 0xff, 0x20, 0x0,
    0x0, 0x0, 0x0, 0x0, 0xff, 0xff, 0xdf, 0xff,
    0x20, 0x0, 0x0, 0x0, 0x0, 0x0, 0xff, 0xff,
    0xdf, 0xff, 0x20, 0x0, 0x0, 0x0, 0x0, 0x0,
    0xff, 0xff, 0xdf, 0xff, 0x20, 0x0, 0x0, 0x0,
    0x0, 0x0, 0xff, 0xff, 0xdf, 0xff, 0x20, 0x0,
    0x0, 0x0, 0x0, 0x0, 0xff, 0xff, 0xdf, 0xff,
    0x20, 0x0, 0x0, 0x0, 0x0, 0x0, 0xff, 0xff,
    0xdf, 0xff, 0x10, 0x0, 0x0, 0x0, 0x0, 0x0,
    0xef, 0xff, 0xdf, 0xf4, 0xdf, 0xff, 0xff, 0xff,
    0xff, 0xfd, 0x4e, 0xff, 0x8a, 0x4d, 0xff, 0xff,
    0xff, 0xff, 0xff, 0xff, 0xd4, 0xaa, 0x0, 0x1d,
    0xff, 0xff, 0xff, 0xff, 0xff, 0xff, 0xe5, 0x98,
    0x0, 0x1, 0xdf, 0xff, 0xff, 0xff, 0xff, 0xfe,
    0x5e, 0xff, 0x0, 0x0, 0x0, 0x0, 0x0, 0x0,
    0x0, 0x0, 0xef, 0xff, 0x0, 0x0, 0x0, 0x0,
    0x0, 0x0, 0x0, 0x0, 0xff, 0xff, 0x0, 0x0,
    0x0, 0x0, 0x0, 0x0, 0x0, 0x0, 0xff, 0xff,
    0x0, 0x0, 0x0, 0x0, 0x0, 0x0, 0x0, 0x0,
    0xff, 0xff, 0x0, 0x0, 0x0, 0x0, 0x0, 0x0,
    0x0, 0x0, 0xff, 0xff, 0x0, 0x0, 0x0, 0x0,
    0x0, 0x0, 0x0, 0x0, 0xff, 0xff, 0x0, 0x0,
    0x0, 0x0, 0x0, 0x0, 0x0, 0x0, 0xff, 0xff,
    0x0, 0x0, 0x0, 0x0, 0x0, 0x0, 0x0, 0x0,
    0xff, 0xff, 0x0, 0x0, 0x0, 0x0, 0x0, 0x0,
    0x0, 0x0, 0xff, 0xff, 0x0, 0x0, 0x0, 0x0,
    0x0, 0x0, 0x0, 0x0, 0xef, 0xff, 0x0, 0x1,
    0xdf, 0xff, 0xff, 0xff, 0xff, 0xfe, 0x4e, 0xff,
    0x0, 0x1d, 0xff, 0xff, 0xff, 0xff, 0xff, 0xff,
    0xe4, 0xed, 0x1, 0xdf, 0xff, 0xff, 0xff, 0xff,
    0xff, 0xff, 0xfe, 0x41, 0x1, 0xdf, 0xff, 0xff,
    0xff, 0xff, 0xff, 0xff, 0xfe, 0x20,

    /* U+007A "z" */
    0x0, 0x0, 0x0, 0x0, 0x0, 0x0, 0x0, 0x0,
    0x0, 0x0, 0x1, 0xdf, 0xff, 0xff, 0xff, 0xff,
    0xff, 0xff, 0xfe, 0x20, 0x1, 0xdf, 0xff, 0xff,
    0xff, 0xff, 0xff, 0xff, 0xfd, 0x42, 0x0, 0x1d,
    0xff, 0xff, 0xff, 0xff, 0xff, 0xff, 0xe4, 0xed,
    0x0, 0x1, 0xdf, 0xff, 0xff, 0xff, 0xff, 0xfe,
    0x4e, 0xff, 0x0, 0x0, 0x0, 0x0, 0x0, 0x0,
    0x0, 0x0, 0xef, 0xff, 0x0, 0x0, 0x0, 0x0,
    0x0, 0x0, 0x0, 0x0, 0xff, 0xff, 0x0, 0x0,
    0x0, 0x0, 0x0, 0x0, 0x0, 0x0, 0xff, 0xff,
    0x0, 0x0, 0x0, 0x0, 0x0, 0x0, 0x0, 0x0,
    0xff, 0xff, 0x0, 0x0, 0x0, 0x0, 0x0, 0x0,
    0x0, 0x0, 0xff, 0xff, 0x0, 0x0, 0x0, 0x0,
    0x0, 0x0, 0x0, 0x0, 0xff, 0xff, 0x0, 0x0,
    0x0, 0x0, 0x0, 0x0, 0x0, 0x0, 0xff, 0xff,
    0x0, 0x0, 0x0, 0x0, 0x0, 0x0, 0x0, 0x0,
    0xff, 0xff, 0x0, 0x0, 0x0, 0x0, 0x0, 0x0,
    0x0, 0x0, 0xff, 0xff, 0x0, 0x0, 0x0, 0x0,
    0x0, 0x0, 0x0, 0x0, 0xef, 0xff, 0x0, 0x0,
    0x0, 0x0, 0x0, 0x0, 0x0, 0x0, 0x3e, 0xff,
    0x0, 0x0, 0x0, 0x0, 0x0, 0x0, 0x0, 0x0,
    0x2, 0xaa, 0x9b, 0x30, 0x0, 0x0, 0x0, 0x0,
    0x0, 0x0, 0x0, 0x0, 0xdf, 0xf3, 0x0, 0x0,
    0x0, 0x0, 0x0, 0x0, 0x0, 0x0, 0xdf, 0xff,
    0x10, 0x0, 0x0, 0x0, 0x0, 0x0, 0x0, 0x0,
    0xdf, 0xff, 0x20, 0x0, 0x0, 0x0, 0x0, 0x0,
    0x0, 0x0, 0xdf, 0xff, 0x20, 0x0, 0x0, 0x0,
    0x0, 0x0, 0x0, 0x0, 0xdf, 0xff, 0x20, 0x0,
    0x0, 0x0, 0x0, 0x0, 0x0, 0x0, 0xdf, 0xff,
    0x20, 0x0, 0x0, 0x0, 0x0, 0x0, 0x0, 0x0,
    0xdf, 0xff, 0x20, 0x0, 0x0, 0x0, 0x0, 0x0,
    0x0, 0x0, 0xdf, 0xff, 0x20, 0x0, 0x0, 0x0,
    0x0, 0x0, 0x0, 0x0, 0xdf, 0xff, 0x20, 0x0,
    0x0, 0x0, 0x0, 0x0, 0x0, 0x0, 0xdf, 0xff,
    0x20, 0x0, 0x0, 0x0, 0x0, 0x0, 0x0, 0x0,
    0xdf, 0xff, 0x10, 0x0, 0x0, 0x0, 0x0, 0x0,
    0x0, 0x0, 0xdf, 0xf5, 0xdf, 0xff, 0xff, 0xff,
    0xff, 0xfe, 0x20, 0x0, 0xbf, 0x5d, 0xff, 0xff,
    0xff, 0xff, 0xff, 0xff, 0xe2, 0x0, 0x14, 0xdf,
    0xff, 0xff, 0xff, 0xff, 0xff, 0xff, 0xfe, 0x20,
    0x1, 0xdf, 0xff, 0xff, 0xff, 0xff, 0xff, 0xff,
    0xfe, 0x20
};


/*---------------------
 *  GLYPH DESCRIPTION
 *--------------------*/

static const lv_font_fmt_txt_glyph_dsc_t glyph_dsc[] = {
    {.bitmap_index = 0, .adv_w = 0, .box_w = 0, .box_h = 0, .ofs_x = 0, .ofs_y = 0} /* id = 0 reserved */,
    {.bitmap_index = 0, .adv_w = 102, .box_w = 0, .box_h = 0, .ofs_x = 0, .ofs_y = 0},
    {.bitmap_index = 0, .adv_w = 418, .box_w = 0, .box_h = 0, .ofs_x = 0, .ofs_y = 0},
    {.bitmap_index = 0, .adv_w = 418, .box_w = 16, .box_h = 5, .ofs_x = 5, .ofs_y = 14},
    {.bitmap_index = 40, .adv_w = 0, .box_w = 4, .box_h = 5, .ofs_x = -2, .ofs_y = 0},
    {.bitmap_index = 50, .adv_w = 418, .box_w = 20, .box_h = 33, .ofs_x = 3, .ofs_y = 0},
    {.bitmap_index = 380, .adv_w = 418, .box_w = 5, .box_h = 30, .ofs_x = 18, .ofs_y = 1},
    {.bitmap_index = 455, .adv_w = 418, .box_w = 20, .box_h = 33, .ofs_x = 3, .ofs_y = 0},
    {.bitmap_index = 785, .adv_w = 418, .box_w = 19, .box_h = 33, .ofs_x = 4, .ofs_y = 0},
    {.bitmap_index = 1099, .adv_w = 418, .box_w = 20, .box_h = 30, .ofs_x = 3, .ofs_y = 1},
    {.bitmap_index = 1399, .adv_w = 418, .box_w = 20, .box_h = 33, .ofs_x = 3, .ofs_y = 0},
    {.bitmap_index = 1729, .adv_w = 418, .box_w = 20, .box_h = 33, .ofs_x = 3, .ofs_y = 0},
    {.bitmap_index = 2059, .adv_w = 418, .box_w = 20, .box_h = 32, .ofs_x = 3, .ofs_y = 1},
    {.bitmap_index = 2379, .adv_w = 418, .box_w = 20, .box_h = 33, .ofs_x = 3, .ofs_y = 0},
    {.bitmap_index = 2709, .adv_w = 418, .box_w = 20, .box_h = 33, .ofs_x = 3, .ofs_y = 0},
    {.bitmap_index = 3039, .adv_w = 102, .box_w = 5, .box_h = 17, .ofs_x = 1, .ofs_y = 7},
    {.bitmap_index = 3082, .adv_w = 418, .box_w = 20, .box_h = 32, .ofs_x = 3, .ofs_y = 1},
    {.bitmap_index = 3402, .adv_w = 418, .box_w = 20, .box_h = 31, .ofs_x = 3, .ofs_y = 0},
    {.bitmap_index = 3712, .adv_w = 418, .box_w = 19, .box_h = 19, .ofs_x = 3, .ofs_y = 0},
    {.bitmap_index = 3893, .adv_w = 418, .box_w = 20, .box_h = 31, .ofs_x = 3, .ofs_y = 0},
    {.bitmap_index = 4203, .adv_w = 418, .box_w = 19, .box_h = 33, .ofs_x = 3, .ofs_y = 0},
    {.bitmap_index = 4517, .adv_w = 418, .box_w = 19, .box_h = 32, .ofs_x = 3, .ofs_y = 1},
    {.bitmap_index = 4821, .adv_w = 418, .box_w = 20, .box_h = 33, .ofs_x = 3, .ofs_y = 0},
    {.bitmap_index = 5151, .adv_w = 418, .box_w = 20, .box_h = 30, .ofs_x = 3, .ofs_y = 1},
    {.bitmap_index = 5451, .adv_w = 418, .box_w = 5, .box_h = 15, .ofs_x = 18, .ofs_y = 1},
    {.bitmap_index = 5489, .adv_w = 418, .box_w = 20, .box_h = 31, .ofs_x = 3, .ofs_y = 0},
    {.bitmap_index = 5799, .adv_w = 418, .box_w = 20, .box_h = 32, .ofs_x = 3, .ofs_y = 1},
    {.bitmap_index = 6119, .adv_w = 418, .box_w = 19, .box_h = 31, .ofs_x = 3, .ofs_y = 0},
    {.bitmap_index = 6414, .adv_w = 418, .box_w = 20, .box_h = 32, .ofs_x = 3, .ofs_y = 1},
    {.bitmap_index = 6734, .adv_w = 418, .box_w = 20, .box_h = 18, .ofs_x = 3, .ofs_y = 1},
    {.bitmap_index = 6914, .adv_w = 418, .box_w = 20, .box_h = 19, .ofs_x = 3, .ofs_y = 0},
    {.bitmap_index = 7104, .adv_w = 418, .box_w = 20, .box_h = 32, .ofs_x = 3, .ofs_y = 1},
    {.bitmap_index = 7424, .adv_w = 418, .box_w = 20, .box_h = 32, .ofs_x = 3, .ofs_y = 1},
    {.bitmap_index = 7744, .adv_w = 418, .box_w = 18, .box_h = 18, .ofs_x = 3, .ofs_y = 1},
    {.bitmap_index = 7906, .adv_w = 418, .box_w = 20, .box_h = 31, .ofs_x = 3, .ofs_y = 0},
    {.bitmap_index = 8216, .adv_w = 418, .box_w = 19, .box_h = 31, .ofs_x = 3, .ofs_y = 0},
    {.bitmap_index = 8511, .adv_w = 418, .box_w = 20, .box_h = 16, .ofs_x = 3, .ofs_y = 0},
    {.bitmap_index = 8671, .adv_w = 418, .box_w = 20, .box_h = 31, .ofs_x = 3, .ofs_y = 0},
    {.bitmap_index = 8981, .adv_w = 418, .box_w = 20, .box_h = 31, .ofs_x = 3, .ofs_y = 0},
    {.bitmap_index = 9291, .adv_w = 418, .box_w = 20, .box_h = 30, .ofs_x = 3, .ofs_y = 1},
    {.bitmap_index = 9591, .adv_w = 418, .box_w = 20, .box_h = 31, .ofs_x = 3, .ofs_y = 0},
    {.bitmap_index = 9901, .adv_w = 418, .box_w = 20, .box_h = 33, .ofs_x = 3, .ofs_y = 0},
    {.bitmap_index = 10231, .adv_w = 418, .box_w = 18, .box_h = 5, .ofs_x = 4, .ofs_y = 0},
    {.bitmap_index = 10276, .adv_w = 418, .box_w = 20, .box_h = 32, .ofs_x = 3, .ofs_y = 1},
    {.bitmap_index = 10596, .adv_w = 418, .box_w = 20, .box_h = 31, .ofs_x = 3, .ofs_y = 0},
    {.bitmap_index = 10906, .adv_w = 418, .box_w = 19, .box_h = 19, .ofs_x = 3, .ofs_y = 0},
    {.bitmap_index = 11087, .adv_w = 418, .box_w = 20, .box_h = 31, .ofs_x = 3, .ofs_y = 0},
    {.bitmap_index = 11397, .adv_w = 418, .box_w = 19, .box_h = 33, .ofs_x = 3, .ofs_y = 0},
    {.bitmap_index = 11711, .adv_w = 418, .box_w = 19, .box_h = 32, .ofs_x = 3, .ofs_y = 1},
    {.bitmap_index = 12015, .adv_w = 418, .box_w = 20, .box_h = 33, .ofs_x = 3, .ofs_y = 0},
    {.bitmap_index = 12345, .adv_w = 418, .box_w = 20, .box_h = 30, .ofs_x = 3, .ofs_y = 1},
    {.bitmap_index = 12645, .adv_w = 418, .box_w = 5, .box_h = 15, .ofs_x = 18, .ofs_y = 1},
    {.bitmap_index = 12683, .adv_w = 418, .box_w = 20, .box_h = 31, .ofs_x = 3, .ofs_y = 0},
    {.bitmap_index = 12993, .adv_w = 418, .box_w = 20, .box_h = 32, .ofs_x = 3, .ofs_y = 1},
    {.bitmap_index = 13313, .adv_w = 418, .box_w = 19, .box_h = 31, .ofs_x = 3, .ofs_y = 0},
    {.bitmap_index = 13608, .adv_w = 418, .box_w = 20, .box_h = 32, .ofs_x = 3, .ofs_y = 1},
    {.bitmap_index = 13928, .adv_w = 418, .box_w = 20, .box_h = 18, .ofs_x = 3, .ofs_y = 1},
    {.bitmap_index = 14108, .adv_w = 418, .box_w = 20, .box_h = 19, .ofs_x = 3, .ofs_y = 0},
    {.bitmap_index = 14298, .adv_w = 418, .box_w = 20, .box_h = 32, .ofs_x = 3, .ofs_y = 1},
    {.bitmap_index = 14618, .adv_w = 418, .box_w = 20, .box_h = 32, .ofs_x = 3, .ofs_y = 1},
    {.bitmap_index = 14938, .adv_w = 418, .box_w = 18, .box_h = 18, .ofs_x = 3, .ofs_y = 1},
    {.bitmap_index = 15100, .adv_w = 418, .box_w = 20, .box_h = 31, .ofs_x = 3, .ofs_y = 0},
    {.bitmap_index = 15410, .adv_w = 418, .box_w = 19, .box_h = 31, .ofs_x = 3, .ofs_y = 0},
    {.bitmap_index = 15705, .adv_w = 418, .box_w = 20, .box_h = 16, .ofs_x = 3, .ofs_y = 0},
    {.bitmap_index = 15865, .adv_w = 418, .box_w = 20, .box_h = 31, .ofs_x = 3, .ofs_y = 0},
    {.bitmap_index = 16175, .adv_w = 418, .box_w = 20, .box_h = 31, .ofs_x = 3, .ofs_y = 0},
    {.bitmap_index = 16485, .adv_w = 418, .box_w = 20, .box_h = 30, .ofs_x = 3, .ofs_y = 1},
    {.bitmap_index = 16785, .adv_w = 418, .box_w = 20, .box_h = 31, .ofs_x = 3, .ofs_y = 0},
    {.bitmap_index = 17095, .adv_w = 418, .box_w = 20, .box_h = 33, .ofs_x = 3, .ofs_y = 0}
};

/*---------------------
 *  CHARACTER MAPPING
 *--------------------*/

static const uint16_t unicode_list_0[] = {
    0x0, 0x1, 0xd, 0xe
};

/*Collect the unicode lists and glyph_id offsets*/
static const lv_font_fmt_txt_cmap_t cmaps[] =
{
    {
        .range_start = 32, .range_length = 15, .glyph_id_start = 1,
        .unicode_list = unicode_list_0, .glyph_id_ofs_list = NULL, .list_length = 4, .type = LV_FONT_FMT_TXT_CMAP_SPARSE_TINY
    },
    {
        .range_start = 48, .range_length = 11, .glyph_id_start = 5,
        .unicode_list = NULL, .glyph_id_ofs_list = NULL, .list_length = 0, .type = LV_FONT_FMT_TXT_CMAP_FORMAT0_TINY
    },
    {
        .range_start = 65, .range_length = 26, .glyph_id_start = 16,
        .unicode_list = NULL, .glyph_id_ofs_list = NULL, .list_length = 0, .type = LV_FONT_FMT_TXT_CMAP_FORMAT0_TINY
    },
    {
        .range_start = 95, .range_length = 1, .glyph_id_start = 42,
        .unicode_list = NULL, .glyph_id_ofs_list = NULL, .list_length = 0, .type = LV_FONT_FMT_TXT_CMAP_FORMAT0_TINY
    },
    {
        .range_start = 97, .range_length = 26, .glyph_id_start = 43,
        .unicode_list = NULL, .glyph_id_ofs_list = NULL, .list_length = 0, .type = LV_FONT_FMT_TXT_CMAP_FORMAT0_TINY
    }
};



/*--------------------
 *  ALL CUSTOM DATA
 *--------------------*/

#if LVGL_VERSION_MAJOR == 8
/*Store all the custom data of the font*/
static  lv_font_fmt_txt_glyph_cache_t cache;
#endif

#if LVGL_VERSION_MAJOR >= 8
static const lv_font_fmt_txt_dsc_t font_dsc = {
#else
static lv_font_fmt_txt_dsc_t font_dsc = {
#endif
    .glyph_bitmap = glyph_bitmap,
    .glyph_dsc = glyph_dsc,
    .cmaps = cmaps,
    .kern_dsc = NULL,
    .kern_scale = 0,
    .cmap_num = 5,
    .bpp = 4,
    .kern_classes = 0,
    .bitmap_format = 0,
#if LVGL_VERSION_MAJOR == 8
    .cache = &cache
#endif
};



/*-----------------
 *  PUBLIC FONT
 *----------------*/

/*Initialize a public general font descriptor*/
#if LVGL_VERSION_MAJOR >= 8
const lv_font_t dseg7_classic_bold_32 = {
#else
lv_font_t dseg7_classic_bold_32 = {
#endif
    .get_glyph_dsc = lv_font_get_glyph_dsc_fmt_txt,    /*Function pointer to get glyph's data*/
    .get_glyph_bitmap = lv_font_get_bitmap_fmt_txt,    /*Function pointer to get glyph's bitmap*/
    .line_height = 33,          /*The maximum line height required by the font*/
    .base_line = 0,             /*Baseline measured from the bottom of the line*/
#if !(LVGL_VERSION_MAJOR == 6 && LVGL_VERSION_MINOR == 0)
    .subpx = LV_FONT_SUBPX_NONE,
#endif
#if LV_VERSION_CHECK(7, 4, 0) || LVGL_VERSION_MAJOR >= 8
    .underline_position = -4,
    .underline_thickness = 2,
#endif
    .dsc = &font_dsc,          /*The custom font data. Will be accessed by `get_glyph_bitmap/dsc` */
#if LV_VERSION_CHECK(8, 2, 0) || LVGL_VERSION_MAJOR >= 9
    .fallback = NULL,
#endif
    .user_data = NULL,
};



#endif /*#if DSEG7_CLASSIC_BOLD_32*/

